-40.632025525850324,-50.04472370024755,-25.302375132519316,-52.22440360221242,-21.275993640957697,-49.640997235530115,-17.923878962481226,-49.80785916561447,-18.147074042498634,-49.98164281739002,-17.571696433491976,-49.0037221654524,-12.491149655900761,-49.28732183425722,-9.886659650379466,-52.15367458635777,-8.416111482432841,-51.07089699148898,-7.77886119487134,-51.123057115378515,-4.050757956986057,-48.98792094667162,-1.4562835695281016,-50.402114889200085,-1.1352508988637278,-50.22686922724655,3.8111602704819925,-49.71220538689364,2.461531839814893,-48.0915378996943,6.524223999183745,-48.559268881681874,17.85092431898305,-49.19428544784905,21.756107030157686,-49.02702008619469,20.448880888360137,-49.80885652206333,33.60477607072572,-51.4200259278432,31.556217316154786,-52.0563385502732,36.007742450065756,-48.9887146801662,38.40044008373889,-50.65499168436976,37.7442093094173,-50.71438560983243,37.499161234731076,-49.94435465784416,40.51103821682179,-50.379922445391756,44.25973465324251,-51.68134864283529,44.083205194769455,-50.11922410038568,47.55372271999839,-52.14335543723176,49.01003776713025,-50.55822258687123,49.4809056512904,-50.57414201152498,49.74753240312871,-43.96015321256529,49.97652047426544,-34.91057771032415,49.405672629247505,-33.105696793791836,50.74279571288756,-31.754981526596612,49.86171728519442,-31.124920269116135,48.969981166957645,-23.517451864620057,49.858199988230574,-24.276480213159605,51.481513275381154,-20.340723359320425,50.00013961196214,-20.494161637214685,50.104520923343365,-19.23604315057778,50.81943503386948,-6.597143561307474,48.56175811759927,-2.7287511655879153,49.30939687576514,-3.681532976255917,48.48776935364725,0.1968910259468375,51.04117501721614,0.9667639718005782,50.06564128100181,13.265785722274428,51.15184214891163,13.138042881186886,49.85219446858968,16.683827454284177,50.9718321256098,20.60767400847999,49.742872261957665,23.809817688128085,50.89234849947617,23.90342387255856,49.622842982276715,26.49470225864456,48.63732887366292,29.133127029272334,49.2993102423786,28.231652099213388,50.34041728247634,33.729241690743464,48.91164617520114,32.12222126689622,49.33852230865888,42.70592838900147,49.64140215801464,43.73198245431348,49.96363346718131,45.58891421863236,49.22036519184652,47.47633669040962,50.83388011509199,48.313792691138836,48.398291401775936,49.45283619957419,48.609650792871484,50.7589321552119,45.814080817662806,50.929399433126534,43.54695202268958,49.13040766034878,40.22342791346098,49.86756963759249,22.495103791700878,49.555242197388075,8.37713619586828,49.36289350012326,6.895246821071297,49.84895798538021,7.844626030203172,50.908642390744845,6.982421563000174,48.81904912123364,6.089943797417148,49.293755070210715,-0.9477749954495841,48.658420846051264,-4.6170576655393445,50.38691283834232,-8.332453179485308,50.50381748440943,-10.96708432105498,49.87777637381324,-13.167362142632996,49.934266852671,-13.136223266370576,49.87630919059835,-15.77960132021137,49.99341266634195,-22.406254858115876,49.33602067192479,-27.607422752272115,48.43562974581773,-30.73374196874381,49.384435723917136,-35.95463387626006,49.75119505613203,-38.055087580455584,50.282069887334394,-41.89431806606294,50.83831078362978,-41.416312147865014,51.35692792765,-43.19765943765231,48.32295434770386,-40.98876667324255,49.27187201282896,-50.21723523363116,46.5300167565565,-51.895953124427976,45.32468541197231,-50.32767490181249,36.50306753030777,-48.99445079099526,29.574685824381593,-48.443319958696776,26.581081654223002,-50.40971691734546,27.116374539569673,-50.25097929898844,16.5847719157187,-50.63908614891213,18.497767594403417,-53.00512816181576,14.126002767816033,-52.650189243506205,16.124005453087733,-50.213637007224726,14.131831565982933,-49.962766956114095,13.302750332773352,-49.75009954970644,8.354132292908613,-49.52880399274504,0.6018967064661835,-50.95921519174916,-5.459126953003824,-50.07824546439844,-6.166207255190914,-48.975306702126176,-9.081667431206501,-52.62754438661072,-18.356457749114107,-50.098602867978485,-20.300395403109807,-49.71126038607749,-18.54862244727848,-50.17791818039883,-23.16990684807359,-49.44987283705811,-23.90371924144556,-50.8768029082835,-34.43299184174886,-50.845898879728125,-36.836267260740144,-49.701601251467146,-37.762330422882194,-50.15580481181767,-39.859511900851835,-47.470987598727156,-46.844484935515645,-49.10933794736368,-45.22799624064452,-49.97968635585177,-48.58325013836494,-49.924555347372966,-47.407886495704474,-49.75921710380159,-48.79654714926986;1
-21.10061917721292,-48.85527629016038,-12.098409279407205,-49.49750566109813,-0.09914405073558819,-50.68372785917433,-0.12289022551864817,-50.93576943425907,17.732111920373985,-49.469644533261814,20.30833924827469,-50.396753526855974,20.3128272998804,-50.84520564149872,21.32875386916318,-50.0126645989189,34.88268965136472,-49.76558430218291,51.65980217710987,-34.257955839422664,49.80816444763838,-29.887628964084836,49.252841706249164,-19.307545398972252,50.05080775477603,-17.636995646569353,50.190915484667464,-6.899744863521158,50.12015895248163,-8.38279689029258,50.300170319955825,-6.352249846493518,48.85748180197786,5.650657277587123,49.79110576662522,28.5866231911822,47.8389834138745,50.93110208130356,41.28558732525426,50.88514116427073,34.245602059003346,51.25286815523329,34.51292982041801,49.701907164897285,15.488518146537498,49.924428286978944,14.131629387451428,51.5198168164222,11.185575406533161,48.60350366451186,-3.4441138054295894,49.495534137053546,-3.8399629305521694,50.876168921116225,-4.684365052758395,47.977798784175995,-14.306204012628372,50.827974642607245,-25.769905264635618,50.76201118031202,-31.22232814261036,49.79924193107,-49.81343860901172,37.410051647208256,-49.80170027987323,37.11900864580746,-50.67066228628903,34.37756378632092,-49.87817872900856,34.12948390791192,-48.80108212009849,31.185156417483945,-50.37528495009011,14.361269592545778,-49.57650564593589,-1.9226599316514406,-50.343853675571076,-6.956403143165753,-50.62000084394813,-33.30196796592778,-50.447128564786,-35.7754922951945,-49.5965083582092,-39.40642147676293,-51.094911845741045,-42.830617566941335,-49.259443548903725,-43.95370060180794,-50.266218506003625,-44.96738545330664,-51.373117320246756,-45.68484060795771,-49.15383935241497,-48.85951594083198,-48.64945402133589,-51.31228341123743,-43.03869550926605,-51.615772354703296,-26.878582291764335,-49.59109946206317;1
45.93647562089003,-52.441733800093324,45.20408056989631,-51.02477173236356,50.44430431753311,-47.9521057486765,49.66234872881086,-34.70014765365241,48.854661944215756,-28.36780823257495,51.81669697348752,-28.05138862422809,49.00111022641138,-25.510498170925466,50.28179007413926,-24.61315591642673,50.771259807313406,-17.357395856667733,48.50672884741113,-13.768141212845917,50.16888808891183,-12.232524241277456,48.730955709771145,-12.826050665355941,49.842791735449275,-6.18929411549279,52.269112107540735,-1.1590073762212332,50.42497798444621,0.12208984419750801,50.342654126025,6.78611521695839,52.97314955583853,11.333859954030933,48.96057143574005,17.81587938539884,49.972831493213036,17.978136866769376,48.560555221223375,18.90908691722962,49.07828339265837,26.300831595530664,49.75799992478897,33.18525170122879,51.18876100654554,37.17049450803942,50.66591861839061,43.755246198290244,50.70733362272476,45.1731681519521,49.12332674163123,50.575109959881644,42.48542599740025,50.25530169677198,41.92007660543057,49.737396391425726,38.40973689462839,50.11835124365063,38.63239402048975,48.98380171724787,32.29478797103661,49.76341772004227,33.97880603699632,48.88175167745482,32.827615054736626,48.49510542268457,25.931413250576178,50.59853597178048,20.649760822029588,48.62523246903506,17.403004173102637,47.06769390490629,11.410685340842596,50.033142370693945,10.817257219683308,48.767902064961255,5.967946885634525,50.72519386068063,4.015406529911304,51.53637131614767,2.8865972243100932,50.30808058426325,3.6649700703399772,49.87570516710741,-0.2575301329512552,51.07732660924823,-2.1852174222565703,51.165137004906704,-3.7061624966801623,49.278209626493776,-5.891031855394706,49.354442851067525,-4.3101311519427625,49.819125427602565,-9.191211607086613,50.136393021834536,-12.988557371502795,51.90261116864546,-22.51672291768718,50.0328332943401,-21.976018119201743,50.17233818425207,-36.095324461653966,50.46929930593589,-38.26021228728964,50.223089698555654,-44.14349196100569,49.398357304524,-44.68755980221253,50.392654445390725,-44.12585730678747,48.09093004408656,-45.53029429208551,50.43018816980734,-48.3346100393441,49.1513708880414,-49.155642264552945,49.05819963973079,-49.61279905367326,47.71605678009735,-49.02442661323102,43.00616890454725,-50.713525234284916,40.137656081437534,-49.395440834146946,32.70139292127297,-49.330464209491055,30.86890639976442,-51.2505463867457,32.575100778259234,-50.34201580248168,32.018867278171875,-49.47881968421746,26.40474711561149,-51.69188735900787,25.80450682397117,-49.23222795209148,24.328773259217094,-50.464461609388984,24.320677395219903,-50.13877576724958,25.229224288628437,-49.8967782179411,5.9371540669659675,-50.87537696070687,-1.5493103279611116,-48.07905588354428,-6.953773682055851,-49.752646675186085,-9.473104593411435,-49.37653340763886,-9.6547848233059,-50.874197890502586,-11.04721554011134,-51.294245195423905,-12.760712442534087,-47.559340627689224,-15.67731133929834,-50.49701161826133,-22.060362972765063,-49.46295258888177,-29.09783076585143,-49.40424537352173,-34.62903961201311,-50.62168110900028,-41.79456375605975,-51.49878581194819,-40.74015830620925,-49.89310640237692,-48.69629252235282,-35.901543730519464,-53.08000573827177,-34.61254689156097,-51.5054137385962,-31.294948913906893,-50.03851816985695,-28.77664962200453,-50.244274127830316,-22.601357414716507,-50.78622266746161,-24.363305155451307,-50.54607412076684,-22.962658892102795,-47.912375056728436,-20.51770741550469,-51.13850278005026,-16.89775578220704,-49.76095502110264,-16.592367979096526,-49.95574961821261,-14.019100289081706,-49.194238112028344,-7.709996068620018,-50.52988282495861,-8.120908661553202,-50.58437111668799,-3.774587088620107,-50.00589031447865,-3.3955768081985136,-51.00469135577331,-1.003816198964891,-51.18692591121082,0.31286305484454213,-50.90188145122918,2.351765377934177,-50.711692774434084,4.630672361119914,-48.94994917423319,7.724882193703091,-49.07918431477668,9.497271182099782,-47.61574819783312,11.506142717081492,-50.20602186555065,12.223137171505764,-49.772232627653,22.727688889793246,-50.01309584699357,22.61213687783198,-50.556035761038196,27.02901810410222,-49.94243559253142,23.761074845023252,-51.07004180037348,25.64714760330886,-48.588792919694406,31.44031996813586,-49.095804563837845,30.56162302156051,-48.866185237638106,34.110599377607855,-50.997030126783905,35.44000001868573,-48.988639426060764,37.31971578905688,-51.10240997552569,42.49775002118181,-50.86567627055438,44.57517058817076,-50.65576709663079;1
4.690312040527847,-49.071877541738836,20.58653631250445,-49.598694136327794,41.730311360560016,-49.53079370951368,48.303858841214385,-48.76871635349933,50.229481812273804,-43.72639237794447,49.33321599525588,-40.197579184975595,50.48602125090616,-30.139541985027737,47.94567310414682,-21.807340904994362,47.104234046563896,-17.90769535512411,49.41066571636312,-11.010815801458588,49.96191423277982,-1.7773176894631162,51.28615627204542,-1.8417797203796622,48.84637745218097,0.06973477389703052,50.94250304673609,1.392985720486473,49.54087673977159,1.9829958089853856,50.84601215914771,15.01128081975433,49.19161998035721,18.444314453797354,49.512316268496065,21.320400999243528,50.2513882027897,25.371623961464728,48.85634503684603,40.591164146130296,45.439198938064735,50.8883358854371,44.282925310299454,51.26919244564379,1.2132614993609765,50.27037690335053,-4.7938167708161785,49.336296294224354,-7.823403830683081,50.24505550281359,-23.372765529330355,49.64427505313892,-25.728295898893716,50.17594318213926,-43.70746361916653,49.365906952183565,-50.13368054113891,32.6389098984147,-51.3002253384487,32.01004113249995,-51.053687421666794,27.08121585606547,-49.991479288869485,16.01270555361037,-51.87120246910464,13.857791927982243,-50.93330127930317,4.269734245924287,-50.9120631857482,-0.8717128184585087,-50.944589389223964,-10.849848183677711,-49.32186899292343,-14.075812039466566,-51.09506467743649,-13.02420064872286,-50.369045602351015,-21.52814219143565,-48.15300154073204,-25.26119409398806,-48.721480005012,-30.039672880639092,-49.267888869678934,-32.42636665575098,-49.42406202777026,-49.81618325399227,-49.04491183721464,-52.33661316749392,-44.339398169839505,-48.94580156349162,-30.01207073548632,-48.76451699093819,-22.96768083087957,-48.824235140675235,-21.641443805683583,-50.38190781916565,-17.63472466259719,-50.31810737007338,0.003473003695294574,-51.00390205883559;1
-48.728181382674094,6.352355467025517,-49.8415304630284,-0.009916983667471957,-48.83581243934135,-2.75733984143284,-48.62007990295021,-9.054558705452903,-49.204766050706965,-9.980910038092006,-50.90543813673446,-9.56972866874154,-49.06534993695311,-20.34610187222524,-51.09712188354982,-20.528196069147732,-52.37977527398701,-21.60768369149111,-51.07529009030374,-20.97759493340774,-50.56487529681289,-32.54292905059267,-49.12915822106689,-35.17521052684875,-49.95139699331062,-36.81135379676482,-49.79068651152538,-38.37444491650628,-49.045301402749075,-42.47675233748954,-50.495818519936456,-44.17146460961869,-50.94436859941032,-49.71913532458188,-49.26175288870245,-49.34924676897791,-46.385259370426105,-50.12656859467426,-39.421125752926145,-50.207181677186206,-34.96993291826123,-50.33617983963529,-28.91873622904999,-50.24052417744038,-25.96782067444355,-49.57415328694726,-24.682964888858343,-50.43388637923051,-21.416227530235822,-49.120101004231785,-17.625406767627222,-50.45104290941194,-9.386467371887344,-50.2101565629594,-5.591941834271658,-48.26760149487586,-1.349447957664429,-51.23313682252532,0.7182743889567151,-49.48344036755251,1.6738014915009347,-48.97354503112754,1.318851570932678,-51.96601472110664,4.040906366795014,-50.40865031226243,2.792599539168241,-51.16829028209955,5.128373331539917,-49.81916668670661,4.3029020346605815,-49.149613129067035,5.323099054877335,-51.12511459070718,5.147048719873349,-51.10457461439497,7.708904201573772,-50.89097573219299,9.038635212979317,-50.48084914255058,16.920020510876306,-49.35020966389564,24.401276893773172,-48.44406208488883,25.11492217981462,-49.78762971262602,27.491619771617344,-48.99401800769209,36.53179086270106,-50.59360180371538,36.76410566508479,-50.329566538899506,36.828885005084864,-49.815715242373855,43.598823182419565,-49.1048956227791,43.50414763545999,-50.69539690875648,47.88058855852572,-51.044823703882,50.36063798376577,-44.514904299198626,50.05517757040402,-42.440264877024894,49.85475326297808,-35.49192669993616,52.20356401873022,-34.922365669770386,51.617241209986034,-27.9320278066227,52.115735840771805,-25.241258673892194,49.74780249251277,-25.282082828254644,50.22225174651863,-22.9463995960936,49.366141856496576,-23.370602189967293,49.536455029431735,-19.331452555095215,49.409616613645795,-15.35003972402305,51.38096812983623,-10.971753076402296,49.072917805407926,-4.656258549755595,51.0115617418252,-1.2086008137046158,49.71675370907439,0.04947654298066868,49.73868795765576,1.8767424821475354,49.51712131392321,7.0145815389494865,49.52733718446429,11.096267943928948,51.229213395113696,15.599877514151107,49.60058572372836,13.535816438539245,48.61613372018234,20.125322152815617,49.597130218951605,21.45790621660737,51.91728485293923,23.319883759440973,49.805426006771064,23.419404828411114,48.90408399667707,26.79975553676068,51.06569976946046,29.126261562532296,50.98171066260779,30.764032883557352,50.183626318747315,33.19786900148989,48.69346132767632,36.68912908440631,49.00908677918526,38.91525157276769,52.18584815080166,40.08403339269976,48.821043979529286,41.15605606286927,49.80999816552134,45.745444506417925,51.968719388660965,47.67290642852929,49.6047405488468,46.00192521179946,49.33694999189765,47.903654762549714,49.07619266507103,50.193368511068705,49.657464159446306,49.96603471487571,42.59960701411878,50.64931447970561,34.37841955484724,48.07020465519721,28.233873590569267,49.699534693206175,25.255770299259964,49.658744005442955,19.134517124825845,51.86956551989485,16.0570571633461,49.570233245254286,12.772809852105473,50.77399925869634,12.248129242060426,49.88625491956385,10.713086799808089,50.052370602334335,9.61377135890177,49.82728013726382,7.898349018393835,49.9803637791878,0.2426731978095983,50.4228484666967,-2.334539354389486,50.327939113171674,-2.2768091581846743,51.1338433230995,-4.498189746496363,48.269662059633106,-10.207353937894881,51.1091745750476,-14.212865903575427,49.5774825775402,-13.006316218669053,48.91737382248626,-22.9349651063542,50.59016317051232,-28.148072374032974,48.966649830453555,-39.24621208685527,51.49455700100338,-42.778421820433536,49.91011558799898,-41.56877599814196,49.53475126730415,-48.202064578576916,52.78680359242624,-48.98742066258492,44.358790826857536,-47.222865321425324,38.92473424563215,-48.55406713828686,37.012459977955906,-50.27564461716744,34.632514463108514,-49.11561218254961,29.282367368481847,-48.80548374036154,21.50127927514745,-50.080739613550044,20.93787140303653,-49.39116278069485,15.097538995519956;1
-49.636624107953985,-47.9255158312151,-46.999946775191646,-49.04146122853229,-42.05779773377961,-49.4310113955626,-41.071093050988964,-48.77361200749876,-22.368998235800092,-50.96330626449966,-21.21078037875845,-48.307459633976165,-18.8937341797396,-51.61277830401036,-9.264878590614742,-50.213137369845114,-6.184308234310812,-49.57615607758736,14.27693831486027,-50.04241935847637,22.092393973444015,-50.74412559486153,29.84530529449412,-49.44153323956622,34.47764360805791,-50.89264319088386,50.62412593842408,-47.805183519380414,50.21228005651598,-44.50764615035864,51.667453180088394,-41.90475993220515,49.4796992865727,-38.432390572542786,50.27836227145762,-36.729092664704815,49.08637877183912,-31.64110003402765,49.464916036538376,-25.954997262405897,51.69688073767886,-13.111707603270904,49.6299881193214,-6.101270897637969,49.545731242314965,-4.884921552553237,49.688305235625904,-3.8496646740201435,50.97847236680099,8.661592017594812,50.46084991623356,13.947301951272978,47.1007822660773,31.234423743039443,50.66670257944378,40.33828423303817,47.18510509097205,52.61107548306714,46.37144660210291,48.58229553350753,45.571432497673065,50.48784904704184,44.580950516151844,49.576223871655706,42.41345756281915,49.43143397204146,40.15897075329235,50.31910959223149,22.19728041847412,50.04296075754055,18.746045993800685,50.429849971181845,-5.689995821650132,50.984878753532435,-3.97314234849672,49.23783805147814,-7.042756821322234,49.55960815932588,-25.201994971506966,50.514404707322136,-36.538819417541426,47.66515951407873,-45.18684664033296,50.95155684827007,-49.179453405160565,37.03172545823869,-48.95233131549452,25.489170337812993,-49.91883110621095,-4.866481801693063,-49.69108073635424,-12.201700634722378,-48.714927635931055,-12.803974517387237,-49.82047052798491,-26.623862201897154,-49.91851324381566,-34.850194537898695,-49.12719761769377,-38.25865877654986;1
-32.270572379246566,50.75821908545917,-33.977556980518735,49.24766752693888,-32.732392560796555,48.74274201858575,-39.6686852097089,51.09865845740729,-46.95807611172921,50.21818423439274,-50.922766531108685,48.657231173563595,-50.55058935859747,46.98855526939801,-49.19254983682384,43.589421684526286,-48.279599911903496,46.15351437140639,-48.908842928729534,31.560502453246862,-50.635077402510646,30.62057450424145,-51.64966094884282,31.44514335259214,-50.62337280812212,28.53478692795258,-49.495985843740975,29.321946628422307,-49.92581328046044,26.445188506535022,-49.531755814847045,26.17958678006945,-49.310288127627274,24.787690232713373,-50.597712414161094,16.99614521399461,-47.85834979119628,17.604429581094845,-50.52321246401195,17.693583313520264,-50.8958347702999,14.319293096599385,-50.90600467337177,8.437564639639984,-51.449793985117665,7.433899793842043,-51.67570688304409,-7.837416763746209,-50.05541584226628,-9.817846444622717,-49.70919213177484,-11.924297069915205,-51.21762865599048,-14.642312570141,-49.94093850845544,-14.675294408411759,-51.41127075439686,-16.36418423373513,-50.33147684598498,-20.918457644343135,-49.376672461223656,-39.701512254613434,-50.8663420223151,-39.903894710956706,-50.72966969070382,-42.28054375497731,-51.297200826426,-43.00364022256313,-50.48037560370342,-45.718856700323975,-50.62329369490555,-49.684121197608086,-46.99216180899144,-48.7802275674003,-42.0855141765615,-50.03454912928216,-41.15696824218923,-49.747713088799614,-35.17491330618127,-50.8682265030718,-26.25095833149537,-50.32510415461862,-24.29711745639561,-48.35687287013377,-24.239549159450515,-50.325223528541734,-17.642893567044435,-48.669073539121655,-16.231054912844527,-48.22652344951624,-13.41620972324184,-49.48390163298105,-15.07535526513105,-49.50713723033535,-10.945682774854905,-49.00606364890514,-8.758250049867483,-48.82349583892724,-7.3163737161780515,-50.05794967581033,-6.678283945788709,-50.20253915039596,-8.291109455086039,-50.33648647817195,4.057838180510516,-50.705649356800606,5.037976170482628,-50.3886076695023,10.052746828258524,-49.92445254935414,11.24911618885153,-49.5709626812239,14.051190844954593,-49.665583991892724,13.222739662864893,-49.41810182213523,17.11922693863706,-50.95109353590426,19.37589293088202,-49.16934876577981,21.080594464042917,-51.18048034401575,24.291545097530403,-49.97453875001626,25.5976591089101,-49.73287142200548,25.100376732720104,-49.38881698012343,25.897900862083294,-52.31219475009229,31.991197973842418,-50.24528413156597,32.69874744303573,-49.44478422070853,36.1721554397847,-51.56719775219396,42.50591600373486,-50.715934720904,44.02013611947128,-48.64712647017916,51.57232035373609,-50.312758891508544,50.36455497250219,-43.11611023334212,48.88388329062001,-38.6283580882336,50.69170232802613,-39.328555368719165,50.289819449054406,-35.65494682613335,51.34303449610476,-32.36111715058256,48.583644682132764,-28.47068270807592,51.06162335628029,-27.59623798682081,49.29640118944547,-26.090622477435463,50.930415881781876,-26.51160938724338,49.108043468527384,-24.038344709058485,49.08918532432475,-23.845231286821935,50.6668163798642,-24.46325206942155,50.22878157008333,-20.331872910442303,48.08867617329926,-22.361573796516353,50.79973165673956,-20.093394666545095,50.49698048757408,-18.35924321770589,49.512921949774025,-7.5422485931442775,49.31892739741477,-6.784632145915838,50.360332908637076,-2.0350174740447318,49.98807809021209,0.3135294271736817,48.74042326582694,5.253648605105894,50.69206891168145,5.586298574276542,51.0504516388274,11.21562219174768,50.132594588743224,11.759202286623022,49.12495874158387,23.575372790831878,50.34021844339714,35.089313249621,48.59635291290196,36.357378167155666,50.372813257820376,42.48190174652652,51.33784464019994,44.11514892570595,50.623466133014574,48.07656250495924,50.712481832894845,48.048049862814466,51.22453400156918,47.7357828418225,49.01231075362733,50.01845403331744,47.01474805068549,49.93978667136177,43.251740569997835,48.245014822218415,36.403693036217796,50.27009403529823,32.38636416590032,48.640994947944634,22.14457791346175,49.75061437062523,15.77229088786667,51.171626768523716,15.810619318707266,49.669137753549315,16.82337434933988,50.0580789206137,13.71515987093892,50.706190774478934,-0.6340351568118796,49.44982238940189,-1.4742515564690786,49.826875231355615,-6.509180313147638,50.51642625780773,-12.466562627725892,49.79350563353135,-16.32026673904173,51.616142808360244,-21.72383450333092,49.56140245489879,-28.36692828392689,50.19606412774753;1
15.699227702539302,-50.88029737782236,18.565887848125776,-50.06610778852347,21.698554040746906,-50.27034567011761,22.09464599630289,-50.83453340331872,23.882991542946264,-50.97568858207061,41.87504333808728,-49.21080624965102,50.234839265162336,-47.03923917155162,49.39907805743161,-36.87416466391683,50.03794774745431,-14.915652763368964,51.50747187963182,3.183678077234781,49.40566817171578,15.489959327676344,49.30839972621676,26.91206781757152,50.688966203417905,34.0513317359783,49.92282939379062,36.726772724157065,50.76752164025507,40.99346654058956,51.987637548999764,40.349713518730105,50.967063084092395,42.461898965574235,49.43530832900767,45.03993667027735,51.656424293943694,45.11381552784232,46.485339989254214,50.047041605503416,39.13913329546314,48.306151027888376,31.879756164542844,51.08916843684599,0.16005512377583092,49.791236912028765,-2.4162023678086997,49.99026842680574,-7.369236844041146,50.598988325799354,-10.63876005228796,48.68113003655391,-26.35612727350661,49.42029332552708,-40.37142602679639,48.813489218528744,-49.56537227922294,39.5178439827557,-50.06366560255097,40.2503233538224,-52.22713520738778,35.670963230939186,-51.32627054208105,25.055269829943715,-49.38748106613193,10.849517332466842,-49.40527485023068,6.455038061721368,-48.445467383036,3.2728339413204925,-49.508755369264875,1.5061151421485839,-51.40670289902612,3.143088937460889,-49.79092482923354,-14.592301511194185,-50.31100021927456,-24.05276657948502,-50.129181974830246,-31.005369207680868,-49.73222439065775,-42.48036092636689,-51.661802508554324,-38.98398073075031,-49.80318437811259,-49.70928179532728,-49.99460868894037,-49.978837851016856,-43.25913525231821,-49.7658768014976,-26.91041525045258,-49.51310471707657,-25.364402477917128,-51.12642590800905,-12.161472226718613,-49.541639641533024,-8.333193307623603,-48.158928090044604,-5.412400951362931,-52.339630754345514;1
-18.712539023315088,50.04127783156629,-20.322504112543623,50.408201163860056,-26.648066552427963,49.04593818002795,-43.88444387012678,46.65390080330801,-48.80808291963436,46.40240421135928,-49.28684118263239,41.045016652164136,-50.81308299545798,40.565395246128396,-48.94370637039151,37.03048047181226,-49.3004936229958,35.60086551350074,-50.759580895855485,34.57700779837436,-49.98932693948832,35.48265984582159,-49.455408455635,29.57528910982636,-50.577126103902536,28.68419356377652,-50.46068780243012,28.263818675660655,-53.21604897924074,23.05178720698177,-50.28901287792948,21.385931153537467,-50.63479183377025,13.385034576914524,-49.545662821911236,7.814725192793723,-48.779798619952125,3.2371383179654636,-49.84643435502161,0.3688165317686968,-51.24328776699563,1.0132224442331248,-49.6210917797943,-1.9746284281441566,-48.99401873797594,-4.191611393599393,-52.25654872658429,-8.400310617365607,-49.77783639742962,-11.271080028390687,-47.52777824740645,-8.318060212608309,-49.25348958690687,-11.410507254111117,-50.118152332935935,-9.804869338324904,-49.21195558169125,-10.301474224959131,-51.11181523712847,-13.454471296846316,-50.83232543359953,-13.782370370702235,-49.699561147182074,-16.77579428068465,-48.9764613574702,-20.47442257278291,-49.800764132667304,-24.889076279218354,-51.18376088458095,-26.89779473101094,-47.61045817765572,-30.518298859236207,-50.648398351604314,-31.752975788916554,-48.00215154320051,-31.971531535794924,-49.692078887023364,-31.053404394572382,-50.99440087532369,-41.488103729250575,-48.73202094575173,-42.0599426290141,-49.713917405938105,-42.15915318425557,-49.25375729772501,-42.582465962138194,-50.14900053776697,-43.54861943830338,-50.16078572143554,-48.374905922392145,-50.4227267314483,-50.10471377032323,-46.52644982541397,-49.97985653046622,-44.03928850426181,-49.91541817675189,-44.29860566954841,-50.24515445252914,-41.62576039107174,-51.39898504495772,-36.93272746154662,-50.02786025565111,-34.74333552530466,-50.69786887953445,-31.463459905809433,-51.644281500412596,-29.57352119475248,-49.90271832325015,-29.25935896202607,-49.95622138091823,-29.485275037322715,-49.5061157700535,-21.475620787090534,-49.750435105694876,-21.64742922754613,-49.886853358236394,-18.167727796990935,-51.0541109673115,-13.646466961525585,-50.81747632788573,-11.007724124428304,-48.79046268835973,-9.630221552001073,-50.054909162396264,-4.091073568731705,-48.89608785409554,-3.2875741103963385,-50.11568567266078,-0.7907264559048137,-49.24707489675154,2.764635935727964,-49.97021565286436,8.035300636048817,-47.74189640256737,10.488372956891403,-51.11688399454659,13.915732964216366,-49.16043758498378,24.899798639573397,-50.623081905703934,32.478554649579394,-49.305725974974585,35.99166862593702,-52.25086544771578,34.47877297585613,-51.15534880337809,41.987742225166876,-50.535347246894155,46.952134258796704,-48.584540499374,47.27176126956558,-51.50507758764581,48.77397938672407,-47.96221618617732,50.19687357446024,-47.394508797562864,51.241418849828484,-43.32962252119293,49.175097705115576,-42.98137720227938,50.52021689512097,-38.83519368172702,49.61276031424306,-34.50843394575753,49.85794266746348,-32.64437829667576,51.483517893160524,-27.702464737639364,49.449412416208496,-28.110535810423244,49.81927425732119,-18.515501949956473,50.17837555015433,-16.40848616295293,49.687387924896065,-16.774367136819798,50.307676716011095,-16.239958319406238,49.34385451296535,-8.188012570378334,49.76545499802949,-6.272831989258453,49.80234119893731,-3.088049013031391,49.57950629670992,-3.22412176699508,51.20275952572049,0.8923288047216775,49.536563426689945,3.290576073962799,50.51061859512768,10.555536241314892,47.83027829141183,17.386355046165548,50.75420014599567,18.65586027157842,49.73513235204661,19.122939265666087,50.11775658614092,22.59695547664051,50.10254126124803,24.658076405700726,48.58421818596529,31.96501189617419,49.21290008705206,41.45347001615313,49.22381806154281,49.50917435628645,50.25210647749395,49.907695995687796,43.89872935191001,49.62621166469624,35.261651867187055,50.11192590217074,31.677585096092283,48.569174907343495,30.402283275909223,49.43331664305582,25.37451138976938,47.20517429567431,23.820367746018967,51.97363722145947,21.321963058756975,50.31552095356136,19.07708807552143,48.78803521655046,6.9413462091069364,50.89304222497388,3.168596002703209,49.854140868805246,0.8469347087061976,50.12168604084867,-4.473498784643148,49.00436183343959,-15.009219049678391,49.94184914517665,-17.855687517175692,49.57880746826821,-19.04755004552991,49.20263443682508;1
-38.745504561395975,-49.85937499077892,-28.228196730312085,-51.19135916409028,-2.0531323292293857,-49.72558473824847,1.8314207278906094,-49.32432695448273,4.998058463747481,-51.151827647301516,7.465619989106259,-50.80030266484272,10.678909437462663,-50.93345255396041,12.326229798851168,-50.54394632833902,15.915852695194035,-49.66452751013139,49.69651943684536,-33.09508099639242,49.87339747252335,-29.48321262490382,50.711302817848136,-30.87477038314573,50.519367642501514,-26.915610583950745,52.522806988438106,-21.679768503713206,50.84386107157981,-22.84166462357866,50.08270130463416,-13.649134809958909,51.40949882391659,-8.665897354460396,50.97676348190956,30.93247924325249,50.33226819750771,33.627029725456744,51.10587168841653,34.25736167747448,50.13940246683379,36.74037289035583,46.57439783762195,49.72979533598083,42.83433472538977,50.611552250315576,36.66033031420383,49.78714866032774,28.42892809970091,50.055589126421296,29.175930688963852,50.98863133277847,23.03892244963364,49.73146289419869,16.717217461413895,50.77430609905758,12.598540793297103,50.802904004016575,8.421245791107847,52.67141463053833,4.153226669379509,49.47310545623011,1.1127606415733284,48.94379901309993,-0.17798576436516356,49.6475524463991,-2.020683919309324,50.35868535287296,-11.37242838904472,47.976036290025775,-25.10161668498865,49.39348524426049,-23.53884612765795,49.78106284883228,-27.422390473225256,51.5079368698454,-44.54391810326417,50.037512239212916,-46.140320506149536,49.99615512795051,-50.38214642597661,37.950102474266814,-49.15971068256007,32.032750558486654,-52.036605998146364,3.7477537693618626,-49.951286897329645,2.5918178863993133,-50.609969545633064,-5.62925222734287,-51.14154904031214,-9.963845378524853,-50.20917438690946,-29.547477933267572,-50.56386563402983,-30.995542294225892,-49.14988450126311,-34.11373521898888,-49.520007751001955,-44.439126138132345;1
19.590131132100105,-48.74760140501634,23.46956276253479,-49.67307835261469,25.808543206367528,-51.41306799748221,29.523305085099416,-49.65268219909442,26.11264048734457,-51.05961724517246,29.34795146080345,-51.55866445288195,28.004958973534254,-47.378847481791176,34.65911357620741,-50.16209415673595,39.432959507954344,-50.00449345827729,41.13527861297912,-50.60772585891859,46.619125183408904,-49.33640704675409,51.49161383355632,-38.18764498374929,50.636502578255715,-36.382491866192396,49.898025315943094,-32.316080824376556,48.223551797454355,-27.439482167191997,52.05015817057467,-26.854226014155827,49.25050979335011,-25.310140772597737,48.760319399176055,-22.593478814952448,49.561827156109544,-16.718567236439593,49.793780340383684,-14.330548173471696,48.923114871110734,-14.69972720084128,50.50302377707968,-11.095579151458505,48.478858928799994,-8.763898088952503,50.697148061892534,-7.19580127637727,50.11989140827751,-4.236004612239896,49.667346177497336,0.022950526444911235,50.0554338954268,6.362757981140369,50.29685104683126,7.406953926812669,50.22088225858002,8.989914368124936,49.228599741147534,15.458384477111933,51.763625349654184,26.349187439637074,49.857314489977036,27.065895264307695,50.026566472890224,27.729287477770562,50.29620639009517,33.364766734539856,48.69572418937087,35.38600302341023,48.24101493721368,49.44944093107045,50.63862557365742,49.686179586225755,44.91308414602875,51.04077324367575,34.33042591926382,49.67576147702673,31.350955495468863,50.473319972923115,29.320596708162114,51.083052282527596,18.537256699244345,51.30469824923525,15.834215876375737,48.70541054771858,12.241390262098845,52.265484747748886,12.680530737154346,50.33833141749958,10.704547434030891,51.65576779725397,6.036691864457841,49.79113330440954,6.313803577071765,49.72690200839933,3.594930308547612,50.206723877454635,2.3442706503778767,48.62784132770838,0.9794610010179011,48.70328019582027,-6.550646764558388,51.12348184730167,-15.494119033701677,51.320668937804925,-18.31387980994563,50.98649148762029,-20.278988791193868,49.46877255979001,-21.944385033719062,51.72958494015736,-24.188991924188585,50.59830942004606,-32.19743404687573,49.59822934306822,-34.102964167849656,49.81703246749568,-35.0871218680756,50.85484213218371,-35.75730834849059,49.71040037038745,-39.338991286759956,49.9311919065903,-40.43961620235155,50.695015981276285,-42.93446509390326,51.35481798829583,-49.52316763973617,44.407221137380525,-47.646825287925054,45.51925986039762,-50.296466053385586,36.0853650638233,-49.567542142135274,34.25089215707057,-50.325541954100174,30.638347980229113,-48.70058809550067,28.54116284666097,-51.255042713253275,11.650631758511592,-49.7590674129376,11.183412872552235,-49.433174640686936,6.659714424130481,-48.81941977189362,5.485411247926831,-48.870451860540086,6.448567443037292,-51.01042473377542,5.049957190637778,-49.36743964408561,6.145768188641081,-51.02404888253278,6.897229051671253,-50.113878967101236,0.9580328999185816,-49.31633410636409,-1.8430332091756025,-48.693230755407185,-3.627358251165624,-48.91090934704841,-7.411181417360792,-49.97860247046041,-6.241606963732176,-49.27975523079448,-10.293591030273054,-50.154933297524835,-12.410758678699507,-49.141403345458244,-14.224508981955617,-50.134390432879684,-14.626607557093822,-50.69145798196259,-17.995278391243094,-49.01522006574727,-18.781284190326737,-49.74975711469429,-20.056101706414818,-50.50012824204816,-31.836181512648057,-48.949340473327965,-44.10950696499273,-49.475637576173916,-45.538142620496906,-48.37445301182632,-44.90672183735935,-47.214233917007284,-46.73090412052126,-47.976484075607004,-49.3507216187294,-44.926280948918105,-49.37257080910624,-41.955132018257835,-49.578966017164305,-39.18896206791155,-50.53123785856429,-37.44065350573731,-50.360767635577474,-36.31647742229945,-49.85688970660553,-34.92807469679196,-51.694390206277106,-32.818448350858425,-51.085722710535,-34.286064353383566,-50.54531473936256,-31.60098958568043,-48.26592628252434,-31.7220263684786,-48.82840907436091,-26.566280120523423,-51.18445888149253,-18.95619045938406,-48.990288632655194,-16.905971402051538,-47.65549777887966,-10.174390966306168,-49.17594822356795,-10.075200025215452,-49.532243626425576,-5.629760079479808,-50.842304319970125,-4.837410370969894,-49.3716318810102,0.561534686891421,-49.46726891987573,2.530140569893046,-50.35013254849112,3.1827723870596487,-49.83941419565633,4.290688886325164,-50.410847284091076,11.597251034185533,-49.772912343754804,13.233605985895215,-50.643582622444626,21.111840171023356,-51.08944297006615;1
2.9255596767598733,49.866104891473,-2.988504897207853,49.229101394263715,-11.02872327713156,49.61331907394358,-21.70551240643887,49.44880978625352,-30.500501107556186,49.888540803307485,-33.108754866250244,48.59679397404033,-49.77551630930711,50.53594859611462,-50.01834142295492,49.294978889506794,-50.86536271792628,24.89147008549947,-50.640919050728805,24.649504959105666,-50.13748226078256,20.375284207258982,-48.19077020683892,18.014540145763508,-51.05203102193548,14.605342563938706,-49.84161257650049,12.531948640251034,-51.77932032444497,11.648393199758175,-50.93387831813401,-12.051345501464668,-50.259816996269244,-20.508893695250894,-51.51844182816872,-33.47392297310206,-48.50690316858898,-40.1848904816196,-28.487826208905542,-51.7117041465366,-22.842702522941593,-49.72256689432244,-16.414957447180452,-49.38076848304781,-14.408592302214814,-49.92871809072039,16.44771385004203,-49.98435704783405,20.102022516191912,-49.784118199648226,29.431734716079365,-50.348321823860026,29.000697654132136,-49.135382045132964,31.431887438788255,-49.764746239275716,39.20981808711657,-49.74322082587761,40.55317298934965,-51.01250808243326,40.78756826146915,-50.19995190074182,41.88113210688501,-50.75618269496598,44.08005512847182,-49.76812398756363,50.113888276503545,-40.80888864365721,51.0878452820788,-26.07894712136838,49.78310944644765,-23.512029078443984,50.79918412470058,-11.700735401194436,49.76241398468164,-9.76519010854695,51.34407699342332,-7.751697862821906,49.1366318830404,-3.8485127454985197,49.8571256419622,11.834500394972952,49.89351936927942,18.56153604103401,49.136986143404854,22.05108591677738,49.47075265976702,24.494183071784164,50.555519944260624,39.985797349609804,52.199702940291196,41.86499179005963,18.765111384549733,49.50293276525531,14.394264557422193,49.78995236643397,7.586193572221066,49.89764018383306,4.399982347806052,49.80482037390558;1
51.93357081559409,-48.61858912233795,50.19231598579089,-45.316670508654965,48.82304511340588,-46.15668248261341,50.5914978536185,-43.12456547536605,50.43157028436524,-40.18406428087033,48.74552980378673,-39.437951938779655,51.6770072482388,-38.55099614416822,48.365871513357966,-37.132782763117355,49.468523102004966,-37.25494726034004,50.93016889458922,-35.234615099540015,49.63554327394956,-35.34039169777538,50.172911850995256,-29.80262833767787,51.130136520492336,-31.674362268733468,49.72251584487798,-29.32813658268831,51.34057003664173,-27.455250441948152,49.52200536367831,-20.30134179166923,48.444424959529954,-19.221720642411363,51.48518919331717,-14.821639996535342,49.80704000037134,-12.577014716003163,48.99013919764995,-9.517547197096514,49.22441336288933,-3.818019363252069,49.48558198406668,-2.9269519935972763,49.94311251362032,1.3759619327359625,47.72911796259369,6.0554725531395315,50.77236679877118,6.302621228537575,49.070328381592695,6.422311839539159,50.74780652227509,9.303641574828552,49.09407957612887,8.52795737019376,51.144930724114616,8.42288446265331,51.43714417778078,13.385230728887354,50.093695196470094,15.207662520122033,49.68138571255612,19.51743074167588,51.844882832167954,21.867326483562586,49.780161663856966,24.18925603570771,48.74073579742538,29.06639095461862,49.6731142613997,31.22804600335664,50.18313238927233,32.844738686507206,49.96634298907204,33.23027690892791,51.27142206034215,34.59755802255863,50.76842734666459,35.67137907491151,50.084636064046784,38.29822709549897,51.022594471293836,34.50924151459537,51.084846567629626,46.64033545920912,49.18401476654362,47.237363428768525,51.12665435139297,51.320345263122135,46.02030796665124,49.165393646311585,47.32646964928406,48.75504088790439,46.47712462470371,49.22011129312791,42.425084001966,50.81795101361679,38.34383913857477,48.503284358397806,35.85102270271005,50.1795372302546,36.9023834532951,50.4661220410502,24.01558925334469,49.307254921951284,13.65672454951795,50.68638819532122,11.119709003848413,49.6229206406632,10.13646530829012,48.93523446287116,9.853430954443162,49.453972654321745,4.133910027870496,49.62803438398774,3.1563422697301116,49.91388659950414,3.239779696867476,51.34024812976885,1.2699495113450656,49.69126938707576,-2.9166210281025036,48.64049452194616,-6.041818717443793,48.99220942375602,-9.158526627674856,50.67628186045483,-9.515310308153431,49.492914085803825,-17.886245800768094,51.578169127661205,-24.338341523584276,49.14281550170838,-30.302206090924788,49.490770434007025,-41.699388170285836,49.28791921338064,-48.56270308118915,49.31921076949797,-49.365447246502136,49.23555753745837,-50.44469402123156,49.89573119052854,-50.29997310051617,49.68578405450852,-50.74270327906379,50.7697877237501,-50.77404396641254,42.25451291319357,-48.75744261735464,42.29609625797705,-50.434209246529115,36.53281901673795,-49.033854080362595,27.619121303374513,-50.457164150838636,25.10788934391332,-50.408634734575685,22.828669745695592,-50.103632510779626,23.88250604783163,-48.2730350727115,21.45041187942713,-49.89226100263463,18.899563215683255,-51.36620035308114,17.323626163122324,-51.16132569409093,15.04111922281765,-49.41107063726562,16.13333357266743,-50.53353357379386,-1.2375951529314526,-49.89673838400295,-6.285045983868768,-50.26900639480631,-22.585957244064026,-49.75714619068115,-23.93319257737527,-49.89445526754417,-26.416635818821486,-48.46566013099438,-33.91854498930688,-50.94291707419909,-38.517348323417366,-51.15441491815053,-40.24197320468261,-47.6170438884686,-47.19394346042969,-40.76668298823862,-50.021963362392654,-30.488463737205443,-47.58689815059921,-26.117964000801024,-51.51275284518675,-23.49772734961346,-49.47534775514081,-22.090919844878186,-50.218851047797905,-5.411307881151438,-50.454190436847114,-1.5312145824055015,-50.31024591269998,3.4076531171444113,-49.27473354251711,5.593130139618008,-48.65069434090475,7.679086432150861,-48.80828366552702,9.303623388741556,-48.7280441536193,8.74995804281969,-49.039549959423674,9.845009049335218,-51.79610989167894,15.056402228135218,-48.36925005441499,21.322459383433603,-51.687399837281454,23.076691919225325,-49.977216118025574,22.598674615654154,-48.40229598769154,26.11352906476218,-49.78704755958855,30.637968434027425,-52.33595952201376,32.76246655028797,-51.65688431631026,39.846377391335835,-51.51542262885845,40.50196179682686,-50.552255870615284,47.312075625755334,-51.44138217856653,49.691572837540605,-50.648836799923075,49.93654538026998,-48.60557503984986;1
49.22057024141965,29.34349457313863,50.750794764254394,28.55041959747495,38.69285051857481,50.813493553085,21.915756561483985,48.52352251241561,20.079795979923343,49.12804578077257,13.84741650926577,49.69979719687053,7.10945918232752,49.01533680779165,5.941984300871284,52.350273208238406,5.088093645441379,50.665795222243226,-4.9895010043260335,50.15484640678509,-5.252591780869418,49.539640765967285,-8.210304879719873,48.67086803410887,-15.198631541459804,50.32893441555366,-30.313097894989397,49.734067925567814,-41.15162964966204,49.65011015742507,-46.21637382686421,49.935202779176706,-48.501351567003546,45.24603760884645,-51.634034766128785,44.12150281710853,-49.980026138260946,36.372359782735316,-49.70744798535092,23.85521283892702,-50.15826767800063,20.03535631777828,-50.390287112400294,17.59191091091493,-51.382330059614,19.486764553091785,-48.41992509834616,13.753419643652085,-49.470229204870726,8.737937635387743,-49.960896038041895,6.05618705890806,-51.641686935404984,-5.009079350200872,-51.61405568267212,-23.434006718120393,-51.020828233527894,-28.658260288275237,-52.11883342380774,-38.371901773723245,-49.74946835206812,-40.178578738549426,-49.05506671717902,-50.69081678530063,-38.45059872378938,-50.68808746203961,-34.16816587489348,-50.76525104742547,-27.75255076962764,-49.770989027883914,-27.566472525441863,-49.79819082858435,26.38527472939873,-50.10800295870811,23.023551950748878,-48.58920364357196,26.579068899864573,-49.390970136803155,49.100370173717764,-38.68111913086513,50.992913023202696,-30.156472008128205,49.76305635388823,-26.117659011282058,51.86508351503027,-23.836134892847927,51.203007623436505,-9.972865392663856,48.52922541516274,-4.516199389221894,50.34344927347391,-0.09140491185018629,50.46192961724105,2.759969578553269,51.20347645697105,11.002029975116832,51.19999390526376,15.434542595060417,50.481439986628494,26.715997685832775;1
48.15760769880858,-50.067050646819624,48.52762721297245,-48.61887804420962,50.17307869619593,-49.31940829989193,49.094881625449766,-46.99415695755584,47.36490447855244,-45.04063726462093,50.725500243739546,-42.91991872014451,49.17374420090893,-31.980930204067054,50.59686937938708,-25.722152463263846,50.27480539476921,-23.728789069142213,49.25298097228028,-17.192021861142983,49.445174987211665,-11.147216508608576,49.68452988381013,-12.314661896634457,50.623018417956025,-11.561976271955652,49.78828980001655,-10.54448708936235,51.695367633833534,-6.1825040574259855,48.7100165005034,4.836206331135411,50.80505083109466,5.7800265174358305,49.6689860221383,9.18032162116313,50.25998605153592,18.803348088521325,48.66541885074405,22.605731062366285,48.984437234702895,26.22951144849141,49.450380248069685,30.382402042245484,49.65523945392924,35.01777574188848,48.90747294964539,36.93169755685273,48.801728378887795,40.91158976450511,52.12199419546029,41.91701694533737,44.766539458240466,51.14073352754675,40.496430732891724,50.42205286978592,42.72040203505551,48.46919102550076,36.99038385839965,49.16697181064118,33.71660783653549,49.81125018403249,18.036390372956276,49.29650170614182,18.566253815770178,49.94188356716389,15.86098201560655,50.931852669544156,13.743134138415291,49.02494867003711,11.207276314025089,46.65905826909874,11.636983020503354,48.550533104187885,4.112858844757424,49.31038804663268,2.0449915038214574,49.104907499821714,2.3914145516933427,50.498365232776855,3.2112616885010485,50.39870192740098,-2.698821296776604,50.29253838566806,-7.556010696133849,48.15387207535986,-5.9187453356926545,48.02193809687374,-9.445522352496127,49.89345265666004,-15.656717882883463,52.45006192388707,-20.223329316800832,48.4566266687671,-17.584599394951198,51.513021638523696,-19.794826140991365,51.69809050483239,-23.494599599762577,49.60422176144152,-27.61976560286256,48.53939630656684,-34.606969419016615,49.34279371236217,-36.44734080312015,49.02483422406515,-38.70608139045419,49.39271500621958,-41.9131189271296,48.31375485093754,-47.6747524219438,49.657687851971616,-51.253407789282235,40.822404115176674,-49.95031713076821,38.93979409900281,-49.63814798723952,38.16258016365231,-50.29257522477162,31.431357635603487,-50.274411995308135,26.00824804320912,-48.7686680396711,27.2540801037667,-48.55165988720887,25.62531026880198,-50.70924696807973,20.621207940490415,-51.54558067176668,22.72322681216809,-49.7711578718421,21.28362181326923,-49.96734356737156,18.842532440654583,-52.87892086949669,19.63499904077787,-51.159257025391604,16.78581055422247,-50.07291200141798,15.480582581271886,-48.67874951852714,14.059626853967632,-49.85769667035702,11.375032837667426,-49.49029693173507,7.92431898837644,-49.588002285972465,6.378217917421601,-47.98316278198597,-1.4210367337776508,-50.009789140297904,-2.1714555520132635,-49.431411772693004,-4.049081586037167,-50.14876680439585,-4.5800908561159295,-52.08305614181297,-8.255572099739986,-49.94994085988025,-16.179172249300972,-50.203192007557035,-15.572283655387116,-50.870753775126744,-20.410805660875983,-49.88359865348605,-23.731331795597637,-50.678627509032644,-29.873236627259683,-50.5047010790501,-31.29984101269993,-49.580299101585034,-29.947110674151816,-51.81089618835085,-34.83956390863031,-50.79306352204091,-36.415783163662105,-51.538915256822285,-37.01492966011974,-51.32621604776835,-41.8869055321171,-49.92596710142442,-43.53564790728147,-50.47248518017321,-43.042147195485036,-50.10910205043516,-49.11813884223112,-44.68501754386698,-50.44738466465486,-40.059415175281735,-50.23339381454476,-38.848998895539516,-50.189100474663526,-35.439028543300225,-50.09874551992711,-25.303060220593018,-50.34496108530158,-21.502387618681123,-50.2858788801782,-19.716187460208268,-49.90995053720816,-18.382019260798202,-48.990975408449444,-12.506263697117761,-51.79682504404258,-10.571956892338633,-50.40410485553649,-8.44525683025252,-49.60606008976806,-1.645282348608579,-49.97852270359201,-2.457012320025429,-48.966496618374265,0.8672544644590707,-49.89729847320575,0.7738329531066643,-50.6112054422741,2.553665317000654,-50.74024648519097,6.761348133547598,-52.62550334894596,11.232651723242224,-50.20958082264712,11.084295847272566,-49.41197437562095,11.002417338941841,-50.70656958843493,15.399830424061243,-48.19939848194007,16.20595612070568,-50.01250387420289,23.918554385280526,-48.36419338017738,25.11759472880166,-48.18605183283739,33.04731189886022,-48.99255197966169,37.90464786380218,-48.8198617038283,39.61345746835908,-47.9384677674183;1
48.4965653623652,51.28993205568733,43.188254732814485,48.5016927901782,27.54985678206276,48.306093038613106,21.227264027598352,49.510265289126146,17.999471493486304,49.50974738315105,12.206790578306379,52.04889876334169,5.6031854385394375,49.001797922004855,-8.784958449126135,49.33248350869573,-13.272505777040958,51.416774480966524,-16.782608957758793,49.74967930296067,-43.30831446147776,51.72968802980922,-48.02172763152682,50.219688031802896,-48.10518015044226,42.631900563169566,-50.191305386018016,42.28725753336943,-50.24688394416403,38.34255108239508,-49.77728295803725,38.68159370564493,-49.748551114725565,30.51815106146258,-50.386821775196864,18.26631928938925,-49.414021794504094,13.26421124035559,-50.82669521196697,-3.816165770463992,-49.64495395571131,-8.557150085376483,-50.036925468498545,-22.711714053763515,-49.008510366791775,-24.807757229809148,-50.35279262569022,-35.33952282735501,-50.18867258626128,-40.403413353212166,-49.659545517869375,-45.91657465597319,-48.39400787764626,-49.83106278500263,-36.038891251287055,-49.714761915876544,-32.497608614596295,-48.06612501796058,-30.95167512214734,-51.05176869070838,-26.833417613400716,-49.26453282480556,-27.563129932992187,-51.21300819429299,-9.45187183951981,-51.697875339288636,-9.6317929559142,-49.713633396813435,14.952027933504416,-50.18645022634485,35.497554889278675,-50.40450219902308,33.71589533788663,-50.61425710227506,45.89213062029391,-48.86637679270861,48.96375371443389,-46.48864256786902,49.131726213006885,-44.60776939774664,52.175093154127175,-30.700978786835933,49.81191863796427,-15.330976728660552,51.15457421351366,-6.518197604461938,49.82196281438963,4.6138168657244805,49.869925711377014,8.359623572687555,50.516999712032025,7.441354669679965,49.52427545258549,18.328382994117334,49.717194465938285,26.279781055078033,50.088458867475325,45.52748433859377,50.12997196483575,48.893166214131874;1
51.5709426568664,34.34188831370625,50.838828456257104,41.513931881240154,50.366897485696974,42.22108778621748,48.58395218411396,46.61093655555772,50.77698834689772,46.91702792031061,44.6733666355969,48.70952674258732,42.54694488520822,50.13825386240435,27.145524623558305,52.06543940254732,24.065579791690357,49.31191194172287,24.245134711752804,52.064961099283536,22.266641316587016,50.081837956437944,22.470809230554018,48.9220470403655,18.753773094883297,49.77328408557061,18.058366232935573,49.553034373073416,15.274941889183673,49.559052622814235,12.143423680068059,49.74259264502422,12.129412613111056,48.88116999993808,11.050838662571332,48.26106671339675,12.023848007418815,50.34694548662012,6.717863529413602,51.07911561137042,-1.1229144795033728,48.73752845951068,-10.310476833455818,49.66236425903174,-11.22134831207384,51.608631044239445,-15.909147547130292,48.92683956242962,-21.793910329324547,50.298635485833884,-26.41493912983957,51.490381052833335,-25.881214094322598,49.9042908992689,-28.03060762631627,50.77505351623279,-35.2134472029714,50.04332215268428,-35.04004531453157,49.667652235971715,-34.591377864232605,49.347176389531725,-36.80253750742542,50.18177638482335,-43.287212121161275,50.71554821681896,-42.544775252162154,51.08393946378757,-43.03891059008856,49.83257201928491,-44.18756160625949,51.07757147966242,-45.17940870717287,51.01372495539839,-46.71760876647259,50.277776791304525,-47.660517424343674,51.58636228959511,-47.982647361151145,51.31605291405663,-49.447355565700576,48.93595558612404,-48.70870747582655,48.78639255951356,-49.06763961602404,48.579762676821105,-50.64368814451188,36.037666320308595,-50.31948305341907,37.250365177595256,-51.16790117071535,32.357068440629774,-51.24935743247797,28.963449994955308,-49.466323634706654,27.718371651115444,-48.75968666394538,16.022884870940032,-50.016351127066116,12.79903657954992,-50.808775061763406,9.150049338703761,-49.93477416138458,7.912902479326016,-51.83086065470385,5.463470297275465,-50.70068441689664,2.451334035669375,-48.469724699890314,-2.127845451496663,-49.35574700060982,-12.217304637458977,-50.06973066063199,-14.757941036299133,-51.06978068414278,-15.168113791182119,-51.26501900346315,-13.475134686802367,-48.85313687523871,-14.80328161826632,-50.347298461103904,-15.61597497013374,-51.5936972346622,-21.565823347356634,-51.091415971296904,-22.854270352297252,-49.35464932394508,-26.070802038087955,-49.961937880095796,-26.21949825765187,-50.467561698549,-26.82875063140963,-50.523605772934,-32.66262615264264,-50.375486633723405,-30.603966043236404,-49.19542933341659,-34.09214734650103,-49.26336759177179,-36.016053846267425,-50.64154654811585,-48.0184908785564,-46.51699849032496,-50.462292164753535,-43.01054500049679,-51.53371856364906,-36.736769712087124,-50.78944078402395,-35.12009399773653,-50.38003351845168,-26.804329761235998,-52.00384100721775,-27.05774191744767,-49.95788552767789,-22.87227278011688,-49.538126873611915,-13.005832063618433,-48.538786303129875,-8.805429755668015,-51.600873444585275,11.73524608559561,-48.971574248489915,15.143398002983336,-49.72292854498671,14.12998446702977,-51.396306752745375,17.85328813330719,-50.339514873564895,24.15681305742073,-49.09417569406905,36.390110552973745,-50.0542769147627,41.17836483074517,-50.65670086324778,42.512431219115065,-50.74453134566273,49.56632539255909,-50.42976445981192,49.57078023908777,-49.762953420436425,51.04352271559455,-44.20540640139736,51.22895671637386,-39.21179074555706,51.9912887372493,-42.458494245016674,51.69940665659223,-36.68054545691962,50.543609968610475,-32.380279477181766,50.80159610739088,-33.49187516758203,49.58045036127352,-30.592883294574303,50.54556716768103,-29.526375175799135,49.760934727292344,-28.010542660680205,49.9420181511869,-26.94903005575071,48.19591822121617,-21.17809741302533,48.543810404095595,-19.403547615058837,48.881521544905986,-19.41301660151136,49.676615888044,-12.65558926151992,50.59318119652287,-6.341829587862904,50.66043675614184,-4.309157681908465,47.87739883750078,-5.794114661299222,49.734576382964434,-3.595337951940346,50.34356402810423,-1.2439904072152272,49.45307545481516,-2.218721205243534,49.16466659878936,7.671073211686681,50.93611524166621,8.442374857729915,50.93158514532785,10.087118078642236,51.11998474844841,11.392150479922662,51.72779897082759,15.510558723051872,51.24735370554735,19.354002934986326,49.62313338864717,20.92609818893679,49.84862497648383,27.743971582922008,49.383654409897595,29.46398447088592,50.79681671283269,36.35311641719532;1
-5.390149340998805,-52.11020896545181,-1.5920144148729434,-49.348135810125406,5.537655064220636,-51.98540218873267,9.427169660347507,-50.50954587747152,13.627896884334223,-50.51395017345448,41.064649863231004,-50.03026177656185,50.26516191712589,-42.12067793117266,51.26297385000703,-39.57375567703732,49.28868716714311,-18.99557945294092,49.55745202991448,-10.031504403276951,49.958205567883816,-6.590096239972811,48.964006323040785,17.61976467798677,51.305139964005356,16.86863522150943,49.76878951601742,34.416173985541505,51.60802424200212,34.01195192175703,24.102348762057414,48.562302713078495,16.27983064735461,49.89714831480723,13.745949805197608,49.23152674874464,11.340141766959356,49.51783024172735,8.831209348982647,50.134456494935286,10.227239379856407,51.97536627979687,-10.651204683577673,48.509784558676984,-16.20389663000384,48.45664579684725,-21.016400987499782,50.2684691010421,-28.272458443657833,49.04231266531491,-33.108435772668024,48.883054308854625,-34.10887575843399,50.0068360488737,-46.850571026036675,50.655563939535014,-49.48380926659262,44.059947817069194,-50.30239078028826,35.897121801836846,-51.769872690105466,33.48115021088711,-49.07083478104806,32.792220345679034,-49.88225418418881,26.33500578093038,-50.020456498411804,11.185761405694029,-49.66066495856064,-29.41290375766891,-48.88201354944345,-27.313694327640277,-50.02192737761198,-28.822842622191768,-49.763556046178344,-34.90533166818282,-52.17236537952282,-40.05289509817354,-48.883499455951004,-38.93025819197365,-47.407511467765715,-49.859145077418255,-43.257796020114476,-50.070519822785606,-41.788299401857216,-51.22995821599432,-32.40596729663787,-50.26325245378931,-23.612465635038216,-49.468048122671696,-20.511068051272723,-51.085847350226224,-17.94457675751009,-51.44499478378019,-18.730725166870883,-49.46734856035613,-11.227853140780413,-48.90251893983313,-7.471083445460579,-50.41384573721364;1
51.326167737619194,-35.991457460226236,49.32748790390908,-36.756995459758635,50.05765089387683,-29.82828488837419,50.44413163948894,-24.41404106082107,48.130769975344215,-21.13936705163842,52.534616062886535,-17.21653990992594,50.71964818858164,-12.149216419742068,49.67219693164923,-13.898178259263577,51.51311986528782,-12.000422872815454,50.02908958660264,-11.191443001742577,49.34127690331739,-4.532753629197002,49.579784574221655,2.374345983186806,49.20774963795023,3.722634625515094,51.79074980528538,5.1494868175404145,50.30186002621112,12.236608214067315,50.401482579945736,22.694652431132006,49.749302454254945,25.783528559872494,50.858408776764136,27.152538051413757,51.486700048492054,35.55054787503335,49.45202693677986,37.40153989955065,49.77050184570155,40.09246172818408,48.6629159519345,39.97457045577863,49.90799322921172,40.445362183891305,44.41731826213874,50.946998632436035,44.79079165086489,49.28953195728353,42.686340590571405,51.66688319445901,42.029009193908806,50.12325875619357,23.983448114232935,50.58543386281323,21.69890825962673,49.13224557255189,19.992226295514254,50.18806993640797,16.871182334211625,48.86922395971827,6.8885357715786535,50.087006990149675,5.158859410224366,50.22703151780112,0.21758157597434633,47.18549302426577,-5.230809525326522,51.882787784468626,-12.622142603444283,47.94901061637749,-13.797273014133514,49.63336052563332,-17.678076364078265,47.63687410095957,-19.85033506373373,50.6293094785452,-25.507748320009014,49.197879658517024,-23.372510255964073,49.71949801878267,-27.385174573527497,49.05554138744393,-26.480028865749947,49.406202386854225,-28.536559615045643,50.257475505097425,-28.560668903482743,51.738212591096335,-33.379925175112675,51.919098813618106,-34.03320589928601,49.73269604335552,-33.888801308934916,48.21660949814813,-35.016379957810955,50.725616882320445,-39.55075498096309,49.85462590320083,-39.788411642680806,50.10000353299498,-40.29903543580768,50.02418491362963,-45.63627680651382,50.0821772975025,-47.40256330937077,49.39200606603862,-51.883563699000504,42.67323590050189,-50.31805417796352,41.506293206408635,-50.12263695472197,27.86930505945357,-51.111257787388155,26.949280539083368,-49.70793706841357,24.896926349384213,-49.72493771412033,24.724271720410673,-49.03057675452448,24.032268294217292,-49.95827723152768,19.477335584453495,-47.94290561782092,15.076017755832913,-49.777858237144635,15.033263894956182,-49.02715647277934,10.221019196205281,-50.15407495264846,7.505206282100253,-49.77229624989002,8.338969114387217,-50.0420772123123,7.102019827961834,-50.00247873978581,3.002497053630516,-51.42942330258016,-5.2282954201930805,-50.38255682096024,-8.739450679685133,-50.95168555387511,-7.632140125863874,-51.681292613520014,-10.782451245992288,-49.399403135047564,-10.490177545643336,-50.67649930117139,-11.355159809136646,-50.89979864667039,-14.134395958975524,-49.63694559039795,-12.953581814729256,-49.7128215738033,-19.536131691244393,-50.24790069842315,-17.817556977914553,-50.929518754308106,-20.56993112540584,-49.11360405721382,-38.25447875737147,-50.271096040934474,-37.61085984387244,-51.10838358983392,-38.37917966272129,-49.06674177523121,-42.397806980761175,-50.605435494625574,-42.61931913201038,-50.334506127972844,-43.07145662393604,-50.64475316384069,-44.21650703314172,-49.867644853877565,-44.260305253410394,-45.95201153772716,-48.790843185686974,-39.21275459335823,-50.39529445111254,-36.003703071037926,-52.19590463909456,-36.551548808820336,-52.01535592543636,-38.228342323082614,-49.86380148537005,-35.148573736998706,-49.44167698039614,-30.788733188488827,-48.567901559439775,-28.48477591527408,-49.63225006776102,-15.201580175803272,-48.565846226769345,4.405604025502842,-50.308418797724634,7.978312145701697,-49.852059911488986,14.779800400794137,-51.88975884218653,16.356783353155397,-50.2696661049744,19.35043831100708,-47.646053112459164,16.732614112202572,-48.6482304104317,22.46879942477259,-48.34449437349981,23.74783717987247,-48.7307868710035,26.6832076531352,-50.962401622793564,29.6389283359213,-48.16214764232246,33.953940803338575,-49.64899855271536,36.849293052166956,-48.55165034589124,39.024896040742775,-49.00606316968135,42.00141527628959,-47.43914705061,43.7770335472368,-49.361653815385324,44.08567262573952,-49.38153358611386,49.43684546443601,-50.629165317112815,50.62713847088615,-49.905342414784386,47.467764317943804,-48.771762952569524,49.52376813098408,-46.04998040061406,50.247932986166994,-47.257836087142174,50.56879751999296,-43.23396980450893,49.29220661145354,-38.060220998757366;1
-50.261386270263166,25.83931088812875,-51.16582470123997,21.708692687491343,-51.087613259874864,19.390755961344528,-50.644543710815896,12.13029239774197,-50.8507029529165,8.783391242493437,-50.86625916779825,8.814376725711973,-50.35296137063111,-3.084100044337095,-50.96183762261882,-6.5998970443895235,-50.54335196397453,-6.6072283456837315,-50.271159403241725,-9.51394882063705,-48.784779470428724,-13.52161913197272,-52.88588159206515,-18.9361476322109,-48.776470135145296,-39.33133241115328,-49.72649720162911,-43.85618463115312,-29.833580346612415,-50.84578753665907,-27.968649206316798,-49.81715012689617,1.5678116674752078,-50.80822801471851,5.365534666009062,-49.4378301293922,42.06584256222118,-48.76032595803972,47.29168170917473,-49.892294068409676,48.968272886172336,-38.79097330930297,49.137253495024204,9.4917622780604,51.13779548562436,10.84129489377791,50.21167061691239,16.648299735972568,50.807363507517096,31.223109508756046,50.399384539026386,37.66076667908081,50.22900904389279,44.16143615142807,50.5712968873437,45.779353213954145,49.208473306568806,49.24791701401923,46.67468113845032,49.67257140814789,38.815237237834964,50.41460875611554,32.22728205576131,50.06234838742099,28.714101831222404,48.954880287332294,17.651039446128532,50.112214772594314,4.357586425009261,48.9975023483389,-8.951588543602227,49.90821607848182,-14.69732722444212,50.44341384882954,-15.463841709269555,51.02785099188687,-16.77727028275308,49.382659094931945,-17.744049145539634,49.364430052425895,-21.314076622743226,49.29643492538261,-24.144020632146784,48.482299379849124,-40.373527511034005,48.62649691260575,-44.132436889552345,51.90796770411414,-49.013033259107715,44.66128737244348,-50.18475158880924,43.764660491530556,-51.75818685434431,41.48601489760194,-49.88344092535876,36.96234756774754,-50.22571120700264,28.707028237597317,-50.8792213074669,26.060751355712114;1
-49.536327787957575,10.201819644537379,-49.4082172113662,12.174072949514047,-48.84064969833676,0.9108491525885737,-52.02521202937135,0.3156734095154833,-48.62604409757159,-4.479820083360285,-50.25596903995707,-6.662955979489207,-50.51841885711123,-14.672725929645651,-51.299073452233436,-19.15739173652177,-52.44863666591322,-22.332671806595762,-47.85291778917832,-31.651616788525974,-50.08298456710258,-37.131087648057736,-51.08012612550205,-44.61405172169052,-46.83677144048317,-50.96819868407053,-46.068772562453354,-50.82869496127739,-42.97546870045388,-49.39413922291858,-43.11257359533777,-50.17532898384229,-26.88680890308656,-51.02019705696341,-26.87637475301439,-49.38646635032719,-23.878819275934248,-49.17918408495886,-22.830230551401694,-51.01811889894315,-9.173059149339414,-52.30189103689584,-7.942842164008976,-51.88450906622667,-8.296292120433428,-49.243083226118465,2.2360176457012377,-49.685718827686905,3.147352585835926,-49.43200962139711,19.875585899734297,-49.95810513958228,21.17901996669437,-50.11770819787332,24.964773566987407,-48.74239113627151,28.001439957584886,-50.640665386009836,28.685969838600233,-50.95577431998935,32.44125509457855,-50.020732361971746,50.41529283897188,-45.06929400816553,49.40445900405015,-36.16622982856503,50.54754303982692,-31.485556160649104,49.32070163372351,-32.262620479705134,49.40774941238926,-26.968279420862743,50.20206945889709,-22.820240022544702,49.54342362861254,-23.39148702702315,50.344400635814004,-13.033678014388613,49.37804063414253,-10.856927800178804,49.40701666857292,-6.516109006173938,50.23308453804884,-7.83147403165309,50.118739809576105,-5.633837808279694,51.273391443181076,-6.247667448550742,48.75732071642422,1.4986389128746431,48.95607460470668,4.727093197478843,49.83507031975078,5.809845528991767,49.293504166481085,7.943940525346701,51.49919856184358,8.803315690137296,49.71410959269304,13.139251856988949,49.06725710133438,25.9810373982062,50.54260448336581,28.338330561300552,49.91733106024127,29.84891963452475,49.999588172366394,33.62466755232605,51.19561982033498,35.82521691463454,49.93932723825334,37.737350927555184,49.13215043972983,40.516497795542115,48.8832551985753,40.52643253341353,48.035398516700006,51.02543337419662,47.65331143365668,48.111961043890105,47.645226462161496,48.74063377295134,47.359423622268096,51.09935914347798,35.2375742632488,51.67299919551741,35.57680901200143,49.3823500225961,32.03587694094977,50.53828412011231,27.113945006604027,50.06957131021238,26.72439626370601,49.846730140178124,27.380920341445375,49.291485965873726,19.91299191687739,51.386828267355526,20.81350762005229,49.91397147367383,16.689992592897813,50.37177455520615,14.820376929110418,51.08380315562218,16.67633580592346,49.4234915999901,14.567796900612136,50.4094176372939,8.48374703158493,50.20442701903752,6.86221063645083,51.08755336536351,4.984855025647023,48.70118120615259,4.836542928242971,49.77781798334752,1.9645767503502702,51.19692564608037,-0.8916522135181267,49.101297424227226,-2.736802798672223,50.05379315496686,-1.1417012471863566,49.97431558132775,-3.915177576666995,50.72864318103333,-9.796622184138153,50.723626784848705,-12.174451212347948,49.57362086603255,-13.120828635644013,50.21903375517528,-12.304737413499423,50.27769418593482,-12.576423935088219,48.936895071631774,-15.384780508345129,49.58458525291936,-16.400880727848296,51.00737192491207,-15.464553388253247,51.47202724996954,-16.149300747882737,49.657790296149216,-18.54066433482416,50.082325373022314,-22.061973046641327,49.681922967260114,-22.115482953281777,49.5856729736144,-22.72271375456215,51.06710708997573,-22.961385070900363,48.8539745625407,-24.909081859237798,50.95436015835192,-24.153171836822057,51.046544615658675,-26.734357208113348,50.29972855950552,-29.127962399004048,50.111933893777945,-33.22093021259725,50.9159251943751,-31.93697870972264,50.38807341273848,-40.23312984250269,50.87038127563328,-37.993609736045876,49.04044518707656,-39.99079069760652,51.39035693170739,-43.39843100679459,50.3762143746393,-45.615412187301345,50.848243727889646,-47.08971379795382,50.154815031211974,-49.66980222862344,45.28475510030735,-51.594438096025684,37.20968316394421,-50.950826873753165,33.864862626603774,-49.9315693453151,33.28509246651357,-49.11526321116643,33.522418860970916,-49.45750171814128,18.624243440947453,-50.12921160094241,18.722005524896787,-49.733390314363206,18.473390095159388,-49.420400903415924,14.98683166327242,-50.28328652815372,17.14082670185003,-50.61807678718911,13.981380898681058;1
34.64020473701897,-50.603335816436804,48.71759319639279,-49.5342954138266,50.71771647288627,-41.453114305879936,48.82916866998069,-28.419809492851265,51.27072707743323,-28.36728228235169,50.85974902905826,-16.783370223648003,51.29580471485673,-13.039340775030983,50.359725251945115,-1.5524223295744528,50.338727602663795,19.660309141869856,48.13311168920004,33.561283592878134,49.71345152758608,38.2545398297882,46.59828793885569,49.48526701092692,46.93669907281942,50.21935984997912,44.03994943045608,49.411902959233174,21.603290550204367,51.08302575019075,17.6985901966991,49.44024736129738,15.69169436720286,49.770778405647036,13.109621053044824,49.88006257506042,9.14293372603232,50.521852977331484,9.3361185871974,49.69188433004667,2.6623160958362533,48.483273334875946,2.1190573326025666,49.59286404513768,-2.6214644125970943,49.676660543946646,-3.440191722153262,48.874903489955166,-8.83000873251675,48.05035347670649,-7.888048999835,51.1918887158866,-17.239454224921065,50.040860457768574,-21.7664541885688,49.33411049538774,-24.573647944420095,50.92432267270142,-40.456248646362894,50.22511044077121,-49.98947715956721,45.46120937985436,-48.177851428179956,40.41460413005226,-49.82612585801475,37.29445246373302,-50.76724892002542,35.46653332214313,-51.05413316455075,33.34648842130828,-49.61594248652734,21.96939797530171,-49.522586162650654,12.85455010966544,-49.15931145364497,3.9249604251705703,-49.18473346686952,-4.209644205614476,-52.691264666681896,-15.884485352173119,-51.3845264975234,-18.8767467331795,-49.24942691694255,-17.053951372596178,-49.51112595225844,-25.632252784748374,-49.30407365081748,-33.16634595814192,-50.70908787749837,-41.13260628230704,-21.47290265327446,-50.29678215515379,-1.8101986006517534,-49.319515257478486,-2.8553754332983856,-50.298372265026146,-1.7068353811186974,-49.91607333328664,29.944049106109244,-50.06987846145417;1
49.84285067116906,-22.32543937043493,48.962117767030854,-17.949126144658344,50.05369624214688,-17.877445008878905,49.05522870855711,-11.268410894097379,50.369014359706625,-8.04082637908618,50.033422637859196,-3.607808590765578,50.20688932745637,-5.075825238735519,50.800206053855156,-0.18767194100303952,52.103286657964816,4.013590974002682,49.8972482000071,5.006443076506323,49.385262719851234,12.769908580499091,49.394161151807225,15.380497370590277,49.37995827919315,18.22614628095122,47.90344505105972,17.27375866593031,49.16013595400618,29.459534206003738,51.091956852461166,30.12443711946649,50.32213683478345,34.279427147795374,48.055566046125655,38.782460756920294,48.35482359332289,41.362266569825785,50.536830144697056,44.57111645787356,49.41707814098531,49.063322569647795,49.56311957372386,48.030752824977036,38.91963096807547,49.29928208824384,38.948297860943974,48.586434643614524,36.5667155667387,51.36520044618115,35.96961797215418,49.46324457818924,36.11742768601089,50.03380838625461,36.88444044580863,50.118364529458724,32.90040893099949,50.09477041084525,25.298270786877364,48.731881930918945,22.4960521174703,50.345858476466496,16.86212408777258,49.13047385385198,11.915347611538213,50.391830240713126,3.4155525628555194,50.16880282578567,-0.31710276997562703,49.329637688607136,-3.6476034089917286,49.08534402288392,-1.7210430551997582,51.17143427111702,-2.626818801355563,50.38367716098456,-3.834222814666698,49.01321373270472,-9.200183208686626,48.63254225800081,-23.687051192770525,49.28726251870255,-28.36804382648235,50.21204392531332,-28.351306827638744,50.20021248077748,-38.888879328157316,47.861828207736366,-39.6682496097736,50.83169127570583,-40.44923091907074,50.86532121933874,-44.90481444830041,50.38430388151803,-44.15375037738551,50.195410959087866,-50.21675017663165,50.675560009050685,-48.55104595972651,42.49903984938331,-49.299274901219476,38.04533674228725,-51.78636492159094,36.73351180186979,-52.17793712458196,33.511201389978915,-48.94288457972657,30.003065022718253,-49.54466870444294,24.932175994362535,-49.07554280156375,13.36258180895025,-49.27147667586696,11.111678900884353,-51.1120457799937,5.817598583388046,-49.16024669518992,-5.799982342967026,-50.06523810117508,-6.270813211516272,-50.37444542157302,-8.25834906474735,-48.04545369153031,-9.75761373682429,-48.20409682707878,-11.62190663820441,-50.003436737896116,-15.838177452804937,-51.35945209392405,-16.674804348429515,-48.529878001198526,-20.67216164992692,-50.740447771383145,-22.55754454739686,-51.06552658107258,-26.605523328903722,-49.77181406584842,-33.5617890172642,-51.782585195222296,-32.324503331496295,-50.41824199340832,-36.64538675706209,-49.73098334399875,-39.89273799503181,-50.043700943090926,-41.38679435807041,-51.546819518441914,-41.00681796797658,-50.64299997849154,-42.49697494135664,-50.60436124889461,-42.57702102768174,-49.21998100613105,-46.80594060636763,-49.244365601607434,-48.10545401007637,-43.47310956449359,-50.11257406886343,-44.32058892399149,-50.02472593373014,-42.44421559510092,-48.727145012673,-41.74018619738602,-49.18055362652436,-37.64367510701396,-50.45448080518923,-33.899287488042745,-49.78641600356949,-34.80473223290075,-49.097405412613575,-27.77619676842016,-48.32465578890273,-27.89939773620816,-48.264167143430306,-23.11880325259695,-49.1936040516444,-21.739166890430976,-47.54750763018398,-15.543878800604556,-50.36400613514092,-6.323389965106726,-49.02375686116277,-1.3834892694550875,-49.73025279366044,-1.253735056054398,-51.54564754165513,1.7887796506763751,-50.2563332377303,3.80423650257434,-50.642942744239846,10.589245481707952,-49.57977184091933,10.833417301932286,-49.58174831468335,13.451055827611174,-48.220465851092385,17.351832644782213,-49.91877454989186,19.486510000374125,-50.338889412006544,30.218776410933067,-50.763786550225426,30.932248221051204,-51.34842248174443,32.675224060249136,-48.495831110147016,33.632815867247785,-49.64980820255725,33.43920835343073,-51.47305286761515,33.08774031749041,-49.98816264335561,38.313245759928634,-53.2301599718652,42.53978123116766,-50.34841300809548,42.69048540734573,-49.162920847987984,43.17703372215995,-50.04174405961467,46.19463036777179,-48.451028385865975,46.784204838161735,-52.16119684822186,49.81208385895651,-50.68907711914501,50.0674559022501,-42.75957849698382,50.92125845396486,-45.961572337251724,49.24327726388761,-42.01574499228607,49.46856631281234,-36.18159158261894,49.59829512886003,-34.283751205141954,49.096586886002385,-32.515928408011646,51.18383323438863,-29.46026364649431;1
49.86373324368137,43.267248208556175,50.17363364459018,42.77674522579286,51.415319981117754,44.45771097978266,50.72887584289146,48.96843473090982,38.45221199217499,49.32058172834849,33.49376968297992,50.14696049490701,20.606195490453548,49.977461109946994,13.013422257380148,50.935944893745635,-18.579377339829232,50.41161964090533,-47.07132392476214,49.95456242444878,-48.95911402701012,33.90596526534446,-50.420843953280475,3.448011435125627,-50.12109754794565,3.1901413590299907,-49.48786260525362,0.1315384666668556,-50.331617124216486,-23.632386280616217,-49.38088592724969,-29.992573780567913,-50.161346386805,-33.80759566931918,-49.74926344802211,-49.813616247470485,-49.29637636987723,-50.2681421391356,-44.48255947865305,-48.75538951975896,-43.32313988294679,-46.81249731343366,-39.08056475466159,-49.98977069854723,-37.56217031956365,-48.67221237702182,-35.251145030845656,-48.40688937283303,-28.829182292899986,-50.709253902159844,-28.1330245910619,-50.01735693949031,-25.101092913381102,-50.56403962755109,-19.17903559513839,-48.98894117188537,-18.07900416424598,-48.066910165855234,-15.795363218888701,-51.01153519673313,-11.849220054417458,-49.57485991619364,-10.5588484929266,-50.817439326865774,-10.562107520201005,-49.900276722105794,-9.934593931475929,-48.77556932857334,-2.769599048963725,-49.807880320873366,-2.7232530617473043,-49.53874079739696,4.914633221122975,-48.176621765344784,5.667136506641093,-48.362608778857535,14.177061321723375,-51.59810911050557,29.22651173978834,-49.766102009380596,32.052777553275746,-51.261576207705964,37.61013422456137,-50.333273986009964,50.34351676295323,-49.02786081587178,50.13141630506651,-30.396765889017637,48.23568635740135,-24.43349607483694,50.54878807415515,2.3848650200979478,50.323545638891055,14.896806535293193,50.45059596269268,22.617452028507262,49.65763505860558,35.37651361766301,47.98519185334483,38.87089397448443;1
45.0943022866412,-49.259876381238584,45.500995357544944,-50.21665160644264,46.47037620020886,-50.1893306517229,49.37578181535555,-44.871113967032755,49.02028538381874,-42.49095389500953,50.27153411301993,-38.84559891061132,48.83716352380551,-32.70893949990104,50.35138956356561,-30.100459810394952,50.92931615082397,-26.06403176175629,48.91988921966204,-20.978565951616602,49.81592930118201,-21.76984077896158,48.47178532113127,-18.51030643157006,49.60286154728635,-16.29663609825136,51.25340809716915,-11.54018798614466,51.0666657462609,-6.427643830418344,50.72182384557067,-2.870439046224307,51.32146463382836,1.6841145968995836,51.758947081225564,10.245885766802026,51.000790182440724,11.921323602386076,48.28438715950798,14.140308924710979,51.25823983419667,17.31074665358157,47.89846713260754,18.213904802742512,51.12563718961645,20.38972984612875,49.50205405521693,20.221423302543055,50.57352475855029,29.226194137392056,50.73845498079393,42.03096587002372,51.13712782310524,41.441213478306445,49.560943624930125,41.806419194326715,48.952541734854684,43.37708264530627,51.08571445378929,42.34329097811258,50.43946681615282,44.2163801394473,51.35207293803164,44.555158655628645,51.486620796696705,48.76139516059262,48.99553934622295,48.23518265306263,46.486078045440465,49.107881452151304,40.99061502564011,50.030272526543406,40.46507755530469,50.41086297863512,35.37017975911321,51.223772202258445,32.43322852196614,50.48122590870667,26.864409175271255,49.70441845012674,23.628517463333445,50.2275162314793,23.089150932800862,49.65769423771751,18.650623812805055,48.20740040363195,16.191642790535003,50.006855856024394,16.848401872934115,49.94391900613128,16.274399345739482,49.351627749154105,10.033538985104878,49.119684728500395,-0.30290563199928155,50.61431652217022,-4.454537266355421,51.21362883578069,-10.037650170940372,48.523198454569595,-14.598391209412398,50.87609400647433,-18.13616113114821,50.498884497162614,-25.759635484814755,49.492588414113854,-28.576678170979875,50.52402408828735,-27.94750276188094,51.344509618676746,-32.74462550325541,50.97367486215328,-33.46548079664161,48.886017255575084,-38.8211919309875,48.94167577507028,-38.68495172851062,49.71776135538831,-41.72999065572616,50.45440974983899,-42.9381813205463,48.39507689821639,-48.15251460020363,50.34562539209895,-51.30254437638018,49.64040893161021,-50.75536015225938,51.08831555933434,-51.24442655102617,47.04312500817311,-50.89425037941841,37.44101251061122,-48.513443120551116,28.06427293202256,-51.39848802725932,27.205373651449065,-49.60737455380758,27.132219903989704,-50.061871584247136,24.405826702279263,-50.615522379501996,19.90836848867363,-50.03565024204162,20.48291985969781,-49.375471616141105,13.781029527232967,-50.216132469654994,10.623463368382607,-49.87022036573826,8.570833711141757,-49.71083232464495,8.316360110909486,-48.27808803620125,6.4909621103196695,-49.641529882109246,3.1239258842219146,-50.01099328928821,2.757447122303065,-49.979216312586345,-0.7712999110067221,-50.167130669014774,-3.691034076589466,-49.026552018710305,-2.5564440695357042,-50.281962426991505,-5.327264618639462,-49.790463205683075,-10.536109823672096,-50.0128533127774,-14.101830859639424,-49.804555428685916,-21.298133775934744,-50.50324134259284,-22.582896543799816,-50.643180194939426,-24.00251632282539,-48.81204454414223,-24.65322980293791,-51.030781087167085,-24.333757115196658,-51.33035347543912,-27.990697098136113,-50.24045009961408,-32.72649722027391,-50.05391964049062,-36.35062108060973,-51.482113009497176,-35.8221296138499,-50.823955727788125,-38.622503991983336,-49.742291502110476,-40.000287471179064,-49.2930403693795,-40.71355489251449,-50.03232257418243,-45.322101630060196,-49.82893240453777,-46.84774161592369,-50.05823337694795,-48.156527791198265,-46.43872290322332,-50.01526894277056,-42.39054409923005,-48.38979499627395,-40.95117961276195,-47.896550938699754,-37.45981668417742,-49.013542537703955,-24.72918955264402,-51.12985629995683,-23.83192416679806,-50.05616561150771,-21.20262972549987,-48.82552310807105,-16.53785033446544,-48.78077504540993,-18.933097630136434,-48.90723925124566,-13.225715821764192,-51.02014161742644,-11.624858449864954,-49.14402238978488,-9.010892517847632,-49.75210163310988,-6.300045670244445,-48.655957601113855,-0.5551545846025463,-48.828347963007815,5.107827601001458,-51.56363866583551,9.494548395341322,-50.33507809857994,23.599786422427698,-50.181226616580744,25.190102775592457,-52.28606651644055,26.709219454834784,-49.836626248255016,41.35503548047306,-50.05027308946692;1
-2.221708235028432,-48.519135915857376,0.2458455273755369,-49.16421304558945,7.590535661285913,-50.03696842120862,40.244034190285774,-49.82584429147609,42.7564890717017,-48.82537824361701,50.03975286540617,-43.88765292007315,50.23233761907082,-39.916619598699256,50.34288200110454,-34.517242727435544,51.65814095688576,-22.62215601467184,47.77813421532559,-21.164181015740127,49.93646547066288,-19.302773929621363,49.68248559832308,-17.981430763498757,49.38107483101138,-14.056816870773599,50.49978616835154,-13.419783883938845,51.229389472404506,-10.677383036962388,49.05396638506326,-6.056203271019892,48.80980568601378,-4.554786928251876,49.2977776081521,0.14875883392041767,49.000494071344896,5.362122404679565,49.1394056151185,8.880197689885025,49.91182850259527,15.82282129266838,50.23194902087318,17.64982860056297,49.85584789809948,49.019603456587795,29.93476511649163,48.768439074153214,14.860975425429302,52.40562039131797,10.868907719027552,51.30593165477858,-2.875878091806626,47.701692697421684,-3.4433998348387185,50.32694016892665,-4.408923162994761,49.77831721787393,-8.145699728193392,48.693282924634914,-8.765082684938074,48.91977223288044,-9.33769300814738,50.357878828977235,-7.507785424384609,49.7681118833451,-10.869454306079685,50.83340000302476,-17.79964673597087,52.06202300664213,-42.000727959899855,49.56142927608145,-49.82666712657322,48.71673834511913,-49.375989216141726,46.09602478229849,-49.53616380473863,46.00135322083909,-50.78748105143959,35.162684688570856,-51.03768351679686,32.254653010532635,-49.08908141510557,33.08107255179041,-49.34478587960276,10.474376211694247,-48.708828181678776,4.400781922195762,-50.24793006619833,-5.296349835743514,-49.10857880358932,-11.241681808795684,-48.82684045280013,-25.051985008200678,-49.18127007247889,-40.37912052482696,-29.082253170641977,-51.03895125134371,-13.454650827544132,-49.962310771664754;1
16.2351695572231,49.89882635465585,13.878122116702228,50.602387343952415,10.648192564746564,49.5856888170102,1.8579553634841963,49.64184539750182,-0.3615931232212559,49.69215010300318,-2.1550888299877995,48.46734812243968,-11.409922307240837,50.25630819021207,-17.460368956074195,49.717740951727464,-28.79499776068661,51.23246626835624,-39.762317929256824,50.91551846337164,-43.49071332009361,49.75445300425705,-43.59599054403045,49.2160683948149,-46.22499803752284,50.651125949306305,-44.0673792023134,50.1382064685191,-49.79308548167154,47.254538019010674,-47.97406867827596,45.58654175075683,-49.72611107845595,46.449047466112354,-48.83203074802359,44.91945847069016,-50.31292067699947,43.14286276270651,-50.68169840501769,44.816644508545025,-49.90631520980273,40.31575066270332,-51.618093139680084,40.516603208476276,-50.778690982282725,34.98684017838692,-50.17023976203396,31.725780132915496,-50.169330057775625,31.57190290144218,-49.47596328398629,23.461902626057217,-50.22300377455109,23.896646763495124,-51.424401704150945,15.344634304616687,-50.54533443289149,12.14237509930017,-50.00278667030662,12.3839284777496,-50.074452793654295,7.029867882667595,-48.923871444647816,6.360457466197962,-48.16762209662234,7.2078802856818065,-50.096603775583446,-1.5242096467695831,-48.5612841445132,-2.5223476532432394,-51.361835474901625,-2.989146348958812,-50.31539282315731,-13.24935367042938,-50.27991035820952,-17.34048567353813,-50.957306895023144,-18.96157894824104,-49.08240564333607,-20.085479611573167,-50.9550099105807,-22.7620475843306,-50.29174552616992,-27.35796509402229,-50.48956743957932,-26.675756087908983,-51.189945727774486,-31.64111938439071,-50.47864449597457,-33.606319767161565,-47.13944354082972,-33.124047769049604,-51.04227877079943,-48.532566693673786,-48.56057603302178,-51.06796334538865,-43.66566182629833,-49.09642548974118,-42.71526192042296,-51.07972713273915,-38.52257070013793,-51.29520830338042,-37.155810043133435,-49.28869444196714,-34.47779275348894,-48.96432817009234,-33.02379869244203,-50.28424398411254,-27.02056328373166,-50.70278929429753,-25.916117918866266,-48.91977860507157,-25.43108129079252,-50.78240007345183,-11.992167983902656,-50.59345712960016,-9.224347806834153,-50.502285672293695,-5.362364227531828,-48.68938059160738,-3.515383941091167,-48.77975852880616,2.8371301043201194,-50.67526886664494,6.194953008984093,-49.35648291644416,8.52315222425522,-49.942677836506135,11.92384850870167,-51.05246192729217,14.857813206339967,-49.34761311703847,17.772535387521863,-50.943236969236075,23.70234532051976,-50.10412695484407,26.466746854845777,-49.633021540115024,29.28065503934309,-49.979619166747085,27.420138347824963,-49.79248954474452,31.22042215940711,-50.84670624060485,38.75131323856015,-50.074074479695675,48.646561649935165,-49.22719352076609,50.172831779815226,-48.95999612924049,50.63343242215448,-47.769563846038736,51.44870610978758,-48.253244487440256,50.256753323124926,-49.05849939413136,47.72703671304073,-43.488968431756085,48.81344334538671,-40.9662380309151,49.65730862275635,-37.67948560755488,49.209032366545536,-37.405663992707254,49.05656091019116,-36.395137583027086,49.86240002738358,-32.0808621003182,48.64799846369265,-26.538989159882288,49.7655468973266,-16.66535309519851,47.5865428098916,-13.848411143084489,50.71309728157668,-13.594462327472476,50.651040386500995,-9.425418151967081,52.74170973574483,-3.275940904794264,50.4063328925402,0.18843940251001823,50.11407582629211,0.7626788706770333,48.145880720447174,8.07987028607985,50.14011464791964,4.971645707544271,50.234401355438834,6.4895454259277745,51.43105606721949,8.914817981097018,50.21318493360181,10.724520996047952,49.78149514471219,11.470142397365025,50.14902342122777,11.74407735700769,51.457315476412624,17.739001300842723,50.609642674197495,17.969005273189037,50.60805245588258,26.785952244949407,49.713651977083565,26.347227722480767,50.55307340419297,30.664248869381208,50.19920877445853,34.01723121185745,51.600740727017154,32.31571315495495,49.683729350588706,35.37124627759413,50.33636518818582,41.82000946705417,48.73315925155586,49.3012518367294,47.5790104614813,49.40380366441929,48.54396688954385,49.82281020846022,39.540254279417546,48.51508346205462,39.28414950172934,49.715781298005844,33.939305887468855,48.829220458029646,32.881269494849604,49.522853265649914,30.212315639171674,51.9926680728426,33.83320307512951,50.27455288594034,24.122385465589172,49.83722536266101,20.82566640378431,49.61309299191539,19.77425233515404,48.85776836422608;1
50.37153475027041,-0.33529187172601693,50.15873044535694,8.515765735473266,49.17010745030657,20.669011706120195,50.03660216412374,25.026894586026202,51.04256333257412,25.132605143987266,49.44341712789237,29.068296155057247,49.75883842422187,33.583569831885406,51.73816791680094,37.918697357039896,50.38846093923989,42.18015286585625,45.70448067644963,49.83056233270083,33.08079131070661,49.95385884953207,26.75600396294239,48.699855285879984,11.104463714004964,49.73371115316316,1.10426161536488,50.341260001088486,-8.698121792294172,51.070286465298416,-27.21503232735663,49.33935398206476,-36.66267619554582,50.19860052778322,-44.22782696869256,50.43067103821326,-45.56731325886577,48.88064269063721,-48.76669821386601,41.44926635699712,-50.959652108901516,41.04236587487392,-51.47322311723848,38.188222473623576,-50.667163338348956,32.13618740684195,-49.39651063789218,28.89581872747437,-50.175723935757055,23.165980286002995,-50.71309562172074,22.463188474196944,-48.97080199536066,10.21118693456972,-48.20806982259604,9.520060083452995,-49.00257676513296,-4.4923841652353635,-50.20413490066387,-10.446285883438286,-50.21427046247506,-20.166418102739158,-50.61962866809103,-25.013304724096493,-49.807598941866246,-44.686753860520845,-47.87833169144635,-52.703117304958504,-45.30446139998454,-51.32365269632213,-35.373375209600546,-49.565442105538914,-31.149912862992476,-50.10780641718333,-29.954171096367908,-51.97272449209311,-26.1586077212801,-49.28736047118333,-26.21679844984965,-50.1137817100023,-19.534510794471387,-49.772683787007715,-15.881358866057342,-50.86443967053359,1.5491140115969533,-48.22531698193292,29.01583890133156,-49.965235369799274,30.500212618608806,-49.485895376306985,41.874796973326916,-51.19461620891181,49.90422355191013,-49.33132954126119,50.8025552056023,-21.234449468157152,51.0101003159653,-16.691549115772276,47.840455416266764,-9.229645545017695;1
-9.496284180046437,47.79031307151974,-9.77816096476136,47.79554718398009,-11.331828373688271,49.547319181537375,-14.486262463985081,50.93678016697753,-12.685983076781131,50.21869421153374,-13.341811915357681,50.43948210094338,-13.743445846945448,50.22487615995551,-14.542312327852523,48.45774403284563,-17.485828297291242,49.51314234116713,-17.765574027410594,49.943029760920965,-21.485750193936884,48.625624706282366,-26.422751526031504,49.94952743501209,-27.265119742751597,49.2979196649856,-32.31016571087382,48.80176102268427,-33.195551348353085,50.18561045472396,-37.87742266514029,50.29969372099302,-45.56206298428542,49.3048642590103,-45.913992699741065,51.37986286346299,-47.62741852442181,47.810362899161674,-48.851799298454125,50.09881797865125,-50.0902162947188,38.5828268881597,-50.03439245639371,35.148692413935876,-49.912702986097855,26.089501327648822,-48.58407957616511,21.15838485062518,-49.38760449775938,14.420925336413301,-49.35282591754888,10.937517306025134,-50.0393692691749,10.272766915940228,-49.41177954439874,-7.703823024884978,-51.23018877412977,-7.5450440618253785,-51.050021415642085,-7.634095947789805,-51.03899220935612,-9.25690718116263,-49.51268514275753,-10.884981311879878,-49.1341395508027,-12.230284288331967,-49.62357867202864,-14.667070137822423,-50.118144520309855,-35.34357633163745,-49.145285203583406,-36.29330598502104,-50.24669673354909,-38.30702898112216,-49.976366838318725,-44.40855368322175,-51.60063060875122,-49.02768880965714,-47.393741930802506,-50.522933086128816,-44.09832569360765,-49.799417986059,-43.474436289312806,-50.014732469643285,-44.7124445457275,-50.95975831856696,-37.98115293017838,-49.1136281036602,-31.234387618398234,-50.311381081564065,-25.082166160457064,-51.85392223086678,-19.214753919908055,-49.742289640702275,-18.269758904767432,-47.802208828658145,-17.697858120075843,-48.57047084585289,-16.859717696769486,-50.57955129264439,-4.821047395025584,-49.8781650945334,-5.8251940944552825,-48.499698552677344,-2.9290281336183517,-50.95761271082228,7.134652573920937,-50.620453427512714,8.681564190329276,-49.92221038234677,8.640161398799606,-50.15870461388604,20.051466950712353,-49.4960503805926,36.996602638577556,-50.51423426074252,36.43436231351226,-52.8074620413151,40.78069293593378,-51.52479285278193,43.90478056023733,-49.49933393481028,42.789325177091456,-49.22240359909209,44.56260135535082,-48.06616795161435,46.667414328557875,-48.55801203341502,47.76343345482664,-49.72779908558497,48.63342105669533,-46.05596488683854,52.48092696079547,-39.03191088353404,48.94028272789545,-35.02020128708138,49.52779255367618,-34.933281468849465,50.322977953964795,-32.64073173218835,48.44980618704655,-24.73017471390593,50.18863447174441,-20.58670104911387,51.30077618528345,-20.32662674920517,49.711480451460986,-21.071292767083058,49.833659688599845,-18.61735946670666,49.31875613603948,-11.29902702048353,48.416721679531825,-8.788857578959911,50.81312918573494,-9.9195222980643,50.182484575951044,-6.252639932986945,49.93946683416279,-5.7424096708282,49.328682367916294,-5.163410573107184,51.1317051801942,-3.9535737322810016,51.159542570828926,-2.3329065794926906,49.72086157001577,2.8025662809083194,50.878533711593406,2.5541096328076383,48.917905054162794,7.493360237917656,49.68160002834677,12.417051689307037,49.68891964694917,17.647595103931003,53.04006854743084,20.230743466271917,50.07184969992219,21.556795091618877,49.61242384264674,21.90890386515574,48.36936889880256,23.150247084883883,50.42320181037048,25.131785099126326,49.387246472612965,28.80458676563394,49.021863401175885,41.137320904139266,50.01271430173441,42.67355945968886,49.62434690240298,42.424439954742795,49.14243085356196,51.17113729464043,46.67068665317453,48.61041758723453,46.24467981145325,50.45660287364041,45.61932405634356,49.177122774843966,43.22641736035985,49.91589460330862,41.76736739493845,49.67383430373602,36.33829260285486,50.15760809500387,29.36647807686766,50.65334738715058,30.046323977783416,50.686870439929,26.32711305883015,50.043686842303046,25.6259907141113,50.16582715726325,25.194587711763308,51.19798003394809,17.71450458830084,49.72052988092488,13.792451312191938,49.81029334651503,5.677747039751618,50.38460118449353,6.553237204600949,50.12257265907155,1.8420872907894146,49.96410094003923,-0.29867637085526677,49.51213566510452,-1.7139776078020148,51.10761045896475,-4.759226885563816,49.89843062991428,-7.82513710177661,50.12723279026234,-10.263337558333365,50.442790709697,-9.883892466631496,48.59550122853121;1
10.185485495948464,49.32898400462234,0.17084743956372195,49.47381993161284,-1.3864353430217342,50.98517337948957,-3.85944990015157,48.08730758435514,-6.981843080052366,50.15822821677648,-28.807144059096842,50.487902516241604,-31.95654559281767,50.42256013885168,-38.01701358566139,49.401790572323456,-46.66324120524859,50.96673920755439,-49.22984839048146,44.578488999748714,-50.089440388064865,35.40189280407719,-49.20364113301651,31.62014192439624,-49.45432161177083,14.239425345466104,-50.51423266447883,-0.09714520642186861,-48.32861378326725,-1.3977866083298154,-50.52168274470623,-1.0468804009590447,-49.633923506092415,-11.109118022328715,-50.10880615495651,-18.57554980459165,-51.207684211771934,-23.466286497021954,-51.18024712766152,-23.49923882306207,-49.31183367430164,-26.613426117133347,-49.78106392125646,-28.986869403610925,-45.872661283224666,-49.68562629803052,-40.29596556297732,-50.1374083174964,-37.881237271355644,-50.02906811371147,-35.10386973924415,-49.46654826536276,-29.150391026000005,-51.074268911207014,-25.761569154369617,-50.72368299499285,-16.895406145199004,-50.03620001332057,16.965407734433615,-49.85984907100028,16.624729005753725,-50.27603618864696,41.525010544766204,-51.859936088012574,48.969378721555444,-48.35727379939126,50.95717211225374,-45.2065771371923,50.27447306724141,-19.444206260295605,50.246688548024125,-1.615407392077002,50.93117974637367,0.7668438338215883,48.57248470892251,0.495473476307816,50.30305263632721,4.121732261098926,48.825247065020505,10.659944489908863,50.829379869307886,15.558881519152303,52.52755816457779,16.739681793626218,50.48825802127892,42.70126282173974,47.656724348953304,49.06741891443392,45.299942836896,51.02626630506798,43.63104990297361,50.70795818756095,41.72077227416723,49.756823741762936,38.41127023461472,50.55726698971033,40.05221121586513,50.91138067945489,12.59971041977685,48.70193315967777;1
-50.40516319810566,-38.08421806650516,-48.94118747173616,-41.504854426626224,-50.22003452215543,-48.322394803116886,-40.00021075387436,-51.03379546276774,-39.36497359932748,-47.71806524606871,-39.16623052903925,-49.86304512648642,-37.99343940773438,-49.81873470715705,-34.86336256141191,-48.93069218863111,-33.83202298571952,-49.16862224632494,-33.06394198572986,-49.10476864946437,-31.05660332325486,-49.57971829777007,-30.962407209537396,-49.500515680538186,-20.81195275618672,-49.5217292131294,-19.057392251901135,-49.144390390847136,-15.549328797627066,-51.18030372149784,-12.171624466633958,-51.09881313728703,-11.201882509600908,-49.93351307345597,-7.41157816577999,-49.70765659624297,-4.602978976390902,-50.74507067154987,-4.291544378225007,-50.19539000017794,-0.4584937999656925,-48.78319392109406,3.291805184956896,-49.95131537372596,2.549378340577912,-50.38209708929182,4.284419948651793,-50.32722478431181,6.863298040716302,-48.13290887776678,10.329330923272764,-50.20856234025119,12.869715459961942,-50.2121460895375,28.25615236390137,-50.29106509861638,32.62049541676622,-51.3531729717889,33.57727886849933,-49.049689670603655,43.7531528826105,-50.31711113337816,51.423837193754984,-45.08560577204365,49.53889978537936,-46.459034466385845,51.20650453414339,-44.85196844641706,51.18167946198848,-41.30048896722831,49.56377328828641,-40.72157264248722,50.56316889111493,-35.93114183944476,49.62272422846339,-33.27882904756679,49.35816327247641,-31.3129410358295,49.60363921926684,-24.101444912559543,49.19777203104206,-17.742399521883133,48.69067014878856,-17.011541345277266,49.787526751028786,-15.431744679337582,50.54161855130635,-13.248330108534129,49.163313137692754,-9.216897139507559,50.93782951891374,-8.131624111294137,52.03747068204957,-6.050704300191318,50.5373701157689,-5.818522203206262,49.487570955804486,5.035207646258535,50.282501859273395,6.983162107091795,51.491401900642366,10.559906419236487,48.746937163853836,11.186856077610996,49.088669751804474,13.411743137198723,49.45337334663337,13.24739590364903,50.51964880624746,17.921305503520134,51.36366581230077,18.927903429421434,50.234026541867635,20.296638028700638,49.899058459925605,20.19786792192493,52.20221404480938,22.18735068960873,52.28791377951598,27.40162116035129,50.62052550333372,30.42109440407963,50.68681910226258,34.41000499874963,49.556843379039165,35.726118542423194,49.358137919632966,37.40824173479493,49.103120630404135,38.753280092741996,49.869207008402334,43.437565860346325,46.417639041581104,50.03917557640254,44.96809386685893,47.867624884161295,46.40448010187307,50.34015638579012,43.363360516557854,49.27364895565737,32.6834482480715,49.48578276975344,24.77965019003621,46.5858204136755,9.21998762138498,48.116751417934644,4.1454729551092235,49.99883785488779,-1.2158651997993304,49.37423447659667,0.7608230734336063,50.752789344105615,-1.4449099552498028,50.47798786639312,-9.735280865511632,50.41150288268084,-13.76072467478974,52.291077666629945,-14.05367668850113,49.6194718735494,-17.970800387243724,49.91553808701295,-16.85765007946416,48.952031005560706,-17.169898296315324,49.80760216218909,-25.85932480719718,51.67441053425543,-27.171566806522165,50.15656591479095,-29.552434819791028,51.396959627254645,-32.41067395895343,48.51324696923876,-31.86045900372403,50.444793149936565,-37.7192305691389,50.97049444567312,-43.154680359258336,49.563537752006056,-45.18212883443523,49.356392704353425,-48.49611969894411,50.520422914838406,-51.23921907872784,50.1879982375509,-48.71111516401401,47.37925059328497,-50.78386161969914,40.39068940432426,-49.58054889809469,40.85453308066546,-49.35151566003853,39.110257450354226,-50.503430946486084,29.29638694744665,-48.948168243379754,29.212039932083886,-48.40127734381658,23.559384734649093,-50.53242284671677,24.440550917854548,-50.66240963836797,24.738599534918507,-50.49760426460379,21.106029844317717,-49.67012689763604,17.3474407902775,-50.40494183098925,14.762988012167208,-49.70952233376388,16.332952093232628,-50.292776380170366,14.156136501785207,-49.391037800985835,3.2784311491323064,-48.50383742757336,2.97012134561651,-49.4765897525898,-4.257623843494167,-50.81114166449169,-3.38014079699357,-50.32789604579692,-9.04563057039666,-49.21851799407804,-7.164386603545164,-48.992026141391,-10.263014085097216,-50.35415198693948,-21.089763844234845,-51.17831626730849,-23.2865605598419,-50.44257083250344,-26.718154165153624,-50.749720719923616,-31.577287411869708,-50.860819351780336,-34.32120101003039,-49.34357953793574,-34.69127112034383;1
36.064893758334414,-48.465514003550176,43.97743403548082,-50.435126332459724,46.865448104531694,-50.20956474124172,47.23314984587458,-49.96002956427073,49.61177796628961,-50.263825311578344,50.517279751882285,-46.31329364063735,51.1004558580155,-44.09211155697092,49.58333099397239,-43.219817935478666,49.98224439100651,-35.190352056091555,48.91441259399379,-29.07493565244301,50.01438565131007,-12.089180212868701,49.324763495149185,-8.410374579987439,49.5525115708008,-4.520618217535975,49.30637331910484,-2.7312711961433784,51.400423574808116,0.3770713817212924,50.386583629593915,2.56903379098585,48.57333635872488,3.169114987813158,48.445361319036714,11.413042017865902,50.230298736359366,19.25721427005259,49.782316411574875,21.482976476182838,51.81325759630801,26.105251203145727,50.26417724193966,34.29036692922929,49.62129372174301,34.87884077316628,46.63113788786368,48.785258138375,39.76375942534836,51.26158752268265,37.671172398433114,50.02884317290607,27.719706784262634,47.57958163705573,21.002573020034102,48.470766268069,8.434424164391901,49.563179511900444,-0.5364788118537818,48.62949454650791,-3.2341166210387087,47.93886804596989,-6.315908309208654,51.05921292935873,-11.819692544722752,50.26858287082311,-49.89087794995966,48.8845144042499,-50.68440358693419,44.567601759112335,-50.588607839794314,35.76697658272422,-50.319726005375706,11.84972430015321,-50.88344193309404,-5.507180692127392,-51.975205584899015,-19.339403630347658,-51.60573501959016,-16.93641036961723,-48.592822208595834,-20.830134076296794,-50.315931585913575,-27.70707512654259,-49.41174468232329,-28.51888751690317,-47.0991100248899,-32.91032420642138,-32.85610229068722,-50.365940479653396,-25.383633495186846,-49.488633444527636,-23.2169066716965,-49.24218264073806,7.377121316887145,-49.4095452517852,26.636548382612474,-52.12974175825775,30.258944516492445,-50.057300321496335;1
50.669208156365336,42.79397022337501,51.49285435299506,47.4740716099617,51.147562371355846,49.71359460838956,50.592071583656555,48.63994224302793,48.59820845553732,48.94071306496386,41.97453666105356,50.09352942087328,40.5344378756408,48.466298408422006,39.24500269181847,50.85409822172999,34.18920804742143,50.391309997761795,29.149070722975566,48.88617236306768,29.1195072907642,48.03294777278684,24.31752551833401,49.2583135322996,24.720569377542102,49.28017326758811,20.988996769500417,50.44271995666277,16.433526001411227,49.00960159340924,16.685522539589662,48.12357212280452,13.19938985426057,50.30362799958448,10.591930702326401,50.4659009939185,-0.5418060442927872,49.62974654421728,-0.11116927799648346,50.12536314274499,-1.728637902950032,49.40230588677016,-6.664463604964594,50.983567902770424,-8.428669172569444,48.7047930512161,-7.221888507913766,50.313175187672925,-15.242513739998257,50.30478367764629,-18.502332237711904,48.50863536417172,-29.999144704241274,50.0369551417776,-30.949362379494698,48.36807574160719,-47.703387292378444,48.39676927074978,-49.96786046155922,45.50879794945396,-47.38916803006172,39.33139288628,-50.06505385811269,39.600281675033166,-48.83262645855665,24.98448216015197,-48.52790557277189,24.11093459007274,-53.327929838224904,21.725066329664944,-49.081899032921356,14.511550383990924,-50.53292984050744,12.546607208204973,-49.53288930619818,13.085196058396347,-51.08525938005781,10.74504852546574,-50.137724941983414,10.060024816100665,-50.50295172933775,10.05026186972276,-48.54213743689141,0.7972147248660869,-51.61659862641966,0.5506987270268403,-50.17002038162469,-0.5130250835745254,-48.11448130483142,-4.741704745901489,-50.14169647814847,-2.923796122255718,-50.09076078735413,-11.68965525144064,-48.57999382982833,-16.826952615678536,-51.711432257239615,-17.801867642620635,-48.52640154955411,-30.403900727526636,-49.55751717758185,-32.24017507072986,-50.72242676624104,-31.061612537598336,-50.101975238362265,-37.97337604194628,-50.62085008046288,-41.0570066299238,-49.68277425160422,-44.41380373110268,-49.66164523571349,-46.5738320463097,-49.230350318665614,-49.02214055484065,-50.447314175738285,-49.82739679698064,-46.5088867064772,-48.557175159240046,-44.30768035445117,-50.03442981590865,-39.584883637119745,-49.85255584791493,-14.86105276159305,-47.86622919405202,-6.854759527567568,-47.6114336559098,-7.946630707015252,-51.225868073603294,-7.74045270856292,-51.4597433259143,-1.1165723242493268,-50.30727949095397,-0.6429565517448672,-49.874081001032586,0.6464695515995103,-49.41799289065448,2.8335019861410453,-51.705030698459844,10.696410424954925,-51.18500712006675,12.146890644295457,-49.439481226183645,11.88933989654844,-48.822123181128305,13.677502856430323,-51.04975785956783,14.842619960600626,-49.279973847814304,17.66699140203282,-48.71437553462196,17.870074646157008,-50.52784633779009,19.031305237714058,-49.796623259313215,23.60621877399545,-49.19931457130554,26.323986724619157,-47.89521882451516,27.716319461568315,-50.29373378915338,27.118271995522527,-52.339884605950886,28.249948145321838,-50.2670888479912,31.44802145562304,-52.84596761511628,31.154415471987186,-49.678201674302265,33.476402576264285,-49.80634399250918,32.69921219150394,-51.1118039225668,38.11726404441918,-51.24941708872206,39.31687055155775,-51.48407068950973,40.32572394909207,-51.58376399982879,47.613299713066326,-50.10785400777449,50.00415343985177,-47.88707402464865,52.09049614466265,-49.58572921548717,48.96428786048942,-44.114983991498384,48.74875183675758,-43.84978724435392,50.69458558970715,-40.522676738972734,49.730958371787665,-29.765194288063203,49.31008263465367,-30.679380110138354,51.436475580905714,-28.584416421678366,51.11686410398209,-24.056447241555123,51.36558461802344,-25.74054840882807,49.54420266102021,-23.380743524622734,50.16861048069697,-14.412805143794685,49.45822280961495,-12.690274425232344,47.97256684169345,-10.826064145961642,48.88188936060755,-11.8289890122657,48.46039099903649,-7.303983454876791,51.4063074668213,-3.5293744447995676,49.53480098503768,2.6027330755605234,48.725510439619214,6.395481691500883,48.268907690716716,10.713614477124237,50.49366180016569,15.078202651403473,50.15875179045351,23.554089205351595,50.0964818198353,26.30471483144359,48.79666998455083,29.206024783110134,49.10990465548057,33.80242538941596,51.19649411256897,36.802194319504586,49.48172367522223,38.50716125940623,52.86835528925458,36.261438486556436,50.56062515030593,40.739268140503555,49.31906114287342,40.750164187158184;1
16.954146636084143,50.3344668297005,17.358541325114494,49.777503255921054,13.769625599330706,50.20584824207141,14.821371405000384,49.50621961067547,2.591206484307771,48.7836761862973,-0.2657009479018839,49.793210138368295,-31.73318857601199,50.77416290924825,-41.77737621907917,49.58536491522312,-51.14564119352627,49.32504049957297,-49.999405719149536,18.418588030905205,-50.14882561380878,15.393730079257635,-51.18580117661719,14.455504219991363,-50.83764494602492,5.853038550241835,-50.68234971132887,-10.512330353829041,-51.09471056944443,-28.65470687706388,-50.02384204336839,-28.363737501125737,-50.48294311722764,-40.26042294403967,-49.38874816552486,-44.50819771514303,-48.20707613418189,-46.683737143915444,-48.94588695241342,-48.615562448157334,-42.562557451771596,-52.80939460096479,-43.65356012127414,-49.47221341673111,-33.06727827562635,-50.11139136437007,-31.120717299150314,-49.008863843109154,-25.369203643045662,-51.90009000115342,-23.93768409257624,-49.52000245886413,-18.62039080125061,-51.512244973158076,-16.710980126495528,-49.904475511753176,6.707178857490808,-49.143417605841975,11.933473012225852,-50.421045031513295,17.59042952579438,-51.063800560006044,19.104884447008132,-51.09049430181754,31.484521410718553,-51.089229009536794,33.60443203494607,-49.058181270402535,33.37985693313833,-49.18513473633816,48.09995996909345,-50.48040938417009,50.23025772055162,-47.80476495267167,50.53583879413928,-47.315700656076814,52.821279328554645,-18.08349642416312,50.15072237054247,-11.982253025551193,50.006885408412316,-3.670965381050193,49.412623946800835,1.7515718167050387,50.308273557809194,-0.8942833016075689,49.2308435108592,10.86919689686113,50.371380798528115,21.371638263738678,49.07752270218711,44.09660855785769,49.406148663435246,49.66109980910584,38.34435057869357,50.44976134268749,36.40606081118797,49.25665948629132,35.519031436819574,50.74989558477919;1
-8.463976894681977,-48.87193351040815,-4.593678205432762,-50.13628968051003,7.741769926678994,-49.93570593622941,7.663500662466605,-49.462563151969654,11.485772046976763,-50.00117156811442,20.55523175656452,-50.613463731334846,23.353811984589644,-48.2150831142579,25.24658333551389,-50.31526381984949,27.826594639390894,-50.21591376062886,34.4021750285689,-49.80483830867471,36.59318139019722,-50.0019001019512,38.91482610826537,-48.60739139301193,39.866413161645696,-49.32487974955902,45.86101958761951,-49.63413006130369,48.32083957464125,-47.979648433435464,50.730774946358295,-48.13662100551071,49.79215022589006,-49.50143794071251,49.94278223927226,-48.79445949230241,49.3359118654698,-48.8140929677354,49.92387406335679,-47.06384630287809,50.20921106922136,-43.62411259601868,50.595337908987595,-43.5470938071947,49.80773358091341,-41.7643468759776,49.73302597337215,-37.28551927799098,51.487084776721886,-30.850352313271728,49.681323960056005,-26.6823319654534,49.97626464785046,-21.508069127355856,48.77098684280565,-19.19693084016425,49.13835212768193,-13.866993909644489,48.640933865032366,-10.947414826327673,48.51725188666658,-8.726818464043863,49.983487571325504,-4.925133999285909,49.06943482197829,-4.210663168376664,50.23606921964631,-2.986536207568913,48.01727028673719,-1.0208031428942903,48.8720236421235,4.665299762769891,49.5674209334411,7.276454142301624,50.931621730711456,14.620779878265889,49.67290352253626,15.080411421259202,49.7700564254725,17.98948855812611,49.90759618929284,21.194583321916827,49.39665658270984,27.08779117935139,50.648761698078665,36.034896301592184,49.08389267206235,39.59887275324377,50.517453875460326,39.79087705215921,51.82083611715333,42.10975215486036,50.024909315778665,47.77111729494175,51.344029291586956,50.395206292781154,48.21510271560256,49.643402527502076,45.60451895988956,49.93263069737191,46.552336304522136,50.791547048169356,43.69966938022219,50.834849438176676,39.82270815893149,47.83240439325608,37.75816810910179,50.23777369985576,36.32350962987629,50.57546307310606,30.19007583115385,51.379871664194184,32.206756805526105,50.12423218458174,30.574339998118052,50.68806839484432,29.382149918197626,50.0982411757122,26.808634181128905,49.87902396078592,25.94817688694252,48.68066378310428,24.578477102467012,51.71730905736548,11.136744192705677,48.72110635004842,7.647688693847548,49.79120284883669,2.9348318185820172,49.31663695583364,2.8307236158562405,50.61518935752331,1.2455736194328726,50.44187948090091,-9.839019118388524,48.42136321751936,-24.837481106406493,49.59376303488897,-25.57117126506603,51.626342626986144,-25.379570193275264,51.03744090429196,-25.914880797990964,50.83324750397217,-29.498580487772482,50.296999030327655,-34.714603048655135,49.05457666584907,-39.0016199291005,49.56016743195005,-41.83386623333432,50.770222465319776,-42.5327671539515,52.4796181330452,-48.804791582860446,49.58809580444515,-49.10646243777343,31.69715530599156,-49.018031249380684,27.70194439504855,-49.64421322889779,25.75372398156516,-52.68330028200121,21.791860666447764,-49.650232266916085,24.30107102206095,-51.078527442661546,22.156430681055046,-50.52892086149269,15.993326829168248,-50.09152514396575,7.294891797249024,-50.88356535935504,-0.6148234187211691,-49.887728817060356,-0.6581800365763584,-49.2494866608062,-3.4144799083818103,-51.582018669782585,-2.5390432222470958,-48.99033179618583,-10.78419113742062,-48.125218323261784,-11.541159747974191,-50.33396578294258,-14.0388883918757,-48.56965143246081,-15.857173880835465,-48.894232031626395,-22.882649473438665,-50.274296816725986,-22.368902406627505,-51.40215186884832,-25.993654703803912,-51.52693195892344,-24.834269222134,-48.12428349214931,-28.815317257206736,-49.346262420140086,-32.36049031657685,-49.31518745497882,-39.01209168966604,-49.31661852696999,-43.51210369338169,-49.35399322258859,-48.51555598502784,-50.28863702373802,-49.68330640675028,-49.11105174612151,-50.31371620576882,-44.7938681874345,-52.382127065715,-46.56362567141097,-49.40217442858902,-38.812080736430595,-49.85040672471402,-35.855632343922956,-50.77874277751853,-34.79549021565625,-50.603538332965314,-34.8038495029172,-51.21614038204379,-30.483141176881077,-48.64620057875079,-30.709735982130223,-50.657748844782915,-25.604092000535264,-50.209297570017796,-21.55055215461487,-50.31333628185139,-18.671640507898175,-50.10559420322877,-13.873118129714278,-50.772929112891354,-12.611713295258964,-50.03751578780552,-12.176562678882346,-50.03989365238359,-7.732991505998282,-49.79597297820308;1
-17.3542772699414,-51.18997812387468,-16.04445711634509,-49.69218522476504,-4.267123399930709,-51.28670313838433,3.9612997257721942,-50.813982112676975,5.974939690093891,-49.87592795183373,8.214910232167561,-51.446451231520165,8.545046223235436,-48.95692828270527,26.704512068274937,-50.61716489540535,34.846322041893224,-47.497844784769306,50.19420724951382,-38.45071705653656,48.82628340219147,-17.885434432687088,50.074477579443574,-14.414816463922497,51.619862252577434,-11.24616332929002,49.973177269133515,-10.780342299449387,50.41680350634554,-6.863199288419546,50.503555954001015,-2.607980542284193,50.0085192738099,9.87732098909503,48.00774958212088,9.894021447436911,49.35109642825503,18.82031056366722,49.96594420118105,22.581602402081295,48.52420577614862,34.43705350411157,50.78670000453522,31.89166092381481,51.156559709733145,34.088201875698054,50.46187279724224,40.5864775721853,50.13689505089991,39.264882247107906,49.69669876106734,42.693353062487276,49.13250507831804,48.573773602587295,46.60225459152085,49.90943752031369,47.94837693827191,49.5078195059667,33.87376840101625,50.569275967516624,28.05438785786249,50.331203223269945,17.181792710154067,50.749305327939254,13.917221305691095,51.05297794363183,8.77110600928991,50.0430569920779,0.9518502189543164,49.79389842533521,-0.8369583956448052,48.79994051722158,-3.851071102657006,51.10346408021475,-6.062018401041661,49.898186928064256,-20.940359596037712,48.590336483370876,-24.886183562422644,50.657670187249416,-46.389161839293656,50.8577989115687,-49.353812071105295,39.42096872738989,-51.41929193666216,36.72649139635989,-50.4096434140249,3.541063079217516,-50.286617928327416,-29.58559873177424,-50.63696946749624,-31.553143036541677,-50.994804529053454,-37.70268840879804,-40.67378405319148,-48.771083457142765,-31.4213851499133,-49.94081571367948,-33.39604972759486,-49.65310434666649;1
49.99993476392978,-36.14889690239006,49.93723890590175,-36.82274288941117,50.44752461398868,-36.66304192090716,49.71242226971129,-35.942278596632676,48.75026857625801,-35.29488297766851,49.96407286207137,-27.73392866633787,49.82676675122666,-25.428195731646916,52.41895015940476,-22.949492181276675,50.75278766584573,-23.687024889845404,49.66125482635328,-21.30660230582876,48.85563690999414,-16.53337963727577,50.82158587386454,-17.443977908882108,50.16587566627596,-14.795257555019676,51.49044198389428,-11.2465774797642,48.250963679785265,-12.93056610610658,49.09527648499873,-7.917183750771495,48.79137750417046,-8.20109618680504,50.02823083014876,-4.499136741621219,51.53843798612335,-3.5559426067300133,49.53381790292276,-1.535395404743846,48.41872992846246,1.5970772994287818,51.12001355816882,0.44216467961859474,51.10514943319729,1.3269095381304958,50.56998527368269,7.860430610734707,52.7033935301226,9.417911799203887,49.59199287342993,12.856927926169774,49.90613108754637,17.18231929731271,49.405266722238025,19.13079943018985,47.23958629564707,24.546709020463496,51.13094141294772,28.386962842691112,49.78052661266772,31.485080416895936,49.593294613346245,32.4690526918087,49.87546810137839,38.1600612299655,51.70847236241988,43.692248771666605,50.32110945536101,46.20255086591232,50.86055772278186,49.9131731800853,48.38826600828779,47.039138374192376,51.36407503574476,47.837690229516056,50.06684478977693,50.02835819988769,46.82661612043658,49.41477140905874,50.05129904870053,49.24954793700253,44.63589816335443,50.086617060704484,43.56668187169269,50.70364078171119,35.94433990062292,50.281014711314505,30.52864099392814,48.38067532383643,27.930798085716646,49.30797846387185,17.013680810514156,48.375654427576634,13.662086081972332,52.69082666254202,5.553139312666358,50.543252924583996,7.103483143758555,49.18758103777536,4.833077529836307,49.66844092288636,2.30431247137352,50.418677916749736,-0.9253773543856503,52.43681313603819,0.39006930693005143,50.6088642427653,-2.2593619343803173,49.456328838055924,-3.2353460786922534,49.679654878185666,-4.273205533246353,51.613316387681024,-7.286802325209344,49.01782277568459,-6.792058080998208,48.74679043321983,-24.695269587696163,51.10814435365373,-23.75765889291475,49.737035474170696,-27.235636076777386,50.500228494610795,-27.82207308420005,50.48418793851659,-28.83677855423601,49.12473849634563,-30.236492310609048,50.61417336676215,-29.66626598398834,49.7411367658738,-33.20489530888914,49.0528104383296,-35.133791924062905,49.6197196756907,-36.78508137984906,50.30418857829655,-38.32684678359932,51.51921280269152,-36.688782869043,49.61802040692715,-43.510709648353426,50.763536382153234,-45.89840058686142,51.8260799000691,-48.38386607510198,49.859129114830985,-50.128839244496675,32.33228409021595,-50.63100231649581,27.899203116724696,-50.357245795313496,27.345414501010723,-51.26416780432209,25.514386956515704,-49.68719920832323,20.857926857537525,-50.44877722547075,9.705590215575102,-50.227024368380434,-0.9708732013304798,-48.15150326914546,-6.78226130999839,-50.7867239558294,-8.248357539582939,-50.91663643258056,-13.472579442272629,-49.643199117386104,-18.206092948341148,-50.81642845896747,-20.326956197707453,-51.57765398653729,-22.04464551805269,-49.281596574235785,-23.33472777297013,-50.58346191346287,-22.639355397727186,-49.26688432522542,-31.202497858348945,-49.2303093138171,-41.10735459476472,-50.32301426744488,-38.97180264546902,-51.66252588378512,-40.398670603871324,-50.901956143678646,-42.56596320116487,-49.983418145569026,-44.13926773111049,-48.87679569289072,-45.535813721571905,-41.19245978042132,-51.13210712009871,-39.057861137863895,-52.027393115806895,-31.812654576999634,-49.458077697293206,-29.117825249966664,-51.31540854173553,-27.12863265705059,-49.99713588296473,-27.16486167134724,-49.72538756480928,-13.650622408056442,-51.985184840416665,-8.43859602242631,-50.897237581545056,-6.400832818203935,-49.819603162503725,-3.4941878085465046,-49.7246119841979,9.155273722734321,-49.289149204182934,19.7705163347485,-50.26480354548665,31.25780653420215,-50.28494195436945,30.192073082787218,-49.06013600866928,33.735848430198345,-49.52244879900456,38.95298266215165,-49.39531162546018,41.783565287540874,-50.01120111115285,43.06267211725173,-49.64688039370351,43.757905862971214,-49.75048376484368,45.0225630901861,-50.75877943851417,48.196688261477824,-50.59771530924216,51.35546302834088,-51.33149483968029,48.66742576631364,-47.316748930617614,50.00481282382334,-46.0097413805596;1
-49.533136629730876,-11.919545018083173,-52.04944439295399,-15.436730508180547,-49.27607176454027,-35.94132983643715,-49.65098390908179,-36.47863149675879,-48.148308325275046,-45.31788169335186,-49.92755495359105,-48.18596057881613,-49.13150555229508,-49.17466618643106,-42.62407917914554,-49.93620112840154,-36.747669883527344,-49.095485446236395,-33.649679525086846,-51.15345707620696,-27.21547672339453,-48.607774733385675,-22.392402428504855,-49.131139090141794,-15.736329807116437,-48.27436697327795,-7.3706114374646745,-49.860497508875945,-3.85376231422993,-49.26050447438103,0.40883558127354885,-50.079831817065006,8.206716741787357,-50.47296584785694,13.501835715334844,-50.15481017138601,10.96905034406337,-50.16953398445557,39.803202255819194,-51.08747295910526,48.29363007970152,-50.310810206311956,50.66604191369683,-35.132257628842154,49.74778391297447,-28.204621683552226,48.155406163370216,-23.555974633871113,51.38135700350042,-22.5232759282979,47.81484204023732,-8.80384799299162,49.354212409187554,-0.1029655955358102,48.59416292314928,2.6099109881905993,50.993380970837,9.767762171703712,50.77685556594232,12.40569755833811,48.87935051567125,50.49417449649348,44.03514392366543,50.51508709219288,35.89159789948375,46.730096497923796,15.393308123570542,50.27062890862235,9.006059057900712,49.82511787120627,5.934195225974849,49.18429908196488,-1.2013143348751356,50.66728074329906,-12.436851893103427,50.49240973471447,-21.957379281212372,51.377994080481166,-21.659862576624825,49.92118642747435,-31.466423566828936,52.23197101171858,-50.02194122852641,41.72866000154245,-50.44603749892718,41.45182238702932,-47.836085076411116,17.834790593854475,-50.19040116940732,17.082769928235457,-50.46190841387983,8.076660011178703,-49.21553799118706,7.4535527720707835,-49.245842910881194,6.9105299286328306,-52.033726189639424,4.858581182246336,-49.35724536248612,-6.395426783974188;1
-49.974135004908995,-33.465296785168164,-47.897012709291765,-34.65753302366466,-49.501782102013294,-36.95314981346708,-49.48476570097726,-36.718349325896256,-48.46581358128011,-38.52047673662453,-49.88314256336771,-38.2789259398864,-49.611345944927365,-48.83779703532724,-50.39557013137711,-46.011294185628884,-49.354004509497614,-49.191692114224175,-49.86448038728765,-49.655640292014084,-46.659558624434396,-49.93311928689544,-31.284720793997913,-51.08738599531532,-30.262010972114634,-49.60971949464972,-27.58835084794386,-51.183350460588606,-23.431963981166327,-49.37439839242018,-19.530408716974293,-49.16058043995083,-13.974365288147172,-50.549872644116824,-6.833604917040591,-51.305809531426824,-5.65318361887543,-46.925169986877805,-7.03913560963634,-49.6794907018209,2.5361321166911592,-50.29753230383255,3.2019536597287326,-49.848225084087446,11.931833040088339,-50.13532028015306,10.992500308731007,-46.9857726703875,14.981110450419688,-48.94160369451363,13.924502067949634,-51.08330883675215,15.972361168985673,-48.764732267235004,14.902976036904212,-48.23460350901391,17.38106892301939,-50.065614171228894,18.64445687392914,-47.743453599531136,17.88421656782286,-49.45332736287258,22.93347757899381,-51.14780631054737,26.652814955041592,-49.37454371599236,29.62994975532265,-51.63815107305691,30.12647107378537,-50.23955401352095,36.45951614194199,-50.24893741958481,38.05670133442003,-49.27321284410656,38.38794399678818,-49.30911114834433,42.65318452524246,-49.041764842392325,45.33685615997265,-48.04305381241562,47.5958770352103,-50.98770053908608,47.423071706332955,-51.248430607542986,49.00959276389513,-50.2171623724394,49.652424889782104,-48.21000247450886,48.413704622206055,-49.19884194006495,49.48777643732905,-46.510344314859914,50.39553248280442,-42.0867860718131,50.24365184470041,-37.35021836335237,49.597141252739256,-35.859809231804064,50.08497994099768,-22.078821906338362,49.55850550521553,-24.453855528003093,50.919887045880095,-24.55937606362158,49.24330595677896,-24.269264817817557,50.82581763697998,-14.30464556603373,49.68315725532864,-6.92853896917665,50.52900718018145,-7.088230690614184,49.647677227332096,-5.615342441987642,48.76831064719832,6.4975526157567485,50.448514237788956,7.183234565700851,50.77170297100645,9.379296367358045,50.972733681118,13.937864157067384,52.49067321325158,15.50669885795385,48.30399004408187,13.262259189183165,49.43707605427538,39.442714363991385,50.247905366464124,45.98217378430739,50.17113896651521,49.986669193464614,47.31338259335115,50.38757645099797,46.60487276715287,50.76597091346512,44.56677983979279,50.20747091126603,39.18291179142541,49.921438988222015,32.399084378827446,49.74438929890571,31.09982159249429,51.51117322704026,24.355220302197367,48.45862644905862,25.772775869057217,49.26947089522229,23.520939184364234,49.50042110628616,20.355618804297972,48.64198439283509,17.90827761887995,49.485405897749054,15.002042664679136,49.2430550627702,11.246259076082087,49.35071058115652,11.885287389943006,49.08376409641534,7.735305873778594,52.043310561884574,6.277845682184546,48.840488093625524,5.5114134909889145,49.56448007003619,-0.5792909743526172,50.04605555671174,-8.15599072467042,49.81885242155007,-7.683976635226886,49.4819346304469,-9.57290621418727,50.175689516600464,-17.573142778110153,50.66572823233599,-16.858867436812485,47.68711858270405,-23.262563337259614,48.752920821248566,-27.04804590903696,50.77403045243752,-25.12866213838927,50.3303296325439,-33.12487692520697,50.653045049150016,-34.177473891525004,51.758662549504415,-32.34333191792945,52.35977605517331,-33.00603818485781,50.9730839041449,-36.21769147148381,50.42635545638365,-45.48906108797178,52.85764631748177,-44.670200488073,50.460151875582845,-48.66732745155295,50.34104977590723,-49.77253404718147,49.212329310789606,-49.47401743437599,43.21681465848377,-50.5265973876927,41.72140752013171,-48.9582201913375,39.48041716203886,-50.55181440354247,33.710177085605814,-51.644414584421526,31.098774766780114,-49.77804575759722,20.345208587826708,-48.56315796859483,19.14820752658934,-50.91448065132881,17.587835549363138,-48.309882493475385,14.052564592128475,-50.545567973062326,14.38013422662087,-50.122881374183365,7.851771029551277,-50.49707192458019,6.30204616879966,-48.11010865531987,2.6659124605052984,-48.38327689625736,0.7223873574796532,-51.30737564160077,-1.3549105712809373,-49.016138026562665,-5.157118172670717,-48.58347065577623,-24.42962322750865,-50.21475408976954,-29.03380501710662,-52.019556058504456,-32.33717093990147;1
-35.92600996967168,50.745005480052164,-45.681563350709496,51.17385437037961,-50.21577817602348,41.15600630172957,-48.179882856575794,31.809392321915016,-51.32378956822921,24.53381605299217,-50.72469794437392,4.591990615070348,-50.8730722425186,-9.343695813914366,-49.321803142995186,-25.11504108959055,-51.17291057748199,-38.64062145417538,-50.39567409490466,-43.26867710327084,-37.93442236693292,-49.29951002131469,-18.739818532950757,-50.11532020327865,-17.566142198344444,-49.02117274022138,-14.729562532294567,-51.65764794238778,-9.600865271296273,-50.14175690823178,-10.813925621179163,-50.581114064943584,-5.579265683468419,-49.729934299954806,6.977618900723613,-49.03692570823371,13.94977830064443,-51.01556528470948,17.209007231975324,-49.36762836227835,20.289608961096793,-49.77501862881215,22.128976912449588,-49.94206551181015,23.535716033956984,-52.47611875206602,24.68326102909349,-47.14662483486143,26.884845567327993,-49.64824267032121,32.294702203324775,-48.95974758878808,38.032720524789795,-50.57891011619495,44.26435146097887,-49.28330329395201,49.947716787746295,-50.63023807572942,48.809140713909045,-44.78091120547581,49.563993741662216,-30.135421309335506,50.61535319952396,-29.14122772861037,49.43115271570336,-25.59876943165399,49.35497618066088,-7.88671215156781,50.5066272301362,-9.942479213246246,49.64994830554457,-7.927168342452214,50.25843844548812,-9.250708074104292,50.02105654417218,-4.650328207704573,50.83530445511459,17.87522499701914,49.318232645273895,22.447989900811848,44.65103973459772,48.65887423545444,35.22185554606502,49.136739596429706,34.21895794136679,49.32402150865945,25.680860665801326,49.49381009077828,24.169355522010644,48.765913613954034,16.426993125615418,50.39783268449247,9.892844459935036,49.55289327354974,-9.104505212709517,50.2461550577057,-14.77989455087184,50.64954168557872,-18.16399291095074,49.04950683483517;1
45.23127400498937,50.62026697965084,43.46179978186387,49.479967288229886,43.21262970590253,48.91615955909451,42.94772201464692,50.05651296130786,38.38722816983548,50.56654789553492,40.11945029247523,50.376392130490615,39.07382127736714,50.72961507888646,37.46045298564229,49.95519569674243,34.54412220751225,48.06911388283061,30.89230906475354,50.35823304037356,30.596019877154678,49.1310221578343,30.168865401316527,47.60646464490114,31.227538254113202,47.941270134157705,27.32070695833695,49.12873262882541,24.299270965072658,50.314149101141595,19.393392791337607,50.802835655647506,16.245883250389383,48.99350824083798,14.523444466733656,50.10523026045151,9.563581207435254,50.7786466140832,10.587728463723936,51.15654310178823,5.976802389596811,49.89906084477134,2.1084802966645175,49.546367912352224,1.5102607094292995,49.345251767041034,-17.341198682280236,49.75974742183551,-19.378788894153686,49.11175248180751,-19.742311354810163,50.04976225438945,-20.365512960085468,51.34701099420676,-26.156461739807202,51.16225886899419,-25.86787179041469,49.4023534655566,-31.87469440643971,50.17996775048333,-46.87452953675374,49.84195450434899,-46.02720444145201,50.92326690728246,-51.530969262100804,50.82140092493268,-50.00790622024952,47.66561956600067,-51.350966112411086,44.786879724770344,-48.632586210509,44.44567567568626,-48.38797073067082,43.24319624440238,-50.215018142324595,42.727670701150686,-49.92638579807899,38.48381796245617,-49.875507343156585,23.191522220178374,-50.4157475651361,24.036228725078367,-51.01091442667136,23.47078549418753,-49.3280218826438,22.1547847913202,-50.07801694027217,22.218725829664322,-50.178287228749774,20.32918319144305,-49.8842067498459,13.362880707617034,-50.231685455025705,6.404572379984266,-50.82875828962826,2.107119179569609,-49.60864239470947,2.347095186226842,-50.266637750923984,-4.699742913268467,-51.2070351964678,-6.429726415840499,-50.345517769248865,-8.449734223126006,-50.67476745469128,-12.771244037224944,-50.683288997034396,-33.88712179010621,-50.23653700584476,-35.33215581425354,-52.00042064185836,-40.02969179188822,-48.83778710139342,-42.84994313400798,-50.95340406543332,-44.36698224846708,-51.77522910237628,-46.55771391936057,-47.536254889383244,-50.205293299313055,-41.546788205422786,-49.663907129152804,-43.55648425682946,-49.83603902371676,-43.72385632323953,-50.2080089802086,-29.255550209720266,-49.01086525242882,-25.776425477829587,-49.46242025257005,-19.568566203558884,-51.783492311685464,-19.90272373220514,-48.890590704214645,-17.169959431731797,-51.332124024948364,-15.67652542231507,-49.62161702802799,-13.179865337524802,-51.391859736379665,-2.7214777548147207,-49.95424515487154,4.509248829118673,-49.85498817563361,6.766340230003044,-51.024305570984595,6.710354204178266,-48.646828083160216,7.756853018974191,-51.238164573746474,6.557324827277342,-50.235496040419186,9.419197709580734,-48.89191418692099,7.340430470316903,-50.759320610861636,13.793955707879114,-49.5959815029839,20.704453504505466,-50.272421707371954,22.829522188398983,-48.915644046380706,25.53106344065841,-49.2129349343031,28.179752374089826,-50.8923960241993,29.88139075796938,-50.75712568403101,33.93226562324025,-49.83893898044117,33.97199176268894,-50.64111752698192,39.34307195891543,-48.947454485183016,42.535906779153066,-50.0864814490502,43.54677542701267,-51.34319115991179,45.7375563377336,-51.40520115925895,46.53199849557651,-51.90461021351691,48.777874368420434,-50.92793150485046,48.139790405331524,-45.448488158530516,49.269271494023826,-42.476795700746756,48.14536544025056,-39.02360668234581,50.72082828948627,-35.214484372180465,49.52063342711109,-34.768259152770426,47.97974372789447,-33.78049196610581,49.78042987491896,-33.294382659671776,50.639770580770005,-33.76505276336679,48.10803266048539,-28.674313163991194,49.88645292296186,-27.5870128176651,52.39607505577357,-19.072817104806195,49.94053784832252,3.39599117692412,48.81943062195068,4.428082314603663,49.13956351564438,9.006774443700742,49.07083262441675,8.376787908630881,50.00347113284408,15.772170306400406,50.03317982615862,21.04404192827995,48.06782981856161,32.30003452835706,50.12990799393392,31.8182874698093,49.44629127254029,35.89437502222104,49.43447027541962,35.114227539040165,50.58427947313661,44.1438736683771,51.179986845458416,43.69957438198722,48.97619421076735,45.79512919237012,49.21581643682699,50.23923139620015,48.47011134735998,50.18106478365983,48.15236860284229,48.91619910717192,47.81035783687985,50.6235367800058;1
-50.13108255976101,-16.388771188704432,-49.525585040957026,-26.58969490625588,-49.76033534436198,-45.843128352419015,-44.52870578531204,-48.13905669360459,-38.52902929737203,-50.153864718159895,-29.196877949593123,-51.096193415010866,-19.677585944273268,-51.33775839038269,25.36742718071682,-49.50206505760562,29.357548890964615,-47.73893650986492,34.120685224087474,-51.27465945903295,38.30695240803009,-49.20553093455692,41.357501993562856,-49.7824324533391,43.93005003745984,-51.14636680808551,47.91939204254285,-45.3445319822871,51.248450265950396,-40.70482019671981,49.53356077608265,-35.65904293261452,50.02346759296459,-29.107384230427552,51.08086777102235,-24.307920474913725,50.84162972154245,-20.239782630932062,49.589760857932035,-20.406676389562122,50.58632036704809,-17.58268014243632,49.94240340632785,-8.705456508408902,50.1704010555603,-4.381959956444102,49.76329413648338,-2.6946128039085515,48.91227955170606,11.797900593636346,49.13759617378284,13.020385262536108,49.39928875050547,11.6270931490309,47.54789981753114,20.615808140306818,49.475380573894476,26.597100632444715,48.970489190984004,30.237822478946185,49.84382002760132,29.57688644521987,50.341286647036824,38.18783373341422,48.44626938988039,38.27684168653533,49.484213706915384,47.37907634148122,47.11668507789318,51.37139540286009,22.84134104962908,48.49123782398327,12.949342595818676,49.14829033797301,14.435423861761478,49.965545029262806,5.605870004202882,50.15319164584805,4.849049719199726,50.88427310382744,-10.61987878880779,48.875081787938086,-26.12878137549609,50.17079269798095,-33.42501752362883,52.58036304468941,-33.75958755123536,51.086374643445254,-50.97417038894263,38.795377888517166,-48.74734143199611,35.15349730094812,-49.494366678969506,29.072273548142586,-50.36013837529825,6.729440224761246,-50.39153462884973,4.788068512834956,-49.03310978824049,-0.35998255993533446;1
49.33126343140356,-49.02445487287764,49.52082576215471,-48.18565897666382,48.89366502599397,-49.19620662408067,50.8125258223942,-43.643759971429176,49.927989878419666,-42.99646710210798,50.36163602504764,-29.645119754605123,50.36139560550841,-20.46196343353403,49.96417396089005,-18.435356344185994,47.380254895910255,-19.178097495624776,50.08704706823817,-16.299007350465867,50.0917607765355,-16.987568914600892,49.780328112162486,-11.642887428488253,51.47789404474152,-1.5182702182736474,49.191506397106814,0.49824295641546346,50.91540211770207,6.3287511096596845,49.47023979623296,10.513267433113356,50.09707754934804,11.968644990532889,49.29794690612265,11.672337853402231,49.607891846867844,14.536485051867881,50.296120277064574,19.261055272179888,50.00511345664246,23.765412866624853,48.58462925794959,36.57935467723464,49.65728548347323,36.19772273077838,49.83871428833399,38.404050856814536,51.88618590121053,39.17457781283184,50.25755039072276,38.92555408423383,48.08122878470096,39.97348612455078,50.060230209941025,43.46324211248529,48.80763903521888,50.30154734233361,44.96528823029475,48.83132196238047,44.14282281451502,50.75193303268677,38.791031947043045,49.09061254520526,37.4027943109361,48.59814893720772,36.58685709380027,52.19045562580998,33.00946367486931,49.43370227039723,33.09965136508764,49.4965243458838,18.449336568933866,50.06856297480603,13.937696286273894,50.47359243063518,13.080575765766197,51.54993440501754,8.216746707663763,49.67793848379432,7.81351721736967,48.76913568356604,-0.7725400653958706,51.30714275428243,-2.6074832345612275,50.1846338585323,-1.7401172057515764,50.78182287177731,-8.236950710878082,48.679543386915725,-8.478058434383103,50.29698467323318,-9.749507149654123,50.34644820949698,-13.68002472157849,50.232253697161006,-13.70692752670132,49.28564858197363,-17.134225488855243,50.47383292091179,-21.19130349720265,50.65655360863383,-20.974681670227323,50.78708460374245,-18.841404420992596,49.17931768164829,-22.03662387075568,50.4127809269365,-25.17793984000551,51.89679298265395,-29.24538811600287,49.24626383564251,-38.88951442962552,49.18418971503456,-43.0771017094141,50.34115197481665,-44.72330920066998,50.827183249036025,-49.986998108122094,51.453534077157315,-50.26465683323796,49.72016916658962,-49.37433265223499,43.14284244358372,-51.07089249806111,42.48247241524319,-50.22346278532585,41.71400049409209,-49.52676237542646,36.927171087343126,-50.846793718068405,33.485152775314134,-50.44651495206702,31.85639879432347,-49.7859062558698,22.75426122128801,-49.826819074148816,22.385317379728836,-50.88385743620113,20.15372510594553,-49.941791281554,11.857029702169378,-49.64221263965172,11.560784526368234,-48.91694875682472,8.053802052034904,-51.37766936795709,6.062174960084877,-49.48496473279134,6.513785950912209,-49.48495231369395,9.85273149065472,-49.42910948930683,6.135565640180599,-49.0459982365068,2.651391251305798,-50.31526924464035,0.7589692204932674,-50.77282521453757,-9.236818606740009,-50.4853635478291,-8.918125860613678,-47.68534143332649,-14.867265192591749,-49.31373980962549,-17.61271587118965,-50.471931865789436,-14.911049403032633,-49.93571998090454,-23.077744777929308,-50.71530370925997,-27.320402251065325,-50.73036663171714,-28.783541410418024,-49.954428160096185,-35.651600347605815,-47.85605591067468,-34.36608097768199,-52.02514258665761,-36.81354568523057,-50.66178646476839,-36.147566665203776,-50.7925207384327,-39.114736441466896,-49.49501272101954,-40.13424480582988,-50.200296407055774,-50.334501235840946,-42.47494531116096,-50.65332923257371,-35.234545759718905,-49.59501828903905,-37.26088395433504,-49.082138052945226,-27.877843802987368,-48.96753473944885,-31.519369965954013,-50.48423407286625,-27.733088850813377,-50.70766946561878,-15.556180571853771,-49.22536594657066,-10.926930471578084,-50.0595253560618,-13.241267340069072,-51.02438764133429,-7.25256815139316,-51.24778318196485,-0.36758869606836475,-51.43014137796063,-1.4400444866969837,-49.86925942271391,1.4412732890661155,-51.43586215117944,3.1631637521549596,-49.98976693898042,1.018491348952049,-49.53789652573673,3.19905969557347,-50.60021687715879,4.069802084990019,-50.385313596861764,8.113517345251248,-49.337869325478955,13.586016816145353,-51.23781549882685,16.133033374656268,-51.9520877995225,20.848214904964415,-49.411682793515425,30.280991867735032,-50.62269951982059,29.791877749642726,-50.49300093465883,36.410635243055786,-49.15039790297897,38.35701548596505,-50.69290959526065,41.89959987543325,-49.69270047912339;1
-8.85767526302965,50.04058799664563,-27.959739942521008,50.06121221287688,-39.95953877852803,49.749026822905165,-40.89952631235151,51.47125359886584,-49.470610139770066,46.700522430974125,-50.43121560707335,44.67782481685362,-48.005703078731145,43.193898259267414,-48.42099472194599,42.38266315360732,-48.34283088047815,33.018204201549864,-49.173481154010126,34.5443730084483,-51.431928591991905,30.195042375249443,-49.42201885545227,29.412052270594142,-49.03844559784853,24.707343003878492,-50.78517122986796,18.55745267506788,-51.649908516707285,6.164800938476136,-49.492173385723525,1.5209609834370326,-49.18480223267692,-16.837854054263612,-49.03372813515232,-15.910577857820389,-49.05361890749349,-17.992092134000128,-49.59472168522349,-24.29338367634895,-50.01734190231419,-23.44135253757112,-50.329779071144735,-26.15766141299857,-50.04058583365217,-28.994290424658786,-49.02833844359704,-32.70791581243424,-34.76799264181606,-49.41572718239557,-21.024122141260396,-50.165188036995445,-18.37387355142158,-51.61555954489833,-16.835952376648113,-49.753550077748024,7.388833005367372,-50.013276317084234,24.09022045404719,-50.81482241507614,23.237647344317956,-49.88401700053783,33.3120630998911,-49.331089837806,39.11520483842343,-49.10732993650846,49.62779471157385,-44.84273335714411,48.6453900551253,-30.02373208044553,49.84729344597287,-16.06396186721667,50.344338666324354,-15.886637790988374,50.65711753019099,-5.792149734322219,50.131136716694655,18.95374679668673,49.282358132318805,26.670966374846287,50.47545313334533,31.265267697576235,50.0455604796013,36.737938274359685,49.066536086098175,45.02690620617553,49.35276404957844,50.09795017000162,44.304279098498206,51.345004983560564,33.97459772064588,49.18045371420998,21.670750437626523,49.867243797146706,10.01518298923628,49.22310746398545,-3.105438938179013,49.34894493649535,-3.940863034133571,49.530407746449406;1
-49.95117670955973,-8.909670479709467,-50.4802568127609,-22.699337264404846,-48.88702017177772,-24.019315046208217,-50.000807598399454,-28.638530233574453,-48.40531663439579,-28.98138701315155,-49.43859132998234,-34.198476821683684,-49.53679244795081,-37.81909398116494,-49.86707518078927,-37.61707963804705,-48.69182049588604,-36.22416228744003,-50.28017039718277,-39.72393771290275,-50.94331003860545,-48.438313756949704,-49.69279264135738,-48.29824042172341,-47.05172260506902,-50.66115155679655,-43.01089971023414,-51.458880712770785,-39.60944666666136,-50.81044420096948,-34.84232806694069,-49.96823688331106,-33.89692831008195,-50.86495095360844,-29.057197496310803,-48.768982146022864,-29.5335514981186,-50.33597434243337,-29.555723807570615,-48.78136124773466,-27.25764274644115,-49.778982164395494,-19.05517164917906,-49.71881550222265,-15.401354319008933,-48.97282563818035,-9.99305802864249,-51.75330972967396,-8.450769623506167,-50.645376818916816,-7.120661838494937,-50.318381869739504,0.7273579067092512,-50.0655816767791,2.5489477055898773,-49.14646969170375,4.464317740534593,-50.38748350590825,8.978925016097728,-49.683777875295874,11.370184446023046,-51.97968150264464,13.276684719411389,-51.2364437066293,16.573334637956414,-49.68151428125982,16.921280312028845,-48.52280683148318,23.128129036205063,-51.08470931934808,20.148873117344493,-48.666861688043525,24.24091373058208,-50.783068448693314,24.243543789755076,-51.01005284201049,24.282341995258545,-47.099151817504136,34.38593608360049,-49.96017982692622,36.10751071796175,-51.284535730233706,42.34198015602118,-48.168187373407235,47.44934311419,-50.52812183679809,45.0893572321578,-49.34879793876474,49.01634813175438,-50.136787137293716,49.22234543767487,-49.203170278592665,50.03831163188933,-49.06006913018604,50.007487997338636,-45.61521452638815,48.97328068571684,-42.079902193232385,47.42558877000002,-33.69540171401457,51.89247752467842,-32.98375092271919,49.95626000217126,-32.15757609471777,49.604353283729864,-30.670121784228343,50.31978555939884,-30.295580520234527,50.407370099887366,-29.444788842874924,48.609122996892594,-27.324388697482846,48.619373280632246,-28.276757606468728,49.22393953836244,-18.593263821099296,50.7554479950049,-9.639159491794635,49.50683406960485,-8.524000197137578,52.20415805220732,-5.633333417909666,50.21471207413476,-2.293660893775569,49.09609978324324,3.795467796464169,51.51680791752235,7.428618927610784,50.559225029353456,11.901228585152952,50.3263035549597,14.002096282477313,50.382765375304906,16.348086047141745,51.08621303251801,22.056126483163098,51.19601141371463,26.584594122084066,48.143581952863975,27.499706206855617,51.78572082413108,36.36267347005678,48.92119083897872,39.31948370651837,48.99821672390991,43.54370589270808,49.189556518565894,45.633946711398636,49.74002448129836,48.19709218912083,48.36171144464172,50.42868923279553,41.76855792072689,50.172604597090356,40.38231297732617,49.49175422616906,36.026163409639075,51.708338854675645,29.857251554355805,48.80764454646707,28.42041551869871,50.21056283954326,23.793614879985288,49.505528296528894,22.075877551265272,48.874689102272214,15.902017096633395,50.65822375571642,16.448532263090236,50.83643787839444,15.438321524373292,49.45058608977346,13.327495379992904,49.80487248766242,7.231686933930012,50.81673177637645,7.604658416118979,49.703457254884185,4.7560256716671825,50.33063707494762,1.8101926416599448,49.55781602405266,0.9971256461471347,51.29576269443861,0.13605214325127646,49.397975526347835,-3.830224269465676,50.592351422570744,-4.83943324324557,49.252564115962414,-5.9598373458829865,49.95669789934448,-16.928672353504478,50.07747213150218,-21.909915783358034,50.831625212926944,-26.3087155056721,47.665931217675954,-35.36226585782469,49.934421152452224,-36.89726056295506,49.27831396241027,-47.35838920181605,50.51320003881958,-49.260801684609476,43.315036271816425,-50.315856113444774,43.20193143127405,-49.717254106210966,38.60958613343836,-51.52486309103036,39.141995067426144,-49.58122268804927,34.554679664818316,-51.04103843713182,20.803146146072844,-50.263833768395784,18.07103680985364,-48.29387441768104,19.284319810460104,-50.069732764287465,17.573888044853188,-49.797552649433456,16.903836114210016,-52.65991901149757,16.694797951897872,-50.1296712806569,12.081013805946956,-49.59993613336624,2.442432768808482,-51.23040778954435,4.199300520408774,-49.18176137265159,0.7205610347282307,-49.34205242740414,-2.614740292362097,-49.01482347099317,-3.2816257802458053,-50.78413723216532,-3.834843966195473;1
44.37230450543855,-49.667367845644016,48.45863315815342,-38.329700179628404,49.50045413468868,-29.32687103543394,52.24808957318187,-25.65426275104924,49.52560298382672,-19.30191524090066,49.068973622912495,-12.889013940306626,49.810317041553866,9.278409590993425,49.4459228810436,13.354302739992637,49.55972382766605,30.57555117271195,50.22808162485145,35.57904416695735,49.14581164679935,38.15865966644753,49.3442958878027,45.85311729845008,45.588024499049155,49.7294431754448,44.129303304496744,48.65974192842381,36.75070397174172,51.76349221254546,34.40804057316082,49.09218831878263,18.271799617386904,49.99543832942945,-2.1458930637212252,48.40999511607277,-13.943951013088924,50.10586256651601,-18.090837577646415,49.28612394397374,-19.796284606098162,51.20303183742203,-36.91568693147661,50.16393392334209,-49.62624845002681,47.7730931497198,-50.67127440458754,41.31410987942502,-48.51558188690566,38.65216415799382,-50.23257336758307,32.18474618655969,-49.07905268798076,-12.783499211323427,-51.88326280520718,-23.77870802266346,-48.183404745404985,-25.257116024923363,-50.060477787429065,-29.589547848109504,-50.8220295926532,-30.052218157101528,-50.08523746859163,-29.568947171617452,-50.196679559473175,-46.660591412336295,-50.24649664451706,-48.20954280375841,-44.506211009632516,-51.43862119574541,-39.20401099591663,-50.5674343872166,-35.348778935969484,-51.03018823283292,-32.414153743173834,-49.6281702594531,-28.40714546772078,-49.036016848256914,-17.90349590586232,-49.57123397314213,-13.402666351515364,-49.26991362830906,-9.191460816150112,-48.48542248867792,-8.697644336541765,-50.32623936977832,-0.21683516387781587,-51.68712473568196,5.4164108104915885,-50.62915471151137,6.4838036314964835,-47.55340673167798,13.417799352780595,-51.80563588488264,18.377999300158592,-51.023586180318034,26.04202352067711,-50.2010706506529,36.303923047483025,-50.23856720048207;1
52.15518382215117,-23.45384946400473,51.066826273682906,-21.32520979430895,49.76033546183762,-20.738499432158626,51.30607148333957,-15.696631226737386,52.24997768335585,-13.604921482428207,48.074612402740016,-9.338085370193898,49.29480187062078,-4.6650495656339,50.50248629831539,-3.0428206662890718,51.056091804356555,0.9473108658845029,52.12551247857154,8.209600911429701,49.48638061536046,7.768937954561361,50.99688403866725,9.958243883025297,48.09746407248904,8.462538453061038,49.7554726917838,8.99325908779138,48.37542133627405,7.120869466063295,49.323628067408265,10.747710531906925,50.45038384962739,13.833482747262572,48.28037460087593,19.10364859718311,50.5091128350239,26.41530805130588,48.72838035504341,37.87986984886261,48.104515746240196,42.26061805741233,49.011104922953564,43.80010063566107,49.37720356634466,46.65024757171334,49.82933376193914,51.877087065848784,47.76820523785568,51.13068247512978,46.17183463535589,50.05170269260184,46.04521445771015,50.99452026434132,43.12567450105478,50.891710944818655,40.36244009103062,52.04568095678838,42.2186057741522,50.17710719842946,40.4961896060934,51.1713532842311,36.32311199021853,51.21978433128769,35.13767512629601,49.919143860053985,29.673195623676275,51.56363183150931,22.532721939112655,51.46151203939156,14.307133210168644,50.65127998846358,11.491915457018239,49.25461173563749,9.279226768149854,50.21484278310409,7.05954178292841,50.06119405538171,7.528795414981049,50.35542687367718,3.0677888493941334,49.25256858279992,-0.4958301518465638,49.691419552939664,-7.607978861798539,51.184305461431734,-9.459965462292155,50.07825394052996,-12.845864495202626,50.24794230727323,-21.56420343060421,50.86873406147464,-26.831053037805038,51.84457354279159,-28.50830734166924,50.73733861918786,-34.59896894488836,47.83230688594862,-36.756517520067526,49.00386431795041,-42.066165902246446,50.30836999459439,-41.09597959001521,51.3060855495521,-49.055091018444486,49.2323876359791,-48.485845581786734,40.30624332337656,-50.102599128920815,37.78795089838014,-50.57840499231602,38.27926925665835,-49.29504779455731,37.48035933896347,-47.85797060861775,36.24892297819522,-48.633676197860204,28.355220357157677,-50.07866435270709,25.327634689535103,-49.45872136649538,25.408585191611852,-49.88167392866557,22.26871153006272,-47.67607240188655,17.0565848409094,-50.459400398810196,16.659172639432736,-50.77723681108013,3.4960147980889764,-49.090515062558616,1.1774058416595343,-50.67909191459128,-5.120760192284418,-52.17297205381662,-5.034178249742414,-51.441423412836244,-5.968046651485093,-50.06529511354781,-13.643428701721438,-49.688386150953534,-15.54198948422992,-50.330281731153775,-21.85831411316057,-49.89266574494184,-21.79112980514735,-50.708909712026646,-24.15281972949607,-48.37434972182884,-23.72754270196282,-49.59867928064648,-24.588979145293376,-49.949726529949466,-30.563517530632712,-50.99197722506152,-30.305206088702132,-51.35215947155935,-33.31847598358108,-49.76038058833286,-34.71100757035318,-48.65976754010334,-36.310368514306795,-49.96864212791518,-37.321089629715146,-49.91133378208952,-39.42678668683841,-50.8553077075487,-41.75980748776773,-45.58035256002086,-49.77954439184066,-33.36834047349369,-51.26860223137824,-33.659282608498025,-48.98705900289837,-26.857029903297022,-50.19184483184397,-25.82625418728363,-49.593581668591625,-22.490194073626288,-51.22543735921291,-20.699965614266134,-48.589744395464564,-17.41753263669994,-50.754069592540446,-10.590145987050287,-50.54353919730103,-1.2642309107661545,-50.24919647725652,-2.372011918353425,-51.32627201995286,-0.5559812724389372,-51.0352791517875,2.0589139187214114,-50.832756530932784,7.031573277557133,-47.82582873335499,9.587379743483462,-50.99939029722643,10.448804784842414,-50.320273731795666,11.636567113263478,-50.535650101132376,12.395312790753252,-50.17377582878088,13.194895977311063,-50.70562334290982,15.82505169060268,-49.60610100750543,18.611994894236236,-51.785534538506425,23.400827541582164,-50.198030056533995,32.069710345432696,-49.623807612112415,31.262388632435385,-49.78664155299694,31.697285204907605,-50.0325648616788,36.28417004301386,-47.70390185155295,43.148143609720925,-49.07025627394546,48.8943594335837,-49.65216390794022,52.60124281315424,-49.72238304869037,49.915676057972405,-50.39684029011598,48.958435128493704,-43.63646531676701,48.421898923638544,-34.58353694009954,48.85658856781982,-32.88285715032656,50.05658682233706,-33.40243825731472,49.81264918245403,-29.096919463833164,49.99549230311295,-24.27929889833952;1
50.47623723436772,19.168428645614647,49.13758866889159,20.907444498481222,50.422889372576904,20.787571046563542,48.34579425905237,29.321375263805475,49.537325646126405,43.91924979464937,44.68622586033562,48.982148113134855,42.49942269973178,49.97005375893457,41.047090104597956,48.82914123832468,35.08747270865044,50.27154221982121,36.322065298595454,48.868999840552874,32.157861140178404,49.07960244405759,29.254090121379907,49.79578691035556,28.966384821851996,50.823346112017234,15.942516019413418,50.55104936585378,12.274123250206587,50.367296464281715,1.1958893344156571,49.886471293714145,-15.088927061365585,49.060535451883275,-13.724152615366549,50.42760685736284,-32.5832536676094,50.30175391362125,-41.91666376392464,49.81992743790036,-48.73035586754096,36.424317287410936,-49.442313786652264,31.389020897882855,-49.936977239606826,26.29520686923788,-49.05820596471897,22.972452470935245,-48.979067893250445,11.753949133792997,-50.407225488148875,-17.808287431760917,-47.99290226021179,-27.570852808126123,-48.91058902655578,-40.78707093857958,-46.0759207509186,-48.846215200437285,-28.611256051357167,-49.122717565623134,-25.608892983875922,-49.76567227947012,-2.1428171130720846,-50.05735145696442,0.5484289585048984,-49.42882136782344,2.6448923796513344,-51.75385252205093,9.526805569848776,-50.11891326787669,14.493956391841722,-50.17265590721135,15.706776636637436,-52.13807142885268,21.987993158030548,-49.17951338766638,22.581123877301398,-48.222549173959536,21.01540473582441,-49.596799531380164,23.93285621239934,-49.9654399998887,29.362431456301735,-50.425475908086845,37.73528024018111,-50.54953651324567,49.888578409592036,-46.734349492506304,51.44626252617825,-37.04009303240558,49.167527203619066,-25.532238437035243,51.75987131594821,-14.786040512201614,50.810739182770504,-13.537219171572263,49.527961877769805,11.373653308071155,51.081486740015265,15.313517081318597;1
-28.332630992035412,-49.015378460793166,-26.324542235215343,-49.013000189135354,-21.097614099086073,-50.564227544073205,-18.966002505737457,-51.359200118739246,-15.434617267505132,-51.22501886003916,-7.1025096803406536,-51.25090319472636,-3.5907886837916774,-50.36833566733066,-4.412809243783144,-51.86573609199257,-0.41026609233390987,-49.562072593123204,-1.8871012834265404,-49.874881794155336,0.5975928230422981,-47.336336859101934,1.5469436877191518,-50.08214098732847,1.3072327652145257,-50.64327212371033,4.208768021809038,-48.98220263381183,4.854219020905923,-50.26371398561246,6.095619043253448,-49.45298817789004,9.435626812991575,-49.235826403892254,14.707651391895652,-49.75235490065223,16.12104211313988,-51.85962593016813,16.654175750169156,-50.397380151351136,23.35604651504434,-50.547032668570424,32.51677611516387,-50.083192996150885,33.92757638855011,-49.80154473777954,38.75824489169885,-49.47979891252601,37.65070191433775,-50.378305681648804,42.92995610331897,-50.01605007723383,43.336843436176416,-50.5000822707624,45.85982840273146,-47.817615331539116,47.823638259343255,-46.718062458839825,48.533946036405304,-46.48348085201588,50.726160648819985,-44.65584330831099,50.14320091013827,-41.11681874839943,48.46671046252221,-35.16048012685294,49.95004930266304,-32.43277921943116,51.171099791184105,-24.91817888470542,49.587851221907115,-23.13720595774246,49.87274890054221,-19.61240095785787,49.10096602361695,-21.769647495968897,49.685228337517245,-12.660047650996635,50.59899685056714,-7.757846036185532,49.0740209144973,-4.2500729275476825,51.8544433334422,-1.49379348648493,51.37960779725869,-1.7696994942453361,50.70185506851247,3.486241331876453,49.304974151028034,6.967473836180953,50.53770026990815,10.341745272672568,49.57953596707861,13.888007917054546,50.32139312222261,27.481287177846223,49.71490216663587,27.503077601430878,49.102442478065235,35.13158855213795,49.26375239336877,34.68024641327662,49.52082271644431,35.337370682639495,49.316619537767124,38.80279721745978,50.60571572511177,45.78553317778212,49.260071989441364,45.10094858625729,50.13101521439486,45.7995758144003,47.664997707726876,50.35275822843634,45.920794673421675,49.052427294809455,42.492477337914224,50.891631510517065,36.45165904858213,50.32473375383903,33.71147141950264,48.40767346412603,30.149370581383963,49.97316345719074,30.33181942639875,48.64492304923478,25.934436967968455,50.212863914024354,18.77757169244125,50.743382407981684,14.894959193173523,49.838584364537574,14.332174762888554,49.61894080188603,-0.3153286344354616,50.80980152618072,0.01152387144535405,48.36428675029303,-2.9559840752119446,49.05678082868991,-3.553717035159374,49.47369289380469,-7.2876132566606175,49.66402433195333,-15.94025312907482,48.0162905902635,-20.889098258970037,50.21192807037669,-21.052329838279196,50.64568155149055,-30.528480120778212,49.79295774925446,-32.26158638241228,50.64227167334842,-33.270888379545234,49.443351082991036,-39.01210834133673,49.34478785720584,-41.702717811032194,48.46862843663071,-41.936318897058676,49.95121985199263,-48.07367994722731,50.62267711508938,-49.458244026774665,48.43791419123912,-49.91220925833114,40.780910723047015,-50.88343270850766,35.86141261349179,-50.696027947679276,32.62120072257538,-50.51684411765412,29.226871840797816,-49.90346677870195,15.173269318597812,-50.03477204269077,12.348359120995475,-50.009697777163524,4.459831334158686,-51.001336104246946,3.0850514754241622,-50.52701774381625,2.4264389929235737,-50.38088972661467,-4.20979277526511,-51.70533826827152,-8.05281539629963,-51.15581779084623,-6.589744877455187,-48.16875787078425,-8.011204808928712,-49.80786033497619,-12.550959027163628,-50.677702697176315,-14.002058195189628,-50.28503009683282,-20.65230602336344,-50.726072208922616,-20.874996997450147,-49.54358933327377,-19.53439215102527,-49.42635078552423,-28.63710265557278,-50.07340110385923,-36.60405032466167,-48.94002585652825,-39.1363224637324,-50.37798692730571,-41.554384417032814,-49.88072616720671,-46.75190287043312,-49.446895863333374,-46.968868360596126,-51.48670234119545,-45.987757005613,-50.365225230807035,-49.57514101246675,-50.13241365050116,-49.19472808779615,-50.4539748443211,-50.00498238193931,-47.12652415367398,-48.77618521793001,-43.569175296841614,-49.37792220463906,-45.304149049866254,-51.4409443131139,-38.31831370399506,-48.209924445058725,-35.83738570483255,-50.48323558852003,-33.611765465401845,-47.25024199043777,-34.10908381565067,-51.512380486886144,-27.162867083554964,-49.101715474181326,-27.516138062526572,-47.91151699956325;1
-38.04569086004357,51.6207481227677,-47.82926552679012,51.23515944413208,-52.234489854733035,35.68314779003492,-48.704190022112236,35.17260994096495,-50.12635748828641,34.017374964752555,-48.69861675669775,33.61926791357431,-50.22469562435595,30.62344841737362,-48.880000797711176,22.396217535613903,-49.360271276877334,15.448853726838369,-48.27236151298097,17.16778597025091,-48.68782905130785,13.664477168354145,-49.914247403434075,0.3669743134392392,-48.83023577576964,-4.2586150615653,-49.439830815105104,-5.703957968378276,-50.18704569405107,-19.988547023228058,-49.70686901242198,-24.655629785953938,-49.15551084064942,-30.867293656515184,-49.78881439099557,-39.544552695505864,-50.30537369984048,-41.63659342681761,-49.30488585732138,-39.98567419928331,-49.06756304089202,-42.87036777577945,-50.12644521784083,-43.894665239332355,-51.52637049051096,-50.29088907293204,-13.063005694664406,-49.404757119408075,14.512932240991292,-51.48894356878337,28.33341136874567,-48.80908318944026,42.18087726106587,-48.8657192988765,49.87168014667156,-25.277291445743977,48.3249842176978,-24.732230884990233,48.078206223004926,-11.220726042547668,50.23394244002173,-11.984788250124945,48.76315353651663,-4.348213852756789,50.776442262565936,12.339435608625639,50.442107094327255,17.460591824406336,49.06996320228147,23.33121437957657,50.11681173151712,26.309005708721667,49.0086186936804,29.48229607530915,49.8489661973809,33.03670923111195,50.38843661651006,34.095643689581614,50.07738775850445,40.63431825546267,48.72945371258484,45.25008448756694,52.79920977542032,47.294055311492016,46.22388814938296,49.140724875429314,24.736163196950262,50.57387286384901,21.991189483691684,49.247203417416706,15.166204497091107,49.324669842731524,5.834098645011429,50.30634877870907,-11.509822747472095,49.28895722862765,-22.397176030546397,49.74750674772284,-26.96215979971157,50.30449059349004;1
50.03900789051285,-16.21326668658595,49.10904538625044,-11.270646337937459,50.222243718307496,-6.748186402890017,50.707926087305964,-2.506010168493077,51.471001668971525,1.4173805309234297,52.065819492530174,5.087833886957123,50.8051890399778,2.4121151606752287,51.23088549966144,2.6265466213765567,49.96888902987985,2.190109622148437,49.8009503083602,13.350430742232698,49.947449215210995,12.365718916749366,49.63706889428213,11.429080239070323,50.13751473975661,20.280703812573005,50.72852288542277,25.621745485244944,51.52166224977136,22.69322657033446,49.11023169773109,26.005267740957045,50.86642487016843,35.4644644196738,49.74185108229448,39.047156158022865,49.5729348520174,41.87876703420927,49.83142545393591,46.80410106814673,49.80665688273669,49.29663010058277,38.239754572671366,47.555284217620816,31.469462699220415,50.84234560004174,31.835213953600515,48.71589827346525,29.200171483594932,50.84850907944001,24.290154568793945,48.41633092957151,20.899510252248195,48.842742459115975,22.808044860516162,48.88882138892522,13.870415347896667,50.74897283196263,0.7095325678492482,50.31614942712001,-0.7782142451646727,49.46403840741927,-9.173832220974607,49.06520379600567,-13.100039647958011,49.972006187205636,-15.640622084993046,50.42423064353126,-14.837137226938607,52.464372265445675,-17.13664932127557,48.42404711756759,-23.61727236395825,49.840696009126354,-24.216040566837197,48.783932695202665,-27.525882274698088,50.16196955554658,-28.923367564289645,51.26273307781661,-33.36499517036042,50.33221329868641,-36.556578528025135,49.282246883891354,-37.326126406562686,49.616710540118916,-38.71278457545289,50.66044707069087,-39.8446439416923,49.92320142917263,-39.480210194512956,49.12308780482643,-47.998408259712185,49.44445887225179,-48.66856103755631,49.452390051303816,-50.87739155046829,49.31443491523132,-49.833694200384635,50.88514958674958,-50.225757984302014,49.993189520871844,-49.99010557500292,49.92765085497963,-51.26375257963196,45.51276228142967,-51.424160347760164,42.99396559981752,-51.59654950603059,42.1554326754346,-47.420511843757126,40.57044327938937,-52.800972452943846,41.019219582009214,-51.29114516720367,38.74490530761104,-49.9518644109484,34.61186123620648,-49.274426526156105,35.792423565532324,-50.14376656826593,34.47431877824531,-47.28785561493479,29.9221099145012,-49.917902778392424,29.064327585471244,-50.93042584321029,27.935423912060266,-50.08533894733949,28.77168764759513,-50.965570805605864,11.370354269041789,-50.567278492593026,7.930841576590993,-49.43497819036272,8.05726482702151,-49.758425168242816,7.486172644848539,-50.36343340319671,2.4890118743802434,-49.36474707639543,-9.198569375952141,-50.39842052352125,-17.344945739098968,-51.43216668549957,-22.270691910936666,-49.56104225576058,-30.84476402709557,-50.4842416704432,-35.30315963716831,-50.058691125452974,-36.50302210653266,-49.16198207881335,-44.76427915616327,-50.87597405339387,-47.24330663621689,-48.42212958826,-48.25958497006757,-48.91049118203279,-48.77782926787004,-45.52865867422255,-51.45665215760902,-44.435687863573946,-51.10643803079864,-45.138323123593246,-49.434711089138204,-42.28534158727084,-48.71974708232451,-32.624714809597116,-48.998206460713725,-24.73934494505134,-51.68335753914133,-22.57153413888897,-50.46219795905763,-16.02165089140046,-51.24092054832047,-12.540624421720908,-49.647786631452455,-5.158440332456579,-49.591096925979635,-2.2388216889143555,-50.98339481318119,-1.6081389303090008,-51.43040158269683,0.7517111068994546,-51.510222714243106,10.38379012210184,-48.875673301321235,11.803263754168599,-50.880175875418566,17.758700476367984,-49.592375760304094,19.598947478923233,-50.555528894575836,19.724048241193138,-49.31828077828748,20.50112953967457,-50.84228754611903,19.19446194169788,-48.15163621133403,28.893053553227762,-47.79792023956372,29.897028755555585,-49.4220581253431,40.594433579281,-49.36532731156641,40.55129555376046,-49.310452232035765,42.40127761560756,-50.224136168397976,45.326477588813624,-50.775121390309664,44.86665326242747,-50.43026315741868,43.89420097465272,-50.552678217737316,49.41475992915045,-48.359462447542356,50.84605899987051,-44.32400520669919,49.1924341313188,-44.485017718519515,48.047785563189,-40.07999304005482,50.80796449484766,-40.39190452213994,50.05686742675924,-40.94607185101072,48.647795887409956,-21.55885371626314,48.91655004223384,-20.620927494255326,50.29563135883972,-20.125035140525068,50.48224378769353,-18.15446394919706,51.14789668610661,-17.70085986598471,51.09807067666476,-16.94689258238779;1
-20.99784255821889,-50.204527155915095,-22.032919769310546,-50.37313690269536,-12.684212246680358,-50.30474632187674,4.3626565242858195,-50.56065061550886,4.698626423901703,-49.67827678660796,7.360366765678614,-50.19546904225666,5.659387449078063,-48.905382757959664,8.8243627370352,-50.29764720693922,24.446386895453752,-50.55504099301645,50.44622176846247,-40.16745314182519,49.69926879174155,-33.69042668667082,49.79598542335982,-27.96631756858968,50.700589367858115,-14.996324440031781,49.21808731338637,-10.432854647302701,49.8557607439253,6.707220024066785,50.55552090593349,14.110993066037343,50.25601230795519,14.754557601355833,48.056127743879216,18.37071928811934,50.329303969449015,38.26603926297213,46.320788770189715,41.08685063215973,50.377673710120696,47.49294240655421,50.2529619311082,44.811713983648424,48.89042542827658,47.103898453060225,46.33236627672869,51.10697804172681,30.603998586788457,48.75971837699802,28.655923321160234,52.38008059951449,25.025343981861916,50.660196412618326,2.9676816097083067,49.859253907912795,-2.3996307522542537,50.33237790035524,-2.6332164289504068,50.672269946330864,-24.12611542215006,49.683783258540224,-30.22672750919138,48.28169431459046,-38.87011562987162,50.35091546708633,-44.328245669524065,48.374784885047994,-51.0242684331746,46.37539966751225,-50.96345417166487,24.73967727801149,-51.97209993812915,8.935255952981441,-48.81172557522724,0.35328473238954183,-47.91735246306065,-1.192949642699472,-50.756503606267536,-11.208157478808502,-50.19142847310021,-15.215222469379597,-50.7468786891669,-23.054840160908153,-49.33420863002672,-24.601188450530035,-52.18826742568086,-40.63377327928259,-48.864172590462054,-42.80273565550642,-43.07343793726881,-51.51546524628343,-34.104745079602424,-50.218496951822445,-32.93298551129572,-50.9954137277673,-25.990723710163063,-49.11539846705525,-21.04747043422415,-50.02895123606872;1
-17.480015366308734,50.65032922584781,-22.61837664050791,50.996841197011165,-28.130129141018603,51.15216009182952,-29.381716132144106,49.27503701544001,-28.129625697962,48.225922023738036,-31.122112205576226,50.65171492105304,-33.10904244701565,49.714152585331284,-36.59621616559247,51.68640742596057,-34.34696496478035,49.16450875100405,-41.557267931106765,49.447378288445485,-48.60751627121219,51.40349748112779,-50.11181855979036,44.27384933178635,-50.80994414740519,39.934521890513295,-51.50053717360548,34.079902176327636,-51.02942946256961,30.038483277743637,-51.05436036464255,29.460078340165722,-51.911508087058216,21.69624636025362,-51.78331730276197,19.557615584707243,-49.68163567164103,14.731967114072328,-51.04744117350167,16.754790877760765,-51.208815496921076,10.166993061801454,-50.124972556978925,4.464820008906687,-47.92943034986041,-3.19760769270797,-48.14885797524114,-7.3276063594591525,-50.15225796916569,-10.310006562073772,-49.13656221090119,-11.128391941620553,-49.50889173127798,-12.549354506212262,-51.831005807585825,-15.92885504439782,-49.39821551529272,-16.963430353026528,-49.59447592597068,-23.248136038732365,-51.67151943633415,-23.307305533109904,-48.52104566636764,-25.37795179925704,-50.810601091702914,-36.265625645351705,-47.939819414471245,-40.27899359932446,-49.02205036737386,-42.04843490699446,-50.32298841414915,-40.2052343583321,-49.966663846013724,-43.81295808193076,-48.63533619892787,-45.803864456154635,-51.405204723174045,-46.640001717206395,-49.86426134721798,-49.93491114286323,-43.12066181690228,-49.55546279162236,-44.0457872319585,-49.05036237546471,-37.12543423251722,-49.62536252531019,-35.892899187890436,-50.38120984547122,-32.74021296166131,-51.11826754067825,-32.41692880514279,-49.24804641228874,-32.881230252803334,-49.47007699132917,-20.15476192134948,-49.92258704092293,-18.635720718123572,-49.272840352505,-14.4394431035585,-51.05625400498742,-16.24329650379914,-50.286375281175964,-11.494779114263588,-51.177061832385206,-10.24226408298109,-49.97871864601996,-10.504865497518031,-50.735202234298,-0.046264738901259594,-50.77398747925198,5.3557900950509,-49.39555330586387,4.214485129188708,-48.993629647542754,6.4123769730666424,-49.13747378061832,8.0139782752655,-50.11008535273611,13.285181825636595,-50.033266758416026,13.642587817873581,-53.238309691166485,15.442978403907338,-51.222202011560164,33.24692612396658,-47.40797593716452,33.85550773679091,-52.57963055405052,36.45489588665147,-48.388145855926126,45.57187394254038,-50.127381120589966,47.54058542592105,-47.97087091357176,49.353432043117586,-51.39683793710625,49.48440144102265,-47.72898347303654,49.60557230149103,-48.126864402205534,50.41443389618117,-48.27004374028573,48.588547458928,-46.14006268333953,51.895772510348394,-32.03814468535091,49.6847946433254,-25.343647395151926,50.32210819702976,-25.520333693267574,50.41318289522058,-24.00825093184888,47.75158992894994,-21.492289715641625,48.698280918629145,-10.713767064974254,49.976537926929474,-9.434637222134327,47.69244031091153,-7.796246618479971,50.058444849731735,-2.204827224377311,49.9000993135804,-2.2336231999939433,48.654542944546144,0.616307553403312,51.12488096777662,3.433782754622997,51.5915724301485,5.802480395192549,48.45086324428838,7.319158957247887,50.29704476174118,10.502287939829895,49.497909163767794,22.343608768307423,49.40584630397301,22.57979882517204,50.61422251655709,23.457204230266846,49.485716423424094,38.94752894020171,49.7394086405194,37.17097626279127,48.35421777240283,37.97848386599263,50.10944277186371,38.017014737282985,51.22854433239023,44.256580808794276,49.89111140451596,48.830489890354265,51.36547143401634,48.689663986180136,48.91810024396884,50.14932052816347,39.221837390975885,50.41533468639683,38.24193855274305,51.79595962631539,33.04588439673068,50.82121482921099,29.38335312137891,51.325639455926186,26.41440518367738,50.43504626968076,25.96170797573048,49.487552757202494,25.6675714982002,50.13297817102396,22.611216902565204,48.673776438690446,22.426475902247375,48.88399627154499,17.012818742638164,49.76072751919901,15.333435627100858,48.69358655019995,16.197723460679267,49.76469896442976,9.213537869457738,48.481374337322926,1.0817982863714057,48.343304142729394,1.7399462477254843,49.56897455369938,-1.7498305211545724,50.79751017811571,-0.7911183458731353,50.3602642295044,-11.109503030497374,52.86946382851297,-14.4717015028974,50.185465876273064,-14.764033886432145,49.19068019954123,-17.671952563131462,50.99438585369739,-15.355905107869344,49.67184417651645;1
-49.65578779508262,5.580901009395044,-51.15733597465512,5.013526978035892,-51.93673910141728,-5.139969538393118,-49.27153114408975,-22.598341287241592,-51.26179278834276,-33.94461573012049,-49.40492654020829,-41.29553565559733,-44.904914482119096,-50.2763362113257,-40.33683628777821,-50.32561914588808,-38.466117700449495,-49.6053648854736,-34.627918722621025,-51.78145869220284,-32.619422273020874,-49.05652762793588,-26.196307676687162,-49.163296398023185,-22.616909411299403,-50.42561196103856,-13.92804056312351,-47.98095857498492,-5.286886163477111,-50.16458667603203,9.310902365875776,-50.23023051002643,20.405212137772292,-50.89503937351263,25.646655938087957,-49.82882833302348,39.76505596110359,-50.58930348336523,48.954777183297566,-48.339352042230296,51.699659935070756,-45.53360920421622,50.37568525179955,-29.158339080379335,50.308318514480064,-9.451739189005071,49.96141428908587,-1.0382095480910707,48.778407788683786,5.579073557817146,49.11278505186193,36.44217328028943,51.33384360141449,37.933136595400896,48.493291232713105,37.20687831774026,48.74110723175053,45.26002229482553,41.25778423461233,51.100236325062724,36.090633413979035,49.6503935201589,34.029230160875905,49.57162851532619,34.811650750376174,50.57186496590781,30.547963633015666,51.1590143019045,24.42692642970601,52.22856972389588,18.514013313133443,50.72084827895412,8.954029666125605,50.46721762382318,-2.1725620226062223,50.13354779363427,-13.538573580768496,48.07799666031797,-18.20509056110572,50.97394933880601,-23.490052476011055,50.38199364704948,-27.74906584971411,48.525384089773105,-33.89193235700717,49.09475880733588,-40.4105034553462,50.37034742360075,-44.06147546982821,49.457081528433584,-50.60555056318796,47.22128046977592,-50.17313822395269,45.04060525411173,-49.49480887715897,37.1821493514525,-49.555917882282024,31.77314544200577,-50.35245736816109,8.782243641660111;1
-51.54207316602221,48.59452103789756,-49.45546117420766,47.83706450937761,-50.09386850080579,41.52574266285497,-51.79504525238821,37.76753952913663,-50.34081957652793,35.72660004115787,-49.35856656772597,30.02325727462063,-49.91288045012131,30.015390397371075,-50.68427088674865,25.51318543198975,-49.3012994272846,25.923851978212305,-50.769376123727554,18.04597261596049,-50.64998131080855,10.60386079872891,-49.431726816641365,10.051210031379574,-50.900265919806124,3.0196534686884107,-49.931393496613694,4.146800995249707,-48.86475352614165,-1.5500218326779363,-49.90416349680348,-7.889392888948115,-50.688730963811686,-13.703282268058018,-48.436078975151766,-18.640488848129618,-51.32402950545,-23.68483631724365,-49.67189546461883,-32.03001748033954,-50.18583246725691,-35.477516724905705,-48.5273722381632,-35.14601355899405,-49.14684133258464,-41.50572343262913,-50.209907634810456,-40.14298991289918,-50.153781353975404,-45.642031871769355,-44.382583348222866,-48.27549126120828,-43.58277369595359,-49.88419275602628,-41.24206726198483,-51.993875705705506,-36.83947184678573,-49.537431087448006,-35.293328407229325,-48.87097716455284,-36.945024025214614,-51.14231679452732,-32.787089229495734,-50.031891527693816,-32.93599947370931,-50.40322401922937,-29.505159131852544,-49.532519604669595,-25.579997244180703,-49.36372429729141,-21.07688871086452,-50.501464989064374,-22.637876263713586,-49.28312312641362,-19.693756633839943,-48.55843390040066,-16.980499930701303,-49.20294732038437,-14.286819234941017,-49.21435384070649,-13.364342616992353,-50.493143355456645,-13.36156820663606,-47.711685961636796,-10.269204420244881,-48.97868672973232,-0.12142511121138377,-50.09823847437276,3.4459590032815903,-51.197749468997976,4.886025303815685,-49.05301954309173,8.308947791131036,-49.96555187491163,10.213709245774563,-50.94868854681016,12.231231373689456,-50.587323513935324,10.402018304864303,-48.62051617703951,10.547936104602273,-49.589169290435024,15.028745221996848,-51.08524041462585,15.595748437642508,-50.475169218310434,19.699423870122004,-50.855931880546166,21.5932279834866,-47.62796763700577,25.506954359713536,-50.57761935874877,27.868319931806163,-50.12335202108311,31.541970726382495,-49.66320859589032,50.93928192316549,-43.77085709014163,50.3225657001365,-42.413983384867684,49.36457371952758,-42.68533833477752,50.57608796168394,-41.27547850431123,51.30644877718056,-38.3118487073491,51.16476047432131,-40.29209404965276,50.92651624464022,-39.11915447838074,49.97049647687503,-36.357000953410925,48.77237008670726,-30.54139804423432,50.718408202381966,-19.94384877520204,49.03397503385395,-17.028157726633168,47.941630353887966,-17.37895459000905,48.97499831878076,-16.308983307238964,49.386478683944965,-11.130689221012377,49.82329199088354,-10.166579193339036,49.620153712984774,-7.8950571403765935,49.55428459913573,-0.9344737427751687,48.95152548342449,5.178954320277929,48.70046515083277,10.980846275572311,50.1723109253535,15.756068725728761,48.99002626743596,21.938450170570146,49.72214311581189,27.94670172597396,48.37489953155604,30.21954894349879,49.31607518095336,33.03934303385585,51.429389934705284,38.18902315614189,50.738442559093016,41.955828079312525,49.08539661461216,47.257761756000455,47.74524377846134,50.58703552872144,43.522913518514834,50.22187944758331,39.86669671481943,49.888475538719014,40.2897221844964,48.88179388705448,36.59816678552063,48.560655738184614,33.45762722374896,51.315004197532964,34.23298662986223,49.48542127144538,32.80189241724003,51.34472324112576,28.86709249626362,50.572027367140805,28.386954984514944,49.48689841958138,28.859695847184568,49.81355300011101,26.603671271779817,50.75442269816218,25.539316206200503,49.13413323478614,24.71862040997949,49.25802080571127,21.96633659812134,50.40980315668898,17.758065516660487,49.8629506289862,14.067845640589828,49.943881539549594,7.259416670884674,50.6267809950463,4.9859515186515395,49.91959482630313,7.797471619883089,49.815130654348266,4.403243441684723,51.21539377675105,2.338571854010379,50.76444668876407,1.807285499473419,49.19865577515162,-7.379340317066327,50.312995276146324,-9.384059123287445,49.70012204902861,-15.551103182350884,48.4057109958126,-20.404424480772967,49.95556775513002,-21.67218075557432,51.12196199961303,-30.24523071184567,50.66030104444731,-30.73947094994573,49.930203150862035,-34.60603788705687,50.596872246588774,-34.46046092170953,49.529942539691525,-36.44378273155063,50.22124675834596,-43.94187210974835,51.51129314207692,-50.16917276356372,47.39862517339963;1
-50.06293781265911,-1.1991679415168188,-50.05197949407805,-4.5051944005997395,-52.60241378533358,-18.542884637466276,-49.63864233168535,-28.313412296345813,-49.81384397753289,-32.89645225281156,-22.22548671130145,-50.87149147068432,-21.072200633867798,-49.920843115404864,-14.651226916132106,-50.53767873217019,-12.326433841997465,-48.33849901453388,-7.519492263377054,-49.498222541362665,-4.943591456616557,-50.130490383846194,-1.8507928032597185,-49.87952695988345,3.7090489158508797,-50.24229704293184,7.02527130842016,-52.2174395146515,10.998441584842567,-49.97702171233382,28.623342505914326,-51.443729234502506,32.999720087223466,-50.59658801122503,45.61010758076418,-49.13288325871742,50.26630270304106,-46.834963686594975,49.92461941057598,-45.01776541682151,49.531222388286324,-11.98261741041626,49.92924653555805,-9.396688167760633,49.4656522668393,-3.297828417783234,47.96194682182913,-1.2171188679688179,49.73620395257312,5.474575916707741,50.858440711212545,10.430558628785864,51.14629152165157,22.409197727004848,50.76964902685165,25.542643626827292,49.35609939677865,33.911218493577614,48.98734656657173,48.23544245169609,44.63761005164826,52.24598095903666,41.327524505476845,51.56380719914337,31.186735443095262,49.12784275112406,31.129254570931987,49.306463782622,29.236810642609576,50.589914208317424,29.114148797573428,50.40747089413109,13.573679832380602,49.432535991800364,3.578925797389152,51.15627059051514,1.8277493892918792,50.99999700507976,-29.01275958574665,50.35981561861826,-43.145449510975915,51.3971436044115,-49.24979481493779,40.87697195302614,-47.95576448638166,39.5546676786612,-51.56686756618829,32.31894084844077,-49.191544096257964,32.29389938504822,-49.26198139788725,31.524181154724513,-50.36106251295691,31.674404648872343,-49.25722079489183,21.216798586398376,-48.716734593719025,5.991724359792447,-50.25112130684007,1.7693920491330795;1
-48.37020568224122,19.177528567116624,-50.67198657794638,11.3311281389371,-47.99395722544926,9.006144842105194,-51.53469060941512,8.930336576372078,-49.77231217898149,3.487383266330429,-47.29728749403138,4.58365058076347,-49.66121825140789,1.6890014082681857,-48.299651324541585,0.558732757505499,-49.6855061996987,0.6362975874542686,-49.91322862192309,-1.1177916301674025,-51.275873434564325,-5.093244038312883,-49.99393738223317,-10.852103639100992,-49.50041256355741,-12.51280926572175,-47.99570936702436,-11.741174314209669,-48.95984512672514,-14.948617895973157,-49.028429840416976,-18.586391140730978,-50.510581849143975,-17.87897293740516,-51.13552007613108,-18.502993222681642,-48.48977413469283,-20.07926636224818,-49.360587987077714,-19.782959614949178,-49.84474764150472,-35.99077073640147,-50.17468174844448,-36.62616369288497,-48.67785324264739,-37.891721260499956,-50.29268223633611,-48.03624685209716,-38.03648355285393,-49.7611197638239,-34.0654885044738,-49.50784907248493,-35.28652687291211,-50.96059841828033,-30.017197462138505,-50.3696986851722,-26.476149478491443,-50.43976045843057,-25.251514473897963,-49.71104052718561,-21.496296336086132,-50.78854223476114,-21.020670984830918,-50.02178092249537,-17.064701481187342,-50.5805574347115,-18.800292183910994,-50.259721527496744,-14.615654106073144,-51.36261731909572,1.1890968235301025,-51.084892335992826,2.9287994901331142,-49.535929308458314,7.513600578056935,-48.73594155746474,10.577830720551583,-50.45590706160848,14.282439273655466,-51.09288992585911,20.41839473089098,-48.844200802178214,24.60262437809985,-50.811289622853295,30.699418161709836,-51.950856667082846,29.94689930119936,-50.065844802776,33.11787509222613,-47.478765552345365,35.974385799886264,-49.62299933070379,36.893345337432656,-50.214586954594516,38.125396274592816,-50.018611526877486,38.52592276774192,-49.143822067714176,45.0151450073611,-50.91890705551298,44.2974531960284,-49.111393467430496,49.907946449362804,-50.433795901929635,51.53799171387625,-36.35203934845318,48.98852082509045,-30.302947962754995,50.56478856389957,-31.045488936418902,51.16026011594559,-27.95334271648602,47.4285483918957,-26.72090430473572,49.534668052993844,-14.730758240625814,49.776058895695705,-10.67943898201635,49.97543182880436,-8.296143422923265,49.588689503040726,-8.34118029399927,50.756343572636354,-2.2737304106660545,49.14353012996943,1.5905688033604974,48.892131596532295,0.5891962512389333,49.49861114525977,3.5323183501310687,50.498317905234614,5.363997990750022,51.30094462190968,5.555258186561732,50.79184624639175,13.133305135624951,49.943455287103596,14.614571392899652,50.95675959284436,23.51278521949539,49.1894980144546,25.402535741729984,47.61587376813961,27.538427682350626,49.72436355055955,27.99589475545774,48.7542423328357,28.92415886800957,50.913159220539974,31.214063440444768,50.727167081966165,33.72160720525013,50.0450613890444,35.08155394367498,50.42329453124776,40.1505090346155,48.25033640851155,42.545843299000516,49.664330198535744,44.48406186765438,45.02775019071635,50.55215408331224,41.793429495054404,50.628084594178894,40.9080142582654,49.8540706680455,34.29159785706065,49.63211748543858,31.863683093429245,49.90882268238196,26.318751454849277,50.647951557124514,20.466797386163776,51.00106874140236,20.83760050074059,49.65197117127509,18.170050457108534,51.31583611357362,18.659786630885655,52.79950360312605,17.803303838000918,50.420992835779295,13.072826903049343,50.80286875887017,12.439436166850784,49.46998521695151,7.0276557123032894,48.97446081021535,-1.3808325441401403,49.29686338831966,-3.4623584851449447,50.630484117754136,-6.044720117835128,49.952693669624885,-6.392433884483746,51.39500273025496,-13.65373640218102,51.84054826689046,-13.750677953892763,49.67598628465208,-15.226104583275617,49.75074862448664,-15.33565123020468,50.27605982741752,-18.564077258475336,48.60154897525193,-22.470767340951646,48.70370792255584,-20.94584673963747,51.259136071726054,-26.10096862869563,51.79047086321957,-34.65899182259044,49.73525282077873,-34.25531373664358,49.35977729444266,-37.91766312179328,51.02117951173172,-37.356615413071296,49.00918713636675,-37.678161503262835,49.88109288716585,-41.33958527970907,48.791027401904415,-48.09367658165172,50.32762541331948,-50.03112720976204,43.760952165395906,-50.78679320768552,44.630216233020285,-49.59480676339935,40.58967415160053,-49.29818466055323,39.04612564110663,-48.823491811301665,38.987232251832864,-49.876847995618064,28.929759129888915,-47.18940825111512,26.732979340117982;1
-49.93092681719815,26.490192617363487,-50.4621537456843,12.136586120847339,-50.956142096239944,12.941093951157292,-49.58524294487551,8.236703379016324,-49.62823800478195,-0.9518900013647927,-52.46565294033567,-13.907464687688995,-51.21159660279018,-23.749908028159016,-49.64268615061779,-25.503368605991998,-50.38891405931528,-24.809189427681456,-51.18244794826681,-40.91902693022721,-49.735415283141755,-48.51344922654613,-47.24807647911522,-50.64082663363878,-45.2596115713784,-50.3629095538125,-45.65755059341692,-50.36087107352468,-36.158986606361815,-51.17462334997906,-34.596475443817404,-50.70167811209554,-22.96481226084328,-47.95047665179821,-10.980786227146842,-49.69336543124627,-0.6864486088447386,-50.84889788633236,23.87870065484498,-50.40992942520995,30.255653778745614,-48.400779950833176,39.21618472716379,-48.971914801990025,48.41807762246102,-48.68931521025102,48.3025115276873,-49.99123990004888,50.24094707198832,-46.92804422276052,49.70517221548474,-37.38199541450378,51.348477886131086,-31.327273566534583,50.886030660279445,-20.934626383483288,49.72708608062226,-22.734773581993295,50.42051607491195,-20.350483868429297,49.88507648707658,-11.240055010838342,50.62420851974142,-7.2298321701194626,50.28319617400989,-5.145408386262304,51.573286808894345,2.465947828573503,49.89475096215172,12.012354319454227,49.73525798019157,27.439058720469053,50.55849917600316,34.26043454456385,48.686090798532184,48.17357120691508,40.92094946537232,50.65132045943373,41.34616900740259,48.896323194322015,34.501514209414644,50.74404933136565,24.298020097550026,51.88701241559755,2.683730525490303,49.82896443611814,-18.268574094210212,50.637011574303365,-37.54440395373953,49.81973609991616,-43.428570232040975,49.92507946391578,-43.49133276631718,51.07842565861344,-49.31190190785505,37.21031248495634,-49.10986036553001,36.543668672310396,-47.81675861544097,28.29151647489911;1
0.5899532706154771,-50.14895078543379,2.712226783810468,-50.76272639731944,2.185340171359806,-50.56115549442965,16.42504830971514,-48.205622198580755,16.68363119066714,-50.38050493651095,23.08641283671591,-50.35899370221516,30.928720303112886,-49.99528086796973,32.8491029062266,-49.60839130766166,34.523032255808,-49.5833345491227,37.555199495482036,-49.76814493250453,37.59746652567374,-51.17421905128125,42.844539081056304,-50.19754794073526,50.73776896541737,-51.00402410472736,48.211809568863934,-44.844091690212515,51.48168415318478,-37.05548963210095,49.89904358557414,-36.0128724598352,51.93024825030521,-35.933864756512826,50.38055173821636,-36.685139104908714,49.74179690260588,-33.43003377547978,48.24741408983856,-33.056285919704685,51.24843842431427,-32.89821453715342,48.797395109550706,-29.211985722038445,51.729808200071815,-21.069874253410987,48.48300444179473,-19.73196920818431,50.14007225813005,-18.807296598967095,48.848299468162736,-2.4802849278704384,50.1884885598064,1.2069478298398135,51.074105698842935,2.558514232600282,50.97496822313293,11.14471911391597,50.186632838691025,15.516717876941458,50.90385770716112,19.94117963364734,49.90902866252101,24.87056050934627,51.09433619569274,33.34914796270304,50.42343837876645,34.202226011886594,48.868932155412224,45.08617524670465,49.77513108832164,48.9993747653181,43.73879416592923,48.601828269826036,35.902600733571596,50.765663738448126,33.563480393986474,51.17556294879186,33.05748502365756,49.43761950611344,31.059938416594452,49.3402936479763,25.20591703098966,50.861534919041766,23.111985413866993,51.553003231883004,19.16257123378898,48.583420972840344,16.874696123334317,50.325215938346325,15.550308908747603,50.20057010437249,11.637624837730812,50.654507387219724,7.5629398546831075,48.08015931427493,5.356565932385768,48.37142849146156,0.7467909114719613,50.3494903259056,-0.2160431886124119,50.10494669348121,-3.8059708957901055,49.631858623472795,-2.4327671477285806,49.218573386324955,-5.583933440073159,48.45224225964807,-9.940530458769773,49.373840607065844,-18.015803716238917,49.39050820803104,-17.296461372958973,49.036962664329906,-19.238504149751787,51.29836005507287,-20.29446966311946,48.652886031727526,-22.928421350955002,50.39071712874339,-22.43784877334559,48.37996585100609,-29.181415422892137,49.87545091454566,-29.265492919457778,49.978617934575496,-27.634928160821413,52.257271708763476,-29.98660956545732,51.778607965203115,-30.96553369081429,48.376417659976745,-37.451965055037846,48.6608683480345,-40.44731708144129,51.31866161140161,-43.59607417041901,50.93849977215134,-48.65015591332244,49.90090427288737,-48.507936580986694,49.22184114757004,-51.686689823577986,45.7547031804661,-48.66688274555562,42.4757135956984,-51.21140908356074,41.328311830489966,-51.06420386202639,39.50926972636923,-49.453008335363954,36.66624154189915,-50.5122033801275,32.721340933844814,-50.40690868876574,34.4441111119948,-49.79856128339421,34.031914781204044,-49.440047377160994,31.444521487703497,-48.33412503449368,30.107660824108173,-48.26320400660361,22.78264220281022,-49.181386852320585,20.267491445171505,-51.69984746096811,15.289028271544169,-48.35486649642717,8.063696221748945,-50.37837393999476,7.225940956297116,-48.93378658519878,2.9758359948770883,-50.608443086850855,0.14163186060487554,-49.23494261532753,1.0372367125598556,-49.02770599510003,-1.866423489211058,-49.626363358174565,-1.7646117948567015,-50.20388638111243,-3.758051921315538,-50.74937839276792,-5.8716501182096374,-49.90096678634911,-7.87364845679906,-50.4023098788494,-7.965659972894355,-49.51151221936395,-10.632114607750662,-49.55682797323801,-10.846752686377632,-50.18036485016575,-23.17506465428175,-50.62931672644453,-23.596954985970658,-49.44300117365106,-34.22309918735577,-49.93714736441499,-40.86502196497471,-52.64343886032065,-42.21768860607964,-49.975491127463386,-42.87927373984671,-51.38751232611035,-44.789032125035554,-49.50127438361762,-46.63587462337209,-50.31343936762504,-50.029632657697675,-49.65291720899376,-51.578322142846986,-47.28221644172546,-51.6530497050612,-47.482260646102105,-51.351363907230244,-39.936622656318896,-49.41686917173746,-31.22314191245193,-50.41105814504155,-26.195957600104922,-51.09044346957405,-25.794544622216968,-48.90256557556431,-23.98708016681554,-51.240537868053266,-20.689616925039537,-51.41937675560878,-19.970625014495816,-50.41046483084531,-17.108461699324646,-48.442422252174126,-16.178736114937056,-51.42057846892485,-13.622259486523488,-48.964438620103564,-12.81582817249999,-51.67152088904064;1
-49.65374993810922,-0.8917280062777683,-51.88301786211762,-14.871677347648424,-49.300578794826485,-27.762579100531454,-48.48074579048978,-31.597544350906663,-51.10689861487309,-36.17404055806142,-49.818275268978205,-42.42595924610328,-46.06546129515526,-49.37069646869159,-34.46159426794064,-51.48357429087359,-13.859882196411125,-49.25621995102062,-14.1204012456207,-51.032025464549214,-11.64344642950643,-50.89553463028869,7.468057939367976,-49.779185341532944,17.282724128076214,-51.01779863382638,16.595931403642528,-49.875882892712966,17.40140400053236,-49.13960522206627,26.74103207523309,-50.10784400050736,33.91350193160101,-49.90525935290344,41.463782065558,-51.6897249598902,49.49453149120053,-47.5011184274627,50.23997696053662,-29.72072757714932,50.13415028194161,-28.79613172780059,48.88558249777121,-18.610041202643867,49.33589854714119,-21.471589497150962,49.39468506271741,-0.6034492123359732,50.222866676428715,1.707896093089078,48.46272988781999,6.89018124306513,50.92499695035586,19.812060233105598,48.85311458270136,22.300225654860213,50.48894095050234,28.226325314028454,47.87148218090148,34.70280277963489,47.288952320369276,50.293219737975214,47.38860764187058,50.27356776338654,45.398299931079706,48.305491531669645,43.276178047586356,48.43138967499229,21.666276473634422,48.826771613824825,-26.424513995881885,50.182235683153685,-37.526395106074006,50.39150013437933,-38.92731075730255,49.182704498691926,-47.512701301589885,51.880414335078335,-49.81599056445482,49.54276231352563,-49.9165599628712,43.89654618430529,-49.22983862986692,41.093263875047946,-48.76526899849457,40.549951688574154,-50.11784952043791,29.43962163705664,-47.93952830908749,19.33507260690814,-50.02112541607157,19.71275800087909,-49.18110987244285,20.929113553350188,-49.88905066687593,8.437368094305246,-51.751826518323526,8.03237365368841,-49.21630788584972,1.1300971948084912;1
49.968886462530776,40.214229443910966,46.53288841471328,50.41734589937004,45.335489671862575,51.13401366287681,46.104059469888114,49.14322297073623,37.61049869446086,50.354032563106884,34.55701724186545,48.596268433918155,33.71930132988989,48.70490347200418,32.59878193331545,50.32784969459601,26.15590434594045,50.04988648922819,19.27921556541986,48.92188157829371,19.718386844310157,48.51082084824468,20.238841719776598,49.06321193217943,16.7766482259868,49.16317601339057,14.291235882966053,49.55911943647196,12.428761594849679,49.68075485754014,12.2653199876534,50.651061367951186,7.639608880285843,50.26021397971392,-0.34983137060921987,49.84418453455726,-2.085321465799407,50.4170198438429,-4.535266961844499,49.193864368852566,-10.86635368710013,49.28493812654588,-13.350111576223018,51.516555577246635,-13.970179018372693,49.536340381754286,-11.943509544080838,51.495075146581975,-12.050185715227123,49.480486415343464,-16.81469874180733,50.591986677161565,-16.21318563977052,50.220203860509145,-21.207632422376626,51.59612155554793,-29.61766167311994,51.013631508663984,-31.586859707336885,48.48394377456435,-32.829498548380116,50.37334366714895,-33.82589652770716,51.959195722332325,-37.018891913635784,50.09620498521661,-46.35383909301958,51.15503701813032,-46.55103707443717,49.320053190908425,-48.10068414429759,40.798604325648974,-49.70936085168384,39.69905039967605,-50.68770962362811,38.17776557884547,-47.67231542865397,36.38507537987676,-51.69232795623536,34.497924673165244,-50.16284318921542,27.721337158371604,-50.86072674574641,18.11964699483551,-50.14090015808724,19.187073957446238,-50.17717491885243,13.175254069136425,-49.30144354157408,11.289669913937026,-49.35493053134969,2.7313787008026553,-51.04723847930555,1.1706576378772455,-49.698827414124025,-0.9862797510941713,-53.13714042381265,-8.101053127379446,-49.948694957888534,-16.550171294596943,-49.888580783222366,-29.121462807357965,-49.39321024716912,-37.14207801809907,-49.186649190630924,-41.54445409786731,-52.2188722782239,-44.099875736907016,-49.91595142913095,-45.081209352716186,-49.9813635015634,-49.47453927238259,-45.02737012479079,-50.15167856535227,-43.17379057058972,-49.014550409425595,-38.978057860646935,-49.07255821365982,-32.43256922261791,-50.34511421130417,-26.838180017865028,-50.82915810064695,-25.399345115543657,-49.68984879156384,-17.005832228846334,-51.8284894745794,-17.289144137957773,-49.536765390738935,-13.423366324128375,-49.22427521495146,-9.93114857651436,-51.91405686602932,-6.918770097460834,-49.55238388560001,-6.988262445351562,-50.9369059574057,-2.6963440169155493,-51.13807642636574,-1.373918034803782,-51.25723266731565,-1.431208478499323,-49.9855294065282,0.0035197734481238587,-50.45647752881435,1.3024088585875886,-50.35266182601021,11.96488877623979,-49.31292055418928,14.43249020681352,-48.51312498908419,12.42418251187936,-50.00243937759961,15.688740353513193,-50.05140489715511,15.302083156712357,-49.39449280040599,18.885605310271004,-49.47310365810388,19.59204208554046,-49.24001263862865,20.95408339336351,-49.58904823839562,23.31157887600208,-50.06889500038947,31.059571251983296,-51.15638411663042,34.56581073437004,-51.12229524250237,36.52621997441326,-51.7905255797162,37.82793946255094,-50.130983465283045,40.50392816509608,-49.30284645313468,41.06452633562882,-51.37016519316306,43.7801248421777,-49.15292955392262,46.50651913990749,-51.74853060571451,48.54918950486421,-50.7766578094128,47.106353459767526,-49.993379084128364,50.76193115813657,-47.033396621135395,51.017305777099146,-45.81122211846248,49.666844906354775,-40.589096849726914,50.43129925585063,-39.127786380943505,49.54253546521235,-39.596033220000976,50.329767970685545,-36.60762863295668,49.783962590739826,-34.22320035793339,47.94020244332403,-32.634502581355484,49.25414719101013,-30.52618345492727,50.83011442593499,-29.88674391776666,48.43228162130423,-27.31216367788713,50.7054663504392,-20.19011498104094,52.025124598999234,-10.732516642551259,49.96017083690859,-8.348161377299542,49.39182460957106,-6.090313974969644,50.314148802844166,-6.214841201337076,49.399126839784095,-5.859009800444635,49.461595391571876,0.2505785636167457,51.16196257104403,10.601945580090435,51.44066101118496,12.31919851383379,50.02540841614105,11.37136258359864,50.16040273142335,17.468718981685072,50.906969956689025,17.45256088456862,50.73550948408197,17.615560232569454,50.09978502006523,23.103706051943814,51.87185985636116,37.79245938952614,51.48295668203161,38.71689955112822,49.44586386263571,37.796293940041444;1
-50.602656081222335,42.8846290686253,-49.67928333777962,32.00177329595671,-48.90112170888954,9.097682686647167,-49.22200387115007,-3.0329633320624882,-49.227662377362634,-12.022817438001546,-52.10257258620163,-15.348858147128118,-49.62685390100127,-17.699667580133447,-49.66315046973479,-24.255756951814696,-49.50421514624526,-44.59804674516894,-48.93942731869836,-42.65668478559265,-50.467776197767336,-47.99076861511745,-35.15965911460883,-49.92835695335116,-31.118579243656516,-51.94314495278421,-16.75749342117445,-49.30597629939213,-14.960042263645885,-49.67308308738388,1.6145836645817757,-49.193020314619375,14.68736767831309,-51.52774952186785,18.275941468257816,-50.65675667412014,28.68282324897008,-50.67924310797742,50.8431358385949,-51.207422541693035,48.820653632768746,-42.89449000291504,50.323810313713075,-38.86442570530713,47.89917707339778,-31.02042121996168,51.78077289434302,-28.711962799335453,53.18182117168887,-18.556394034284537,50.21950642336094,-3.7603698848494824,51.63662418997576,15.664016403630011,48.64015885738494,20.091194234092317,51.297300858076554,22.178777812911896,49.058690397326174,22.31229817511917,49.3464204285627,23.80673905669667,47.92911618502561,43.15543556683556,43.523720364493165,49.93055818637066,40.01153648483149,49.0897308969601,35.05476240646391,52.437897901638785,17.09865748260557,50.49908047349725,10.942440180883137,49.08693710520409,8.102164647070339,49.68102700292649,7.144061404196998,52.25350369184021,5.146154112471546,52.598708150020066,-11.111217242337435,49.878149258893465,-15.724275116151064,50.65102905536208,-16.385707177882217,51.120936649156654,-21.064725356735075,49.28155931672145,-39.744555893668434,50.56099203837875,-39.48307399793798,50.30292772276737,-43.93045124404928,48.420581404552436,-49.0690877287356,50.05704378743168,-48.810883813015394,48.655116063599834,-50.81440313808003,47.51091309133119;1
-35.5002622669816,-50.67459479496243,-33.488268855106874,-51.344757086433845,-32.78825562030175,-49.52796623656903,-27.45208956618643,-49.61083019622683,-28.91669087445135,-49.491345070716314,-26.34203018842129,-48.998487132543204,-21.333905705534324,-50.92984545722206,-18.35770343545377,-49.60602771301402,-16.952423950733724,-50.95577447407797,-15.465861186462766,-51.23312289603677,-1.1556754781117096,-49.546989348696364,0.02729293367326191,-48.96387752610332,0.14023750931870227,-50.301719770308445,8.100850764294606,-51.09692955578734,16.65922852454312,-49.783082542145365,21.599535517881886,-50.38927294906621,22.237428948205814,-50.28881561249137,24.09652344545044,-50.71604555668597,30.058962303670228,-49.793492674805435,27.42442690165974,-47.876654932589744,29.693817402147904,-49.42138827605253,32.05872185092225,-49.952739697978195,29.64226560667648,-48.68898320773164,44.231252385213594,-48.09270089713741,41.85485356958017,-49.203079701072724,46.51107335027072,-49.25803463298321,44.672533951586935,-50.425821300593086,51.46704751342669,-45.32636792809153,50.01349387593638,-46.83436123971261,50.814826167094104,-43.4037479223929,51.23198521353162,-40.09781609913565,48.533835463736,-34.76151122886675,49.63926427693548,-33.47382501420886,50.87994831972695,-32.766277737028595,49.0466173966628,-34.698655104866184,50.51148490784112,-33.406823750357894,50.744307484433094,-35.65930290791721,49.28431790425868,-29.494608337902953,50.22633363793379,-27.17775338858882,51.30954261372521,-26.596911297872165,51.09311102969359,-22.269078950356942,50.41451905737838,-21.540754236502476,48.87633751659128,-20.975745721757356,51.16979967619801,-15.618262319469206,49.05392994485078,-16.78336262389412,48.66219364631871,-11.490943812433938,51.49754221121156,-8.360246378873772,48.2451899099656,-1.2169538771607211,51.838079782249615,-0.5497413103649472,49.02226421188235,1.8121115789310003,50.795619428481075,8.206144000222908,49.23089441448837,11.371892648554132,50.85276013889813,14.711466924018094,49.436365350279246,30.08838476886206,50.753737222351376,32.45006847247159,50.114579375929885,35.28977857492769,51.18318674148874,35.161762210273835,50.27807363453943,35.77664331539787,49.89237502968121,42.88558650328885,50.73350404714651,44.0145244635172,51.40911704114432,46.017831918358674,48.532297741972236,48.863240184952375,47.887026247671734,50.46808426608938,45.04973686633128,50.231208761423034,37.35186286625429,50.17820155028209,34.414519133200805,49.595026624635054,33.01789293019668,49.43383779425316,29.69284794477354,48.32898157901843,25.372502901641845,51.05468957276649,24.19898331354647,48.7322203921836,21.5243768893445,51.0786264912004,20.160233050831295,49.44587373908264,11.899678782974156,51.752158402815944,9.16986005128733,49.663719365077185,4.401557530392886,49.60102267552101,5.3925820861306075,48.03879539165458,3.3277147834734406,50.254963861139586,2.673435758345748,47.941267888383585,-2.1293889798204555,51.564362143800615,-5.891315691202452,50.286957148736654,-8.10231957420349,48.271800192010964,-16.715146326952986,49.76111610235113,-26.425973534713265,50.5516739501637,-26.740249456929483,50.200725836699874,-27.013508610233906,49.90042704370049,-36.004405642371175,50.11490444429179,-36.5654363569041,47.99731191240739,-49.95816143908359,50.41602336953484,-49.11052206796292,49.17351302290917,-50.79568144798414,48.33566512350374,-50.50118842871099,43.41358023167799,-50.514646997896946,37.54365401947783,-48.29146506158513,30.218150968517442,-50.55521030484888,26.531890321768053,-49.744732656935426,25.99920385457331,-50.30629240511251,24.20523813129587,-47.5329339797572,16.522933413048946,-47.556163170236054,15.951290838292229,-49.09770297664877,12.963484786389344,-50.46623550420404,9.78721824419306,-50.059490174627825,6.295961125841353,-50.03584494553178,-1.209003893644523,-51.11526601242332,-4.963016905067318,-48.74633539590185,-6.808851091373009,-51.68340236223195,-7.236390228888629,-49.76915604494818,-5.285891613785892,-49.813101430412054,-8.261578388459183,-49.80548355598292,-10.432677465201012,-49.984730065755876,-13.078353118234451,-50.67260454706268,-19.26521347826024,-49.59022506206988,-27.167030583934537,-49.99990884804933,-33.78738782509949,-49.303416166503716,-33.20167913639198,-49.37072448076121,-36.945625748102444,-51.23825986054723,-40.92576549444042,-50.98875811653624,-43.29412361075023,-49.68751907522728,-42.680680552038936,-52.21800416175851,-44.25616114302799,-41.43556451411265,-49.673290670603045,-37.76641152332027,-51.08126672334754;1
49.9078262711808,2.4286842290653907,49.90447023617222,6.011135867037654,50.37166850808964,13.166946422485303,49.005594571872415,15.221051134440946,48.9910561699983,35.31517028550564,52.28117221776439,47.083689540186896,47.7714511186531,49.09413491684063,45.62291779033291,48.49583276671283,35.672782710985345,50.088488852659005,33.99902266630615,51.63073169048495,26.935734587502456,47.65923180928649,18.662575097582746,50.36163669310424,16.04195388810824,50.34853313048433,-3.493310213651981,49.680912027804695,-9.409653786070507,51.52815055813317,-19.911772345889194,50.34529919930632,-21.06320998878114,49.46963638913486,-24.759230623065143,50.30260530909451,-37.5030861866115,49.29814511859841,-47.47936415315962,50.28797973035797,-47.569365937854485,49.61561858766056,-50.60756767497972,48.28318432168549,-51.88861755523866,33.51896624622649,-48.08204955819876,14.013329609760312,-50.19914500753184,10.979818162787215,-50.35525704783489,2.4946127609001527,-51.425907002605406,-4.504267535420946,-48.56358192149394,-34.58254595196217,-50.79359643501595,-39.326387468954984,-34.50688668323892,-50.218130011464446,-32.971379566695994,-47.90985688795603,-25.09746942965363,-51.50173418860793,-5.7260728394223595,-50.293683276442295,25.73156767718961,-49.494439598446974,29.393254035019144,-49.74453117032526,35.12601362456932,-49.415746702147146,33.68596438987274,-48.68428150493083,49.9260373281237,-49.69037381912346,51.10864540079735,-48.968947260962224,49.54231271932378,-48.34006880226796,50.23678366686635,-46.68882591256823,49.804685728734846,-35.58250283400049,50.27019312223846,-35.68470375617911,49.13248746636785,-35.125075751940514,50.52784636470225,-30.273381943986113,48.172912020283775,-25.54688128750088,49.55843716330997,-17.25105153410553,50.59696610740444,-14.628860201120865,50.949327505674404,-10.603139288537339,49.493341400750126,-0.8709733348885282;1
-31.364675569357566,50.97664714802466,-42.87253644506388,50.268049823683064,-45.68395945818969,49.700559557881405,-47.92136953566643,49.72517919830988,-50.92058210725145,50.64783240509347,-50.07989391422577,47.183698738888936,-50.06299275933506,44.10837154546587,-50.72600277557859,35.17588745765043,-50.62562688767488,34.061341011868336,-49.97843459565664,35.713488975827175,-50.426190100429984,35.119051137858946,-51.239057901961885,19.09613200385627,-51.551753766612144,13.959175332394855,-50.42640210215006,16.459661056981837,-51.08245014626674,6.055866604231003,-48.43303165429957,2.221638549325928,-49.56425975285916,2.0663590502829488,-48.72740338310975,-2.8731923427172545,-51.3996069550631,-8.522822171157069,-50.18313798338992,-13.49314846758804,-49.50112691706288,-16.761687471210692,-49.661121518650305,-24.323688232871937,-50.852086682728974,-24.794212524477587,-50.37822203465939,-26.95525023215479,-52.381133507947446,-29.189043566414185,-50.69888477676862,-34.825673309009034,-48.65708032921683,-37.14557064238978,-51.2001765343977,-40.52691130433449,-50.32786670679821,-42.898008339730495,-50.93078454476274,-46.81177627238129,-51.78606732650943,-47.88087130141695,-49.155599212317,-49.943598610217975,-50.70344688310404,-51.3681519989,-50.21392357668224,-49.655593247606255,-42.44143267360316,-49.92769057011785,-41.70131140673114,-50.86800463568265,-41.75587125268811,-50.800097596399894,-39.169060714696116,-49.35069195594763,-33.553036028398935,-49.44877168109991,-35.00305689276285,-49.805881626863034,-31.17431207676968,-50.97544102503069,-25.798003274078788,-50.13917712208791,-25.706630163645524,-50.43059664282955,-28.04780321168233,-50.46625657957137,-23.056080637354633,-48.84543772258136,-18.634123816581635,-50.04412608820911,-18.64378852619058,-49.63691984222518,-15.454027687421409,-53.14700649583962,-15.501315986245304,-48.59964647379366,-14.633072939450962,-52.112702857295496,-12.76531433826954,-49.481368813249965,-12.931198135558446,-50.2329818805436,-13.295223866195634,-50.2166695584708,-5.402035635445862,-50.04842069286154,-2.6621643151120247,-50.105106862523186,3.60145364235547,-49.43630247215548,13.740440013127516,-49.25632310214339,13.34127092608705,-50.101027093792,15.806820388484988,-51.11577611773648,15.768792158742,-51.11628328655125,14.448850174940127,-50.15845662453117,19.204759263173205,-49.916985601368566,23.076737937164026,-51.661474220362116,31.09111750609629,-49.224699540079875,32.161997508751256,-48.95965433154303,33.70567602031051,-49.62946926553218,35.77263423283384,-50.884015807632835,36.551936153489734,-49.857341579980876,39.03619673926284,-49.15348800519708,44.03233065880204,-49.26150311304429,44.19675146802687,-50.56940765954193,47.24487521872339,-50.241252285064995,48.81371538741222,-47.02584953486568,50.90798539948416,-47.781947989780846,50.24444996827728,-39.35086709223527,50.40238126529472,-37.39995727857121,49.22393448223456,-34.21292408264988,51.37178191632539,-32.65096410969591,51.1235659471399,-32.29290927073672,50.57851180360866,-28.34848376184942,51.71659931272463,-26.202117846250104,51.08215025620654,-17.193130626911955,49.95994347727479,-15.137579407789048,48.42178563663279,-12.479063829164723,49.78513212914127,-8.169676650344181,50.30233075318455,-11.16471341348053,48.824618146054334,-9.090010264261416,50.17624446775715,2.369296687119028,48.01598807031396,11.077277919248104,50.43011739149257,12.902724983180633,51.08875944130963,13.573764589782328,51.65612370667442,18.033614813111193,48.19175238365281,20.278058931441954,50.94451070537151,20.04574007882328,49.57740416908539,19.42874602711098,49.23266571380448,19.953398749047356,51.33814370667502,22.179301223361517,50.19391054205133,39.609267960614886,50.52572052723965,46.449125197000086,50.45884106677282,48.32220057090889,49.06638335449848,48.15395432507669,48.744506945857125,50.624034373510725,49.84255587510893,48.737270035880556,41.778298377527946,49.30869061715038,35.00566267646891,50.28427919061647,32.46872723843049,48.61145407916786,31.914328243064354,52.70678256448448,30.78735268003342,48.77165746829317,29.370814252210657,49.80590754047806,28.110273600255805,50.569584826057536,27.58402019678861,50.23142927758991,22.67594615336128,49.72401792552823,21.718029035589513,50.80993500614385,13.255292592847589,47.24312583627385,1.697976440913245,52.53486471374203,-4.325643930100483,50.837356123774576,-19.272293193062985,50.88205881231012,-26.29154746170398,51.02334345887412,-24.35414894131138,48.228504797369965,-30.39616081684101,50.55941301726737;1
-35.43819561664094,49.85361705823897,-34.64185214880881,50.22861141622073,-35.3666901002007,49.81885665669306,-46.76022231399209,48.32941379364154,-50.4206568332764,48.64268334155111,-49.51200676374248,47.81154600853088,-50.55331498694756,41.17778984640024,-48.143102316237155,22.59137900361872,-50.34140079180442,-2.8662161285754304,-49.397789657801276,-7.65530915719989,-49.23831907612439,-7.599044979227392,-51.34001094867264,-21.910468596242854,-49.44929391432018,-27.30882913390076,-51.20016669537257,-27.856451400221328,-50.9220657309559,-31.522092247616985,-49.75795294509058,-37.778442482055176,-49.24091649200496,-42.058089754492116,-47.641252357814516,-42.22356748232658,-34.95204031355477,-50.24886363386884,-27.61764188059791,-48.58227498263024,-25.513542811684815,-48.73755943645177,-10.741852461374556,-50.598094604782645,11.648381969312595,-50.147518231645925,12.894389857832094,-50.73743671473358,21.39222365413359,-50.02941550595168,45.446804306267715,-49.965423279528096,43.80745692926161,-50.35794395833921,45.7400041603658,-49.1799010334224,49.522187969045596,-51.30414730656136,49.342476887713325,-48.24740419624061,47.52881145056349,-34.17550222079388,49.430445769767985,-29.26241641730136,49.488256668928436,-26.198658616956493,49.132929294083404,-17.270221283108103,50.91954447682443,-11.812738562515522,49.469985144294476,-3.764320400084114,48.505283533686296,16.03727971455334,51.90899446290151,21.15313230052882,51.058396745357015,25.03306844232395,51.726479135698234,33.59785275561527,49.42119952302013,43.48692556454758,51.30530421532463,46.160053830068996,36.77246309369388,49.82131313057589,13.336121644439588,49.40888824542772,10.706767660463477,50.34501601692853,2.0597610967007367,50.41084089213006,-6.10634445562942,50.952615090218885,-7.715188871656664,50.711676782249484,-12.583723244948668,50.139622169204564,-31.71244566723611,50.603684232355036;1
-35.43691325267933,-50.85724615840673,-35.04537541939551,-48.36794170467009,-29.466300764741398,-50.05501185634649,-23.66327455816762,-50.66842423972627,-17.706619593643456,-50.92965559408488,-8.897566495311652,-50.91731076579229,-9.3127132853196,-50.01641372104547,-7.50118092651133,-51.286724579326794,-5.651026974551546,-49.456836589516975,-5.129764148255195,-48.27665357140203,1.4871443867728737,-49.343666147704035,5.607176187141936,-49.09674535515372,11.250771996379632,-49.127620710766486,20.494197509818264,-49.49525265221868,27.832706103768743,-49.28806159171403,27.326038430382457,-49.692323885277574,29.773444601313205,-49.251415027665985,35.03508602439841,-50.711809217891066,36.65797758336623,-49.631181811023346,35.74590586237921,-49.48352260341474,36.94626197860628,-51.62081577179742,46.087398816415636,-50.20822355460567,44.71911531678348,-49.8420043338314,47.61338503350855,-49.76334987745906,49.191381974560024,-40.31334751372295,50.84549669235046,-29.58085119145303,49.96354842598516,-29.12865443757332,50.09104844537889,-27.60180099963016,50.78696771236163,-26.525775676690262,50.55700682872078,-26.22759020182752,48.3610173781932,-24.742069290254257,49.84234687968357,-23.50758022152649,50.38018901740275,-19.470525720182582,50.59062796856801,-15.303975752093109,49.8401755062192,-13.047449579526631,49.718858670401374,-10.641964833090391,49.98622544470516,-0.9732839730521268,48.98444286049974,-0.335061193265962,50.01313983737333,1.1630912563365636,50.8626526639363,1.7755640953323315,49.82614053466966,9.286577023637225,49.900658925622544,9.654463257149008,49.082809858623634,8.955505510385805,50.258236236122606,13.085649733134558,51.29663055358648,12.82238829966832,50.61060547227918,22.983069615384686,53.11694678630986,31.93818385315298,49.98412919952571,34.97245514014699,48.79274873167379,38.76741858522836,50.40657350079397,38.4442470302189,49.42012794906877,42.00821991236959,49.66282632939767,43.8175912347105,48.47098603654116,47.722641208860345,49.04281204502025,47.18259061425322,48.59562251831495,50.87506455520667,45.97322235458242,51.54721737275245,45.593842143671814,49.807687723820564,40.45848349990348,51.56796383861257,41.80994595403359,50.39714574552441,37.41578322054815,49.37907336691177,34.01991896998009,50.89173644069636,30.42871671302716,49.65684782582722,27.66393357670381,50.10548403418358,2.7847557292519793,48.21320299708242,0.041216588095065454,50.36595622570188,-2.9369598167332995,49.46763339400443,-3.3172646201758664,49.2349802141971,-3.064300684565009,51.00159457248968,-8.749559658549472,51.82043856034529,-14.150626178848558,50.4795859667891,-14.497898237652961,49.85184759451526,-15.534924410252959,49.310993651556416,-18.520806826416827,50.58716528120395,-18.172611366571008,51.38067049156838,-17.000087764858037,49.33948081051819,-24.685104911485976,49.02638250548955,-25.553274927139736,49.201345765719054,-37.6105618803742,51.53955874196733,-37.17320299270115,49.64276712035381,-39.10883447440158,50.13376913981178,-40.28173246096764,48.75375969083836,-44.10312354245076,50.16031133083007,-46.16587606755746,47.56452889099204,-46.45163599807296,49.36181420295674,-47.59016267539095,51.23018899897699,-49.63038575593045,42.18869497570866,-49.322930193241895,44.728821164680035,-50.123855008586425,38.29827160055062,-50.17699486247335,34.32607994887062,-50.81152295851839,32.34770830326686,-50.168516087716036,29.552551221681632,-50.081221322919646,29.775365479262188,-49.67395390656855,23.473005264030167,-50.16736524819227,23.355539488038364,-48.45077838303421,21.485485757348194,-50.219141585673306,21.44143512287473,-49.61645368585891,13.150898673094296,-51.59472130909704,8.918259672647878,-48.84024304971541,5.121625102792729,-49.64904565117081,3.4813184630275895,-51.342704215387336,4.159248667990581,-50.03254624834604,-5.510826644745029,-49.393407603125674,-7.065852745699285,-49.952743250898095,-7.054719836858176,-49.242902964957715,-11.219524939211936,-50.35595339561289,-15.94930707565385,-51.07343880072303,-18.086031738017482,-49.43916539071981,-20.643656174326345,-48.10552157197821,-22.926915865211747,-49.922412712646505,-25.22261339629276,-49.63794616955303,-28.336850784945412,-51.44513683659983,-28.301034091398613,-49.32004336819478,-29.84023124375139,-49.16707190243651,-32.9967535591181,-49.85399615978661,-44.35277230614047,-48.79904831431133,-46.49739848412945,-49.022429081306065,-48.3695694853532,-50.408838900713114,-46.151207016481756,-46.71269565721047,-50.78001221303115,-47.06569945427304,-51.115681488641044;1
50.58919564938878,41.57860842372344,45.59598140078677,49.865742189143404,33.37108318395,49.49043936388722,4.911178945241862,50.64799655139723,-23.94865786199602,48.89095217243368,-29.47280576764826,50.892340778141914,-38.82778240481822,50.102390317474054,-41.5877097416198,49.942356637257205,-41.21962476187734,49.75472568670284,-47.001133350581135,47.39118059972277,-48.686174260019094,48.58068902011413,-50.493738873532706,40.444400158530364,-49.726466189116266,41.58589074097036,-51.254947270170476,38.42605887774341,-48.46893534425085,36.18288279165389,-51.05253081289266,28.26857571412437,-50.26259471134918,3.0820903997885973,-51.17078095511482,2.3017118490782753,-50.25116423399781,-2.9266904991389247,-50.57898989137052,-10.37702873566602,-50.55871244509946,-32.687831811166774,-50.169144212168526,-31.63782912021725,-49.11583470268057,-44.48606333889448,-41.89322903076167,-50.35513945450588,-31.036062162089195,-50.380390146432504,-27.068149420736052,-50.439078230531976,-28.724122890633726,-49.00320497525448,-23.574983378562802,-50.777563839897205,-20.382133914813135,-49.969494567281814,-15.547071194280667,-49.70839692660118,-12.489204512954105,-50.064851205114174,2.5777880358565426,-50.800725099462895,3.6902085098010335,-49.745346932576986,9.77090068885521,-49.61736457488051,31.54694039295881,-49.25085675093086,43.37912491331888,-49.946649583582996,53.19864787697222,-39.53955167155106,50.068916093678126,-14.762689396478509,49.71016928591116,-2.7472619021848104,47.92199323370331,1.1724972990071474,51.9343510006633,6.838807066588465,51.645282459743626,5.456954698030632,49.10546192525042,11.452496784775628,49.57437022509982,12.796710952863565,49.76894930622761,17.25667807386817,49.80652636488027,26.127190924084672,51.46530227641799,28.447508073801245,48.68706277401201,30.72031174935452,49.531650047074734,31.596564945845085,47.93791868968134,34.15826713183079;1
-19.859035219982392,48.93844727117312,-19.99115843522426,51.4943122315771,-25.26199802385092,49.955789199730525,-33.52213266705101,48.70808304977923,-48.427679211455306,48.408490598181025,-49.946964169927796,49.65958108792309,-49.93093792785798,45.44085903437881,-49.555272982890806,44.788476387014754,-53.11835006548846,34.515775271674066,-47.7126686256282,35.30748446868225,-49.19045320722942,30.709523265825812,-50.22992910693192,32.94514979775745,-50.817498682033914,29.289881940818063,-50.29706147923511,27.546709254356053,-50.37883607985849,23.31999180639355,-51.0024713849092,22.103523885143616,-50.631886181753494,20.605631783258477,-48.72765321597931,15.773206796214659,-47.77973695611536,14.025788920855357,-49.579583331023635,9.33962991600652,-49.85817272307888,10.671141557084677,-49.76022655300596,5.47210506655173,-48.10512059982381,1.122492973981072,-49.08623716064381,0.8972397543167415,-49.269194266580634,-15.96733642620742,-51.346120930647714,-16.060209474385346,-50.53829084598128,-20.90299865932373,-50.53864787465735,-30.42667865080574,-51.374266015725254,-29.518862701711907,-48.020228078270385,-32.72713610919406,-50.263090555731516,-35.89641907251981,-48.95325043093007,-39.462346409101684,-50.064596764654965,-39.383242813465635,-50.777631559285055,-43.70347309941697,-51.04799859397057,-45.98819054150738,-50.55509732386702,-46.03314866407663,-49.26556455556546,-49.33473590285641,-40.562530557871305,-50.004623039705535,-38.11838503071478,-50.05407815133381,-25.92711372512515,-49.14158674953349,-22.9370669984299,-49.94032343180203,-23.103466047464757,-49.116483002171336,-11.279216624691573,-50.38830192846094,-10.171863018658293,-47.478339390128035,-9.567199732938851,-49.29382955402314,-3.900011704307214,-50.744746588935094,-0.43490696217180475,-51.22278915670057,-0.5896678626524189,-48.540154417040554,4.00237252893605,-51.30837026021743,7.192809784587618,-50.065537253019905,14.83666890687823,-49.97465686970759,18.063302209462123,-51.445145397163365,26.392137488575724,-49.745337404190124,26.58684189966254,-50.489674412582886,29.49943163763369,-51.37704111458188,34.70261594593401,-49.376240501106956,37.37237310710848,-49.39713206560005,39.29061608716609,-51.66473880721722,38.866321872844466,-51.225112533397734,43.85461274809292,-50.73784842817619,43.3255262671968,-50.170580289394096,46.78573659997792,-49.70286065134035,49.80428447544659,-49.43805602908552,50.26156673585608,-48.68389114353986,49.89634929003276,-45.11462129890065,47.201189928755255,-43.82089177993511,49.449797344439915,-41.21121129419061,49.04931242388943,-33.205639263320556,51.035949687097975,-19.345874775131612,49.92842121947954,-20.520494529613604,51.34062301923146,-19.905993386782228,50.25153478895457,-18.383745107169197,50.415490333634935,-14.110941292012754,50.69415281664611,-14.281284194081257,49.641577459766,-13.676360660851591,48.27010884091331,-11.098523501278727,49.91597572819797,-8.914821619913404,50.4869065376976,-0.34667031397859205,50.21203928187978,0.8021855602450011,48.80157008597841,0.1902944257832495,51.48083166764111,-0.27119909153198907,51.07074963038416,4.22365820610116,49.40266875511937,6.585140143547816,49.53617550240536,10.616231817351665,50.72512864008941,11.34813586956525,50.74645097992577,20.390861783945176,49.983764618017275,22.71072528166114,49.47238507503458,23.840166243045694,49.81774116515143,28.93115847480225,50.03568470682091,30.79764884178877,49.6795432799142,36.83522048099477,49.904297420104335,41.577646766036295,49.1300531560471,46.63703778878476,49.39100068821208,48.586783722893706,47.9318934149419,49.69624418031461,47.90425724684544,49.95255607857832,48.562349546647404,52.00326769668803,48.03587893077768,50.631279923646865,44.21618607687301,48.03822352899025,42.31772449915121,48.778819822685065,41.04816924237657,50.51344369831107,39.583561492277255,50.93471292481174,38.652260773253765,49.156359750742986,37.806965443547305,50.38923273824796,36.51001228516641,49.66621179324322,31.369843972796367,50.68889024467999,31.607659695337823,50.13456558114461,28.108184991644507,49.13417365749656,22.227481079424567,50.73776827417552,16.109522657983767,50.357184752541,12.300812255609232,49.0497473502935,14.095655436651878,51.649308018752336,8.928830399164742,50.3056465079246,8.696499498608786,49.27966518975115,1.8349019276416803,50.291578883948084,-5.077345606025936,50.34152117176871,-6.195402975076548,51.25665607680895,-9.701820624885604,50.17030012270686,-16.19742680134335,49.8965049717502,-15.693781801006528,48.673540973502924;1
49.0396175795795,-41.408236906356336,50.352333147988084,-39.65194590025084,48.837998360362484,-38.283037573459055,49.33726477815591,-31.27412048233047,51.37576623610328,-29.19023312925688,49.842431166124506,-9.380935454138983,49.81532707701629,-8.10417044671167,50.08445266697675,17.77376033591382,48.425095046041285,19.584631113227186,50.930645837268024,25.395932223043395,51.42199188241731,24.531243606317275,50.19937510266449,32.781588926420916,49.259073564957454,49.06233838945614,46.28582978741056,51.85473142051445,37.52459912631754,48.2062464332133,24.37247015732752,50.130076300486756,7.724753594533626,49.29878989984131,2.1319086912908136,48.297669288220455,-3.105754583746702,50.73512192843214,-8.670597950659126,49.84903402855653,-9.199881329530621,49.842123454466204,-15.489707389136806,49.577889234564545,-19.20802502840013,51.473179560596435,-21.12508189673126,48.825833863537014,-27.39640474470458,49.16359144171514,-39.5640203379626,51.5948743831893,-43.59865306597148,51.89835025699642,-48.21614787627031,32.443827872081286,-49.20619499093896,24.57344326192599,-51.4818283578891,19.35866239484323,-49.811930234963725,18.934760778533235,-50.180913312024174,14.899878257975375,-47.879476128107704,3.910028680082857,-49.94658521606778,-1.8489209869433343,-51.492499720088695,-12.287797098001807,-50.329284744554556,-45.46631585767438,-40.73287703421182,-50.62918173024426,-26.109061747931325,-50.296038884197074,-10.038186537728775,-50.161986278203194,-4.337990451120733,-50.51296337473755,-2.2839885235441857,-52.25211441050577,2.1276602521753527,-49.00158808625132,5.884893161334366,-49.05640817209576,24.45682039907401,-49.76136315085497,35.660270475414784,-49.88516028272269,38.02660805699797,-51.25957593297118,40.345014442348294,-50.29606180726459,44.36862877210842,-50.20925132093402,48.281382644673755,-42.89880541244434,50.79191568384802,-43.537257867691395;1
-49.2149157457247,-0.6933575662374133,-48.8931961072017,-9.331306781457297,-49.25309712637968,-10.21067797398002,-50.041230727481114,-12.413724071191842,-50.760275449737236,-12.99553440539315,-51.24873184875481,-14.475960311496673,-50.308270886450074,-19.56133870720649,-49.898744618813524,-22.81036419121495,-49.99548054581531,-21.849145866702703,-49.978315955332306,-26.263233809374952,-49.22715549593801,-25.93763869717176,-49.61805966668496,-34.288427751954984,-49.871195735160434,-37.58661089617418,-49.21781834330037,-39.79318619344119,-49.1122855880039,-39.78479367988827,-52.19863071416722,-42.15955510943303,-50.715353472876934,-46.41447525295647,-46.41713459681513,-50.351421038596435,-38.347951623983874,-51.58456665367316,-41.8124345721883,-49.0321009375422,-36.394425581583036,-49.22701305337696,-37.66863281761489,-48.146513782178545,-21.762462543255136,-50.846240152176435,-16.266621415829583,-50.54404735540739,-15.28281675290984,-48.95380559985506,-15.679401439593427,-51.10775902727342,-9.479010425222404,-50.664196710873334,-11.30997132321667,-49.89827400954048,3.1662644500340433,-50.82102516301818,0.17181185414716205,-50.26127169787057,2.2061058683107104,-49.519871535700744,8.059683338780786,-49.54625019692021,8.31183361327582,-49.21728520903572,20.842543912101423,-49.038821894600716,23.134259074285186,-47.78070066268768,26.750835357104723,-49.6434344749261,29.94285078113935,-51.299783813453715,29.96658556447852,-50.027596309623455,31.061723030959147,-50.39515731354384,30.805791399644157,-49.937826644851846,34.07993899093193,-50.512183916257115,34.190690575941865,-50.34582806234579,37.26505926814129,-48.3210171833626,34.31388325104248,-50.2122883565125,39.70701254711891,-52.239617234934535,39.29462419767583,-50.03858506285318,45.82660278804366,-50.28901492858309,48.459161570623635,-51.311582141529136,49.747200206874936,-49.35737705393046,50.22063919044753,-47.68553176390838,49.59407699154552,-47.488411163187344,49.85215326033923,-33.139949105307785,51.904561134341705,-36.22364795834178,49.08991771587954,-33.44787575407296,49.840789757055234,-32.61687184049914,49.73442116937691,-33.976411364909126,51.46615692645109,-24.521236933650115,49.09187278085235,-20.978722795525087,49.726249611846356,-21.476581039284078,49.53424736690536,-18.185464951994728,49.06688341692847,-18.31529274586594,51.14767305301589,-12.342845117198543,51.52849347286992,-9.245299771823163,48.74070406790626,-8.679841799446422,51.34018497455693,-2.9055054701171676,52.58965038313416,4.327827356604735,50.554570512241085,8.159623540326058,50.499418602299734,13.544912350856885,49.998583194707784,15.738577731392027,50.2308945098172,24.986361230697078,50.25607647438691,33.61253731807848,49.46069020138212,35.16544985524387,50.149588912519235,37.239883070250414,51.67996368586175,42.33707492830552,49.003924456781135,49.40461915052396,50.83860779544416,50.50066800043465,43.36975172507081,49.837171999209815,37.237139219301554,50.09012807327848,30.14943544215774,48.204110344988614,27.89346264594176,48.95022896718566,23.511045823187462,49.04615104930359,20.614773463798542,50.24419365527929,12.844686294243381,49.25542915586716,11.038621294416645,48.54877017983648,9.048728634692436,48.47247631324052,8.31225791181469,49.22141951844651,-0.7905094736245339,50.72252861878881,-1.216616887977057,48.777484449072894,-4.0376156941006105,48.93281713550403,-5.903494276835934,49.35425798704327,-9.843806612628129,49.232525053477154,-20.59229836162729,49.30607871135642,-29.087242832097008,51.43339979711246,-29.53687333832641,50.07687810846939,-28.78994649897987,49.47016968283438,-30.115647998739746,49.3633466166065,-45.95208552846358,51.578344673661285,-47.01986311524333,50.32540919255351,-49.55774372871334,49.04166096378552,-50.84062677052398,47.23073677994712,-50.67876613972746,41.364675775083946,-48.73139671718817,41.20059356576243,-49.43671018344691,33.34503864481754,-51.16172615004343,30.09008374256597,-48.92615372606661,24.365998648422597,-50.81202169352167,20.496163354120217,-48.68171125918705,19.050327712468434,-48.139649823192514,17.846297719390858,-51.1072615866402,16.607593336302063,-49.508546042378434,14.594811765341001,-50.139828126025776,13.37385566312344,-48.65439447645329,10.849215870754987,-49.44916772273836,9.36010347425197,-49.943868153093064,7.553639340961269,-49.453545560170475,10.68966452999735,-50.364495358748435,5.565865457632409,-50.95958133990029,3.7069504152268506,-49.232123370649155,3.9191742366419287,-51.722538516100265,2.406348461219644,-49.37588071990943,2.443661676389286;1
50.54182687590927,25.645918030965518,49.01437706648517,46.218413214805096,26.698908455680954,49.73849592047955,26.75125913490698,49.87166513409938,12.251217932661442,51.0560850214195,12.255697835553875,50.11081338043885,7.510269151108048,50.91915264897088,1.4842772351642008,50.35420149210274,-5.2732676905490665,49.47158393208416,-14.840761680606134,50.49092307289156,-15.80779713872596,50.09697625648512,-25.646133800458912,50.25636284939268,-29.323618151973807,50.54212049009391,-45.16543482488191,48.846975593168324,-46.31713543205904,49.11398736880231,-49.330410092630196,46.103492316107996,-49.45469852541975,30.600243388261855,-51.24275289006561,21.369407787551637,-50.61484874236385,14.16432896477511,-48.57800058090908,14.675017025723958,-49.13191227694113,12.476446562055349,-51.09060942943285,-13.220333545452158,-49.13767756958267,-16.33464551828321,-49.457142838373386,-20.45257597884686,-49.36012341813475,-32.290314630519376,-48.09893787573497,-33.597352245609855,-49.377625362809354,-49.54801868546588,-47.92613907700188,-50.80190726707211,-40.6308721901686,-49.71576292042009,-38.31908833493921,-48.49635222692333,-38.05285190215936,-48.33521170506055,-34.289815393542476,-51.848230745354385,-34.36156330366756,-49.58288388266329,-31.55718534537718,-50.67923336682007,-27.50598344944342,-48.84540209928205,-20.6725406212414,-49.201205482944886,-14.327574924230952,-49.863579814114495,-10.46277463796644,-48.76093805139459,-6.378075074537448,-50.18977352013783,1.10964920368641,-48.419691784000314,4.000893004610306,-50.698176465246256,4.209788644205538,-50.41881965986886,50.28184855335079,-42.62136413256915,50.24124788383705,-32.81818861205554,49.77072346518049,-8.640282145973831,48.95510116045879,3.2625128753194987,50.856684658253585,17.22577121109493,48.8028538472868,20.81433635920032,48.94764879457894,25.297065488603703,49.955954880390394,25.093970433537873;1
-50.09966455222814,-34.80184783908149,-49.616605272923636,-35.628092966736,-51.66385949535774,-38.24800767172604,-50.15120154517756,-44.13507926840037,-50.02446928649462,-47.420635356930816,-43.63883097261557,-49.5752689250437,-42.167658308461505,-50.198699021105774,-39.1871010433057,-49.24274035983229,-36.50814711287198,-48.94220970445815,-37.924665674633715,-49.61864472452135,-36.54050519133338,-50.16238080640171,-33.45459980435698,-49.624260502921935,-31.42784561858148,-49.69831708402065,-34.1003931212443,-47.23597169587224,-18.945708286531595,-48.126529571496434,-13.883516637702174,-50.232062019801866,-8.260047772739386,-49.30952766169823,-8.416628145461933,-49.48201370455555,-3.258383313666601,-51.709291109337045,-4.446255896434154,-48.56108547825472,-3.653343455258062,-49.22455086227176,0.9631282071942153,-49.06533627439566,-0.25125771479496595,-51.04248217636105,1.6349603926479892,-49.676859759235256,3.40498274675926,-51.538820281944034,7.045862291206737,-50.43846162711298,7.7254374567987165,-49.49115081745464,6.747859146036928,-47.99682063917012,6.356853264373775,-47.984876855951654,9.352229033236117,-51.195448861225266,10.141771844870291,-50.028914101200165,13.262638733236018,-50.43197373433592,13.958190954501303,-47.701461169496135,15.858840645081175,-48.518096733806075,15.680203499839267,-51.317917176960336,22.77689279509513,-51.64368346354393,23.025700833347827,-50.52037862514698,27.803579106916764,-51.07636558719913,26.548932257600768,-51.424685431241485,27.95328813650511,-49.47413889426244,35.744857350832525,-50.133320836381934,40.65351823547226,-50.49880918406827,44.99628012571889,-48.960526748130135,47.375848620756074,-49.491884157953166,50.320630667785245,-49.27861924299073,49.34548140022982,-41.55619204085286,51.68159450600465,-40.29696346728853,49.20573507246837,-34.064147894300504,51.529278398029675,-27.1652857639815,50.83293961020022,-25.91067669829244,47.31191615184847,-23.68864784980674,49.3349257418432,-18.809482615466173,47.193441044412275,-16.580569114778175,48.023290727715406,-12.845382374217127,50.71935315884919,-8.985175577315118,49.378614031278886,-10.433992182348025,50.56870590407037,-8.478266209569176,50.16080835519031,-6.941351686190681,50.58022509968891,-0.3368054017084715,50.97924447153598,9.189435267386724,50.08793102767071,11.997802902957757,47.960783870018794,15.58274285951119,49.74432325766358,20.95079873181504,50.14697433435104,22.052901579523017,48.66821105479479,23.523548947020565,50.256744037723784,31.70587682236447,49.35885335209923,38.15347874335603,48.89881731763375,43.260006480998236,48.97014509883807,45.31816633428353,50.64390607530513,45.06068705668534,51.88397091651665,46.874798665988,47.04522480347752,49.79903248421535,44.08622746338597,50.362357358037315,43.16033903603341,49.36511216870476,42.864996317960895,50.37738707643225,42.1065289959222,49.81842929272634,37.41915941510498,46.98998273140788,28.5386656234599,50.1660532477881,28.268744344222462,48.833166399922185,27.1833497680151,50.35410485061408,24.78839643589507,50.49340965738268,19.71706364309075,50.501289903665324,16.87641719100441,50.23831538508635,16.342397305677675,50.341528423069946,8.352245631470526,49.03448012749016,-1.2691507908693958,50.83058855874336,-19.26220065326107,50.717580961897944,-24.522397066646494,49.90155197444339,-27.884890174536,49.83334209050481,-32.116509334152994,50.78030621319706,-36.256498391928,49.39870409619385,-39.48685304206834,51.47181644911393,-44.36949304184412,48.97554817555935,-46.232257225296806,49.93445550783163,-51.16279844939624,49.28361092326602,-51.23771466106773,46.12556148336124,-50.01517156688167,50.59557584433263,-50.589561953387246,41.04679329905962,-48.59536877464159,42.680912272498134,-47.71514465720329,37.88377151714466,-49.55780508522895,35.67642898028247,-50.31382490286441,24.120935356979345,-49.532405898030405,25.515754371725276,-51.455985862091204,7.61686997820312,-50.09937033073966,-2.1797481016650453,-49.15409691723409,-5.532776847902157,-50.14677309132771,-6.290664831090896,-50.69638884031962,-6.9471451980376475,-50.03468213995508,-7.535815176782369,-50.55397928285847,-10.084865568011091,-49.689096361488474,-10.8708578033227,-49.89141347424229,-10.196709109904765,-50.738338657059785,-14.090673271381636,-51.694986177646,-16.231766569287934,-49.85842984239488,-14.152311793502472,-48.59531488193303,-17.642543941520817,-50.71227359675446,-25.307509430003996,-50.762576122115405,-26.1385540657681,-49.04971653219182,-31.337143768787072,-47.9958653897009,-31.639374955890194;1
25.056475942692362,-50.8094255712345,51.436881937333226,-24.13260367873451,51.044956969950555,-2.493752477347098,49.59707663891003,11.586075353534673,48.75237769430718,14.132020618690905,48.66627361933013,16.582935600381482,50.40681873208403,19.155881174650077,49.00357864331878,30.061018149850067,48.40213105194239,31.58606076876215,51.07276911818184,31.375762293324748,51.214774957647,40.19996977784557,47.62358221127341,50.59851549285134,39.99908752735267,50.42424007963281,38.70539677076383,50.70053907055803,25.532147676347957,49.77176751322741,17.84483887568086,49.967340559059316,-16.517246218010673,49.58311544862815,-17.82951799401884,50.64700007843358,-21.40263657714333,48.86908280923537,-27.985412700404517,49.3988018743815,-33.517944572021435,51.50207908964565,-35.29033113173258,48.110530000465005,-47.11237491701831,47.07070880487603,-49.812516845280896,30.601769227000457,-49.69234838434225,27.60722044210077,-49.974465601043335,25.905458468329922,-51.07023029824037,27.16452545524664,-50.32614450873795,23.580846132170976,-51.04007918638201,10.713052035210067,-46.85712046246846,4.049625241575891,-49.17764121048578,1.4381221880583477,-50.98355751444809,-5.600903748889919,-52.64916693597892,-4.7449149515958045,-49.2332394471134,-9.531538973961137,-49.081924234595235,-13.540567054883835,-49.769807947474106,-15.02824856043889,-48.29242257459375,-21.350595139943355,-50.5986537823362,-36.09145359025009,-49.11189780531818,-42.29057216038454,-50.45600786927238,-40.52098451420737,-49.36486393683442,-45.39411846798734,-49.162899256570626,-47.472982145460946,-11.503923928303863,-51.95920078735717,-7.3698247445221154,-50.05796098947582,-5.954715438886876,-49.46890263641586,-3.9076202562360756,-50.487857998455304,-0.5561821921052609,-49.600896036958034,10.39973267779868,-48.9648912524025,14.639971697137765,-50.09402212460064,23.781115242398894,-49.38964586996037;1
49.122425047705185,33.17295490042216,48.82135174791509,39.702466385679166,49.179965995408494,44.76483847101325,49.358111400454625,46.57278490920775,51.78642235731192,48.28811814834243,49.24851546398355,49.96778781916444,49.48454121596432,48.72103676642483,49.27916145676695,49.76305332069573,39.22478063323348,50.38942858314156,34.84487570986766,50.00766804208094,36.377070741506195,50.67856488449122,35.25161017543363,50.0042741312809,34.66210578687324,50.61499938080748,25.521420546280737,49.901141575775576,27.437058587746385,49.04085690929072,27.033202326769604,50.91360632534002,23.565606832413046,49.8206152272742,25.703930206515285,50.08471649253167,10.638822577400706,50.42869579438591,6.783618272557035,49.718527015563,4.56213504252201,50.69312139722705,2.5270724632689876,51.32327391135962,1.400500515402564,50.60681389061873,1.624468575639212,50.252338707102986,1.0876085733673446,50.02336258660671,0.9211280903755759,50.11834750726365,-0.9333009671955086,50.168416846664144,-9.287196710262618,50.98811952303123,-11.865897573915438,50.075092630479254,-15.14365111827459,50.240963578673565,-15.66483343548408,49.52620036780433,-15.70954784483547,48.37428315117446,-24.503584277513337,51.78587054674107,-36.03063048882094,50.26342824896278,-41.19989093943005,49.91267401612244,-46.58913154656218,51.63228234298075,-45.11671911923067,51.07490545939137,-50.750934040744845,49.35996184230753,-48.854210330621804,43.753355281775995,-50.21289212222608,33.96126090262996,-51.4413554160579,34.57613073164356,-50.53202395390176,32.33511711706541,-50.67014424415053,31.98623140204214,-50.28136232235346,32.180332378069345,-48.626865706309474,30.885239262433227,-50.40206522199405,30.202460386279707,-50.30251345620565,24.713996833208476,-50.474621230237254,21.76445149844475,-50.63099489540993,15.64140695103335,-49.62366485508333,13.150925891039002,-49.000306543561365,10.397392209953855,-50.088082632850536,7.285293077855024,-49.53277676061614,1.3737341044868006,-50.4654626969847,0.03464257496569517,-48.77684679995336,-5.598565893478937,-49.52638942630337,-17.361186532845448,-50.564690884963994,-22.392594831022635,-49.92942212274459,-27.349405740393347,-50.805095585054836,-33.05712686515267,-49.81802223762588,-34.801733037047605,-49.278824113128714,-41.20873713641628,-47.927845484853954,-39.517782733200036,-51.45409466145319,-43.35327318406514,-50.843996715356305,-43.938042439630415,-49.36676269002179,-48.71365291956338,-46.54549905554233,-48.14133395725597,-44.64376914644772,-50.12975605982534,-29.29667813435386,-50.721732747492744,-29.754343938975605,-49.708730633772184,-25.037868706002136,-50.07669205187704,-22.94680775073769,-49.851797645934745,-23.549185038398086,-48.757435750247524,-20.493603465668677,-50.62339828513137,-18.768391663231753,-50.15259691548134,-19.0358986141725,-51.58700853883155,-14.007720630762034,-50.83653296198012,-13.096813541817374,-50.23833865443209,-10.020209941375532,-48.916036849978596,-9.745388210543,-49.15199797851335,-8.301631385582116,-49.61209720304393,-5.61999967622141,-49.15494581968737,-1.7612986754818345,-49.9887416872661,-1.0657178565961667,-51.37272555145777,4.627633185511516,-49.4867660888263,1.0010117769455253,-50.24704854126988,2.6749985424030474,-49.14846742899741,6.267869452030191,-49.48469139707159,12.666711684393727,-49.5265788612181,29.864911594936164,-49.689046201453635,34.9384844794643,-50.22630209000466,39.165073142606666,-50.50429653681836,40.29315292604706,-50.577876220672806,43.55695865843486,-50.58139137412217,49.650188752587226,-47.70965225105199,50.66146396781201,-48.07566148595157,50.969775483250885,-43.87858179627665,49.267805244310274,-35.89877467689063,49.64851923666842,-32.6992317061951,48.980626552590515,-32.20110823691806,49.08626395572929,-30.540788038207715,50.02443205301425,-24.547999102198176,50.08698575155553,-24.515148259765457,49.69200730511657,-18.909588759749454,49.49036293511565,-14.276661036530665,50.007972527800746,-1.8002235172750498,48.94520572869745,5.574540785791447,48.27307447886681,4.370293866233428,50.62203428153132,6.699606016072403,50.40625114796035,8.600115711954937,49.81961383831093,10.096589393547802,50.631035915430466,12.916664285285924,50.33047766311643,13.465861196722845,50.23081986828688,14.86429854156262,48.89683284092931,19.923568088100076,49.683082603697244,17.50939942612464,50.36767210180168,19.373155229109223,51.25031765534841,21.69072059220583,49.491292672121716,25.74604920138908,48.89418579154756,29.06797330074277,48.84879641843154,32.64186370273592;1
49.6860314425339,11.093068135810679,49.536878306546406,25.760175975733116,50.43208361552465,36.28188702873292,50.235086507986075,48.872044156127046,26.409810890312766,48.26740198594803,25.057009625951967,49.45147775584086,18.71033921247563,50.40039251454309,12.278752619708918,50.9309370058756,11.142485276518391,50.616881100676274,1.9913409184712338,52.22928578334893,-3.6027718010700887,50.143971494239004,-18.395610677450158,49.92212785003468,-22.70016766822816,52.44701281718905,-25.005421868548428,48.43764871651072,-42.610942635540624,49.64550152095272,-49.84875313741081,49.63522758353884,-49.293355566730426,43.66744357456263,-49.695104035583746,27.176631651598044,-49.65962546734845,25.296448308575002,-50.12148900207704,23.160275378769345,-49.38757039928109,12.166944627140689,-49.92993218658773,-11.506214329591124,-51.18180265138704,-13.585264441056555,-50.72210915540132,-18.546619306748102,-49.702901106978054,-19.779326326123826,-50.93237948504461,-33.00883410854023,-49.97906833727226,-33.33398377285963,-47.751178521449205,-49.93448097244994,-39.32547473118927,-50.275306013675085,-35.7158565705445,-49.97611398559156,-31.978094779843154,-50.221300704572485,-23.143054154530287,-50.00256223161648,-23.483851922316312,-51.80829016683552,-16.480763432750607,-49.85845484412434,-11.146052208617942,-49.86348679764043,6.776730338143285,-50.48294647780941,5.792254191166483,-49.30097895858808,11.582620116671457,-50.62804648478202,15.40331893371338,-51.300102587637184,24.697798276847458,-49.52809821232347,24.475832758696185,-49.33339474358643,50.40526195284823,-47.92200325927466,50.911980965837756,-46.1867417527506,51.47242254485185,-46.604290110399404,50.78149113770681,-40.9994657701378,49.441163786482136,-35.595826367040836,50.80396903014512,-30.296051207853065,49.23183426219284,-13.658832144450937,50.284298976907955,1.1831154894902813,50.43183831753556,4.8416287765516195;1
-49.11283837441612,-15.270755885532427,-51.84693533726698,-17.298294463135186,-49.95264753078096,-19.84340649370983,-50.74794035363689,-22.471385903954523,-49.31916704481802,-25.862027620191864,-51.21327896735511,-30.76625622073161,-48.78395864714268,-33.73912299885165,-50.5391556606769,-35.13038239829232,-48.91393133030719,-33.673276700774814,-48.87467698831957,-41.14090779457178,-50.42540288418907,-42.79833071169011,-48.94957748725889,-46.03290573330034,-50.00439232987647,-46.763985561936906,-50.06775501985473,-48.248007910581755,-42.02784064078798,-49.96044279018232,-35.5096580278681,-51.33374316053329,-24.702801322375876,-49.031331093874265,-24.762956718749663,-49.07641203037871,-25.706063806342836,-50.55289946578264,-23.60143668389673,-49.17044303003422,-22.480518183376272,-49.88366358635638,-10.31838442806041,-50.72839262908843,-7.1534015707335525,-51.368171681384666,-7.790795686858841,-50.398169558735525,-6.172437548691362,-49.167778999861866,4.270329968753854,-50.435743088290835,21.656391677442045,-50.094958635375704,26.67554028733368,-48.952904756258235,30.427524060058225,-48.80783295647343,37.39213936628939,-49.20011176162176,35.61283669942607,-48.718010244408624,43.86651969603786,-49.69587185054089,42.69665590865244,-48.057007127076254,48.048442510127906,-50.47376960461104,50.2863587652378,-48.248855343398716,50.01617048932426,-38.774394214899004,49.075550464196326,-36.2727213259332,49.249322908593726,-34.14431948430817,50.96260071495345,-32.0211274223889,49.391024919919666,-19.27910908204481,49.50979737501423,-14.870032521629955,51.19771806324473,-14.903212565144214,50.14521251099323,-13.5029672774248,51.54397382676108,-13.061003579276147,50.324265518581804,-14.008373981453751,49.70036840352989,-1.9833944701744888,51.38065844485569,-2.160221523138166,50.875550146368,4.372326502981127,49.83460459667324,9.177807188895926,49.677951300126395,11.363194755764216,50.123280486766504,11.470642315239495,49.77734464327891,15.000909755748264,49.881320873637,14.469837397073421,48.26482415105155,14.91732084061082,48.9056904025553,19.00727755301856,50.25153851107208,17.425770894506186,51.19635599998238,23.70757421029558,50.25962092423228,20.132853685563248,50.320958688422294,23.432981011951632,48.06394504312222,31.28874042092705,50.58438274432806,37.48714341596481,50.82495821576213,37.83900495007235,50.90102320577078,39.52924558862883,50.827505595595,41.77485698378721,50.453485313176145,44.07005964460366,50.752926491098506,45.161039534692854,50.754554056891564,46.907644057575204,49.2877305048997,51.13680642381566,45.303775577965176,50.83139230882687,39.21186289034778,51.024502304334426,34.95925888477711,50.41869267575464,29.20641767284622,50.78771612567133,27.845548659148722,49.537331758464674,15.569784215433199,49.10169274354348,14.513313872503964,49.383947003882874,14.256832389727908,49.11754759891846,13.038245130946297,49.79372950104762,5.585024750586725,48.76616136447764,5.645556554741207,48.56968722471492,4.607106449553002,49.82072779145496,2.257493922068509,50.67794152344924,-3.6498901209791326,50.475914617060816,-4.8074217746552925,50.334728480775375,-8.355326806597526,48.98650395594299,-8.307000364449294,50.10318463720008,-9.987984752535873,50.778675242662395,-11.3063600788047,49.577863302844584,-16.540217275551562,50.19754429271681,-18.513542380039052,48.24330932233705,-21.002093001812504,52.07453533571636,-19.249835258230522,50.966551533729245,-22.924457899971944,49.04025221395668,-25.571111616904282,49.352318997760875,-25.726214168004393,51.16633745465532,-27.47296592406293,49.66639303966104,-31.038524278011273,49.882381000983365,-27.87692184887755,49.88557366029949,-32.03322984362878,51.23847341939425,-34.1035188017959,50.017482175704814,-39.68510952690791,50.593744602144035,-44.55083045797694,48.83593423010301,-45.84754108854615,50.3727857858921,-50.11286374488306,47.82519449477886,-50.45115142460058,42.62124743998456,-48.80734967810912,38.167360279212446,-50.22696511849956,39.41295506233561,-50.710888250704336,34.16316275588498,-50.034318001356034,36.28403505856898,-50.20823206696018,28.118145938322318,-49.86373593096395,26.60512872737733,-48.23659611739868,24.26273617855225,-51.013684539024275,16.331040875874717,-50.058455092064506,15.358791189894937,-50.53701303899401,4.417994944883571,-50.013264439250015,-6.310947404834355,-50.253350644825254,-6.600526837192305,-50.44863145166976,-8.10235568135134,-50.63793998404498,-9.009887595210293,-48.95280788266511,-12.008381106605064,-50.6392751444245,-12.977412575944706;1
25.225806772623052,49.4697660662403,21.206483988871636,50.29190242774011,19.77799463904831,48.43096223474737,15.399950158640415,49.95435530668516,-7.915919431276652,51.11898647555305,-6.80261878985379,50.275060112099055,-17.87913190963929,48.901760478808825,-24.216770490544153,48.967935648523806,-25.168383090115313,50.55693889656543,-26.18715815673181,49.87288791476747,-34.15227751545468,50.070958812343775,-40.980045742691146,48.87972989119769,-44.72720398266655,50.888760509533036,-43.43780398361658,49.35838966454593,-45.57253595947825,50.83052751834196,-48.9140002199888,42.86236234184062,-51.40696127567373,36.159348123611196,-50.99142000634064,34.10735109835006,-50.54479126343135,13.61791028793376,-47.09195097879542,-9.330792199495393,-49.506110363441486,-22.27222544552859,-49.40238014830865,-23.105908388272187,-50.09576936670387,-22.51324938995833,-50.3498008256279,-25.80523555165302,-49.80934969973852,-30.094120022460597,-50.13764294890614,-39.81801023516253,-49.83615398384636,-45.89644771762059,-49.39513455649203,-47.526998914383434,-46.04415969666055,-49.84943040602508,-38.93822608350614,-50.73456213302348,-25.692623752414494,-50.937052060981614,3.071896031948446,-50.83606058145258,34.03019524422504,-50.13436128661212,44.58534168099538,-49.377054102618104,46.78852445197179,-48.94402097661735,51.59036934380572,-33.520199684130425,51.89151420947202,-24.217201738775984,49.91350227111363,-21.22090038376756,48.386548049451974,-19.240311921589495,49.86883213132295,1.9173260446904412,48.252381475350894,7.560538881357484,49.47544421956373,17.286829542387498,49.477642237286624,19.250713079649337,49.17128432299978,21.11727610145703,48.063657589712776,31.984313659443153,50.762714376718606,35.506940408758396,49.97050308026388,37.48707182465275,49.15156006449271,49.68382602364447,44.70156952984216,50.24319940032301,33.95898460354513,48.86796647373291;1
27.501550788678866,-51.23382692910724,27.460920206196604,-49.43040016092689,32.10828320633488,-48.45983681424507,34.25295511391461,-48.904810335013046,35.513863513213884,-51.1588605986458,37.66951385425045,-49.21695688435966,43.987896689669284,-51.4655897002691,45.7151578529573,-50.4893679682465,50.44665616380073,-48.180958093619275,50.234197265981216,-49.92223053207842,48.85812029283288,-46.81104017457541,49.51096832379488,-45.379898590432376,49.484319148197976,-40.0148480657441,49.965225885641686,-35.693710410231084,49.26428516634778,-32.39549839178914,51.88514036741635,-28.039244176433904,50.842292091916086,-29.16167492293819,49.8547193679918,-28.003224341104712,50.29669335243961,-23.89738060027601,50.79116350458041,-19.945988462274705,49.1868978514663,-18.07017290499411,50.03130504595671,-16.7722374368498,51.28250253432274,-10.176061215408126,51.36285738079532,-8.99140599264631,48.58962606783176,-6.883062546902634,51.95954670076263,-2.720102250159676,50.56176353149428,1.3754192296173777,51.262668968172235,1.5163426199739032,50.20059469857928,2.9839754424756073,48.194316025720646,0.4309756459116909,50.85571859178527,4.086787147659819,48.570028196564536,3.3741487289152303,49.20767521336347,5.710006106199966,50.71113593803952,8.871356006212611,50.52651500199794,8.467557727562447,51.186158676476104,13.141571813469708,48.768490616216994,14.61701085757472,50.14084815787369,16.120483600525162,50.350798423551765,15.196841703151362,52.33013105925593,21.178598927068105,49.08801350800223,21.362833472598442,50.630243414482,25.210722295849166,47.67120604048078,29.146948747526412,49.171211573746795,31.877044795147164,47.94962678022799,32.775531293994916,49.36176406848564,33.9292608239961,50.664041108406565,40.18950951862027,50.107406074910685,41.15513501246882,47.610526751738135,42.808932870471935,50.72768991958577,45.949747609258075,49.569716737811135,45.888053036222836,41.446964159762715,51.792840495676025,28.68648988720173,50.403010758635645,18.811279770717324,52.04815433490458,15.319407235522759,48.85396744726704,0.6876060604867283,51.0243254247942,-1.2660125735959677,49.04396459954739,-0.5333675751733448,49.94223048709366,-5.104761620555633,49.564868724364004,-6.3111364098937255,50.76784036414743,-10.699995080855718,50.58178216121975,-18.28905964375624,50.115542987876715,-21.047628418697673,48.79659402265052,-18.689418824848783,49.00686040879114,-24.886125379758337,49.91315820870707,-26.686028409790758,49.38784523648494,-33.825590648034115,49.11816443848647,-39.86554188953304,49.40554915067922,-37.23799121581309,50.96015949748979,-46.64641925953684,49.63176780055213,-46.770402273931026,50.18268146066469,-49.43254511497835,50.67107804162417,-49.35160762506183,49.575477052291916,-48.038279743416645,44.41446958029159,-50.87284063510708,37.949081256968036,-49.24508248564334,34.25094394905946,-50.40100196094999,31.497690009632752,-49.501849041179035,28.945248302975795,-50.802588519873765,15.495969341968026,-48.773709834012415,9.991629197273733,-51.525414168518964,11.31534886565371,-50.18061786252081,7.25324381733021,-51.0213026579585,6.423878169366043,-50.07980619230517,-0.5326348684224766,-50.95105261114199,-9.781743321826866,-49.39568276409329,-10.258280073135253,-52.17381948230238,-13.286433853949841,-48.51301752067866,-19.28534716551268,-50.677874154494184,-24.893781154772146,-50.84348310042437,-34.33327041855836,-50.89399572846664,-36.458899627000456,-51.24814816542568,-39.526949156406744,-48.86654809517395,-41.850945903169816,-49.12484591238553,-41.16544891946476,-50.68881390992332,-47.065365795099375,-47.0954988699006,-50.818527546069184,-40.18607089190818,-51.57427931254532,-38.019147654432736,-47.152953180237354,-28.934165634678706,-50.64090564692106,-28.008708496934524,-49.48127539158677,-19.816681891645533,-50.593416403957825,-12.85377892368904,-48.41136610959568,-13.801437997703284,-51.29743708555345,-13.839861675775124,-49.776133993384704,-13.676448481716381,-51.725273764562296,-9.016108851033904,-50.516163703745676,-7.217188617152944,-50.631911952687425,-1.685887972124917,-51.29204293618198,-3.8506980161395106,-49.70524384972302,2.5777606044758246,-49.249920312427,9.904311256350109,-49.93359121071354,9.01926912639521,-49.20355573589727,8.914085282801613,-50.92586100280663,11.39295865494428,-49.092791659485826,16.06734272852756,-51.509483760481594,16.27452501877876,-51.04379127195248,16.65630850231646,-51.301572124530644,20.280158742428217,-50.80811996921168,24.32668456334663,-49.07615299074967,25.513865273564527,-50.01889701874372;1
51.61410006011584,7.205956725693952,51.11718835648981,13.895083785638137,50.395016207604975,20.66024755929911,52.003977568335216,21.07809408924972,50.940384938605604,37.813985019374385,48.717073265341085,43.481298325017896,49.782343777111706,42.75823593612371,44.050797091501245,51.370872806490254,41.55881272003345,50.392247115637694,35.34714958516983,50.4142683513405,34.559522491228975,50.339227163564146,31.93044228781399,50.79640586320299,30.759956876427882,49.79783485510257,28.14918323975921,51.228365384683855,23.136464062405935,49.43910905821321,0.48537593617665953,49.815255521019424,-7.791411041630214,48.527420465476666,-16.83213481115864,49.97153933985198,-18.401933186063662,50.465900242422826,-42.15987246157366,48.22773552591604,-44.988060829506345,50.8293286809184,-48.91168967399781,46.52090734269947,-49.01748080408219,31.403443970265073,-50.0559267063814,27.939422388644232,-50.00525548044467,17.604428938007604,-50.22330639123741,17.933781362522854,-48.98425382108938,9.981541823571284,-48.754733191092285,7.493182468767696,-52.265335854477584,-4.250297767168195,-48.51039377161464,-45.61109508513256,-47.871314339901375,-48.32190953770837,-34.30359977615717,-51.809755318247234,-30.4925859834444,-49.29081503866634,13.372793101790037,-52.18405841787137,12.869808185929005,-50.020155494245856,22.947416370642852,-48.70049575285712,23.81710955795487,-49.69911321859709,30.381546847135,-50.21610059271133,34.050267411779885,-49.64222606660821,51.396608983307814,-48.27583300152018,48.605222991119525,-45.838789899078755,50.43129564352698,-42.7899232742384,49.701317484469065,-45.000842441111075,49.648270072891044,-39.58676058898295,50.338835864762004,-32.96919122648825,51.44248728487806,-34.62442589942762,49.336183650484045,-7.493069394812238,48.91956963486641,-1.9666532791589075,50.28132425433827,2.0954306375144633,51.17633130235726,7.227887393478754;1
-50.11486615421699,9.183768523504408,-50.61511749787512,6.041742138199957,-49.01377664967614,5.254341316467862,-50.70979188856991,4.924961344862485,-50.68998988827557,2.3269454580009308,-50.25074783133529,-12.016821760073324,-49.517068680224924,-14.632389305224828,-48.95862461642968,-15.444818334369167,-51.281405763831486,-16.833746247740727,-48.84637070582818,-19.244333072031218,-49.43853754196057,-22.480780883360534,-50.506508181425836,-23.054571010703018,-50.998046125374245,-27.265691878099087,-49.18072148173222,-24.650906678421705,-50.918491853390684,-28.27493026106661,-50.79436989721737,-31.25684392812545,-50.251487736506185,-39.91194221132965,-51.11805975590471,-39.4229847250299,-51.109246377401085,-41.9977801837708,-49.417484048254835,-45.15961032946064,-50.81107929890418,-48.92236862563929,-46.32150814851398,-50.71976784359145,-47.48170262105431,-48.527186399820636,-45.056858294057434,-51.286358823764424,-44.956822431502225,-49.7109350255272,-41.47251126182289,-49.26611995065647,-41.92940138989834,-50.898587808829916,-39.10176240160856,-50.093924718587225,-40.25759870033253,-51.50623833410672,-29.613788470086337,-50.05977923884603,-5.803645394271196,-50.65251374592404,-3.198166454873236,-51.01504308947343,-0.7749598915136348,-49.47461079397055,-0.23262340275006532,-49.68410258158702,5.443846170746709,-50.34551154632442,17.311763531050275,-50.796466143223725,15.668072214841589,-50.275912788724355,17.990472291631693,-50.56966888343463,19.247955120231957,-51.183967704855284,19.328070866443856,-50.73315738434893,25.88283772264166,-51.32675962545448,30.127751446987183,-49.4413111474966,43.373000271947724,-50.88036626003264,43.36324723665508,-50.908703891553365,49.369599146102885,-52.0427974534414,47.3743573274417,-47.68548417436657,50.296535534063004,-47.69792021149012,50.433804677870455,-41.70482329055966,49.96787920217526,-38.15227696550547,50.33866504733872,-35.46276481884871,52.38257774649713,-33.2125237410117,50.50240521886536,-31.156515563706506,49.80410162438878,-11.657469690510654,49.91078148133127,-14.559850135236161,50.29209157331862,-7.410416532223406,47.67608324396168,-8.795027856903614,50.58909348013366,-6.4369077734034095,48.885191025389936,-0.2019550569353274,48.8040959077601,0.855726983127078,50.46668067144445,3.877262209582969,50.76303574574205,8.020059270471238,48.89942668602086,13.814818301974515,50.601871572550664,13.687910305207193,50.540145300570856,26.866340099475583,51.3029510896061,26.330235146323147,50.81072907402857,27.448663139186127,49.729279228014285,32.3995212227088,51.68915263724071,34.794860669227745,49.362260720465756,37.89342114098066,44.19031786433079,51.386973144365804,43.33162076980982,49.20041621848732,42.69345243499469,49.193664508185364,40.25981132355111,49.83645655102736,37.487340985023415,50.22871611428409,30.452014932051792,51.58923250647894,32.15702789482861,51.14638467618341,31.137134843647907,50.18419849787035,25.737745284645648,51.25472130862143,27.84070721098329,50.59449697484269,22.616513348955454,48.56197471086981,16.833037213338173,50.95929238329109,13.088041611574825,49.55309862900605,12.449334492347868,50.55205123580227,8.733434601399358,50.712297584628644,5.721541111856369,49.252882072152936,7.111954307789312,47.99972058595423,7.953017259187961,48.49820742657388,6.3808536109177805,51.3619569737164,2.5474858370314717,51.32228216210047,1.1693472800649305,50.32893894778315,-1.5697329556601074,52.14167268436793,-0.791631930661945,50.293300498311744,-2.493874587138306,51.05330194160968,-3.2948338823773047,49.484154476898425,-7.754515442806817,51.55228027458634,-8.62871353548289,50.5922606546523,-14.464168976567187,50.533758996684334,-13.177617989581808,49.97004278489675,-16.408491732419062,51.17660011939303,-20.32203027871244,47.97178421585047,-20.838884621778593,51.08511989774656,-23.46185497848954,50.4801850973088,-23.99115610536865,48.40612251940158,-28.789495230121865,50.17843015913041,-30.12118956757052,48.89388430268074,-39.461235372359006,49.28289764665257,-39.876048299929835,48.92227270674681,-42.62993280544566,50.01400892340447,-45.842886776826255,48.00667736483376,-47.52148598551618,50.26396555027397,-48.82947732816569,47.15382563064968,-51.34828473853937,47.47686871177905,-50.76203981082701,43.414266850045244,-49.218998165032545,44.15630217827732,-51.19520419130076,43.26765407672444,-49.413380479575586,34.69501730484297,-49.078529739739935,20.92523767949011,-48.74575101627785,16.799869765441645,-51.06154916056728,13.886656454001123,-50.56140942774497,12.547612590078993;1
-15.31503300485203,49.77754388790091,-16.97079294426155,49.90581448529622,-21.212956712180436,49.91990557910642,-30.527260369617316,48.78430384019991,-34.82186877414255,49.515679570029846,-38.18174583849492,50.113261705247645,-39.88268497138991,50.92719038185214,-49.5891177646067,48.455681757202946,-49.87448897389158,37.286273140846795,-50.35871785772747,28.53367850596886,-51.593485578662786,26.563593070799236,-49.35586733580369,0.7738822333950552,-50.39169084829429,-1.8637718163439545,-49.784369301595866,-18.415575690352412,-50.718470601131635,-30.351267127333074,-49.98840309240956,-32.10633695275064,-49.55305072827439,-32.2433876807368,-46.505552442177205,-50.69326734419919,-40.39253721842801,-48.168828185698075,-22.863472584057096,-50.2774546620209,-8.482371802742717,-49.028872321372816,-2.5986597773153566,-52.36520025756435,3.33965743461796,-48.47455417204775,9.911678708923887,-48.80760647176896,10.217637120775711,-49.1221535507126,25.89355160091774,-51.32270209425685,33.69530283693913,-48.70592232338959,41.09313316992448,-48.84315465465352,42.08370954308349,-50.09260008417544,41.57151376342482,-51.12096469649587,43.48810462439926,-51.27643970273051,46.86153347280284,-49.64566115402516,46.86163283996832,-47.95702987567409,49.83433927101032,-43.155193253055984,51.07215899238295,-36.52824783897882,49.329921882178326,-33.51747214258066,50.00475541341698,-33.41464128732241,50.636240892695035,-21.15464347129102,50.667971577357896,-20.859734831619242,50.20285299388589,12.164705996596904,50.96050304130333,21.49919351365943,49.81644985563491,27.206847259351413,49.63084747530271,30.028572417926213,49.37509270707579,32.95674061695095,49.439651016031846,44.70729875868929,51.44426295080759,47.777002025299005,20.83840637439921,49.98226042380918,14.69297648266842,51.04717795049907,-2.7392482326619945,48.564893575857255,-7.694221091259839,50.11059361435629;1
15.643674335310306,-49.09109991476528,14.47518210563915,-50.91521642390463,18.206330673134367,-48.842203394113795,17.53240185636671,-50.891342371246694,17.248500165203133,-49.28842309105649,17.876855858544054,-49.00679774831917,17.829639659118747,-49.69444047194374,19.13479350204353,-48.96504329100723,18.877210366947814,-50.34762079800244,27.641445804728082,-51.134101818697665,27.625400628141502,-50.64734947505635,39.71695259347469,-49.75674896272636,39.62806772430575,-50.33144364210624,41.487948480861036,-51.49124962758183,47.308207485442665,-50.16516362785823,48.190708232252916,-50.55035384618722,49.92369178878483,-50.46022544703528,51.28840179707477,-50.20289775177817,50.01101030435906,-40.9254211228537,47.899022141927524,-40.93137998159006,49.84000210167588,-39.62245187605039,49.52745412345439,-39.454422371937575,50.76103805773925,-35.01774990692916,50.514356362682655,-32.549605119605516,50.67822337747292,-24.505296244086097,50.69528436194687,-23.46501491298896,50.95922991549123,-19.761610406631156,48.27547856516628,-18.46171376427821,49.97926803938983,-17.994933458518236,50.1212036023133,-15.607748001661788,49.357629787345175,-15.215825442800927,52.35639085999435,-14.277897949072734,48.569664156440766,-8.96425685738901,48.252443903650864,-5.19970087750049,49.1997642446405,6.295414277384275,48.40831534112498,8.286356315118043,50.911714364571125,19.282131867688282,50.953755458724146,22.326428478048612,50.14946070448606,30.145921160383622,49.98926279474679,32.91916115869095,49.11636026335823,35.294363786712196,49.34392274745734,40.62096684951602,49.63152235006724,49.38785680277815,49.19121282311688,45.97192448702214,48.68686782191782,49.96121463641602,48.745098882827435,50.36184816272559,44.13545702704762,48.60800318455343,41.04126644643939,50.11672655961751,37.83066519997331,50.23674280738416,29.636596612494834,50.747227340115025,13.283457335445636,50.50836637774796,11.711626744987438,49.85997699457188,10.283518752007739,48.580998672028535,3.956726739732941,51.231264245181954,-4.431816886481576,49.14197087725102,-8.114298384012042,50.125535668811956,-13.894952428542076,50.4713982680248,-23.564400020625154,48.140843839479096,-31.12958593412904,49.411199121915566,-33.11871603933588,51.0851352886326,-32.6861010193243,50.34391605942092,-33.94037139693758,49.59784651330856,-44.20793268448674,49.69416292753175,-45.80018877855379,48.82995931555811,-44.43598220554703,47.886665525207476,-47.730785457813745,49.44203792502694,-50.81465943927915,49.88237396768425,-50.422186433613696,46.928105217209264,-49.92630422179714,46.75809173509847,-50.81270617844914,42.132004334097104,-49.46583449247932,37.04358431379135,-49.86646421902431,32.53734313424987,-50.518210064301115,24.541375761034622,-49.70427459061194,24.483507191219616,-49.52498857071151,19.832050337542277,-50.96318652525758,20.55854483742963,-48.95873505209919,17.149113536776518,-49.85693955969458,6.199670939892855,-49.61209528142096,7.394931027536341,-50.71846698369335,2.3526906855905,-51.143239263217865,-0.013440367849717028,-49.636225008461295,0.8854300868969109,-49.33352712840376,-4.544291518840007,-50.093788946714945,-4.954107758129831,-52.11908329116854,-9.22538750622367,-50.53126307136171,-15.73844729232051,-50.596614636750736,-18.94953797862304,-50.26780257260882,-25.018112553761718,-49.17014978236982,-25.09930559346349,-50.3863983600539,-29.64586353809676,-51.01923846609075,-30.246563896684737,-51.03579124915291,-31.41835480570642,-50.35182890411252,-39.650258445706314,-51.25326776961117,-40.71245564279787,-51.21216196793164,-42.89474381200043,-40.719593728619344,-50.93453770585399,-41.91183961715341,-50.61194566109629,-40.55635190454463,-50.797920203959805,-41.39816023857382,-50.737987613354925,-38.33145737494594,-50.23965540336403,-38.331232498161135,-52.745600623327256,-35.238686553627744,-49.87607905416982,-30.606427301572502,-50.452778566685964,-29.797122587298844,-49.36885601230829,-30.4543117838138,-48.00224465343429,-27.587683139627586,-51.71331080100968,-25.43891262204931,-50.21106729413529,-19.896338969228612,-51.08138083041924,-19.105865386821993,-49.092486680159375,-7.462152931211222,-49.02067336074994,-4.63547434781828,-49.715387472164544,-4.051654310858802,-50.339349632897054,-2.335630356608874,-49.13707184709121,-0.7098072644030006,-51.71102702690304,2.231065799380242,-49.68057818913955,1.6850086310180714,-50.51953270177477,4.409939605068031,-51.19119959193977,8.50710436358228,-49.666190855137536,9.377802954051216,-50.230411319178494,12.800010755005752,-51.05853195995062;1
9.258479543326185,-50.98248084015486,21.516437319273592,-49.443735107479185,25.642245965292034,-50.60916513261413,33.29633271854331,-51.11601572785187,46.59101099033874,-50.464382793326756,50.24539133319649,-47.37328831089425,50.3055046392333,-44.91032257786096,50.17228248642469,-17.352226518566596,51.02003629256625,-14.983491912424338,50.99908615706147,-6.505755160465235,50.31246679477415,-0.5087799584218071,50.83221287521679,-0.7335713258494178,49.77348609898618,10.49918235965144,49.36474997348163,37.229331175349884,48.736264793841784,50.026215655486936,46.48914204756763,48.67532739592912,22.212611716671105,50.8958427753165,6.686796293192496,51.394514986104106,0.3353581486833557,50.50403861872524,-4.145225503403503,50.98451841730345,-5.968946982156863,50.76107894264054,-6.241813546403536,49.48735790305491,-8.36150446263428,48.06971100589817,-10.777929123660693,49.712875874191,-22.522081244204678,49.973705725026335,-20.71117208697934,48.85907309497343,-28.115516571612808,51.324268228572976,-42.82963078559823,50.62878916087684,-40.09578577799334,50.51673259034608,-44.16736613947924,50.216321121813216,-45.64317192210465,50.35797143763429,-50.46319886000224,45.07515134667579,-48.27641049455929,41.21972555007468,-50.22856507739586,29.833680756316134,-49.846591230446286,27.007768248486222,-50.244072296068865,13.76160939650303,-50.923530332959906,5.610372239484787,-51.309159851522345,-6.091152470349758,-52.28070020378157,-5.794228978144762,-50.14222327373742,-6.499009309271391,-49.23842770295909,-38.552603130559824,-49.25498270824144,-41.182338929622325,-50.549374847581475,-49.43053036121481,-43.70681787748378,-51.060284447416976,-34.75744880997684,-49.96872888991668,-24.92934695386569,-50.26074637175429,-25.398504173427753,-52.31160485807962,-13.465198704444553,-49.09529494896665,-9.568050816330842,-51.183635236650815,3.7313526588417854,-49.51535432288594;1
41.948554472027304,50.56290221864401,36.67727888860853,50.894477301202805,34.9975344213833,48.84235820226064,29.356885568819916,50.8368715925183,29.975608657514158,49.92638097937205,17.97639966709086,46.01518466933283,16.590902664020994,49.15882067226941,12.755841892401033,50.2809661514881,12.143457424250204,49.355706867673504,10.261737654218882,51.97657273830621,-1.5505084789996806,48.8257199583685,-4.8729950954504595,49.095621555665254,-6.923870316877613,49.47914453681574,-10.695780381409257,51.30926376109452,-12.361383082481407,50.75306102298132,-17.40083811753221,50.652923671714355,-16.695555864533308,51.28641175617745,-24.45834894056153,50.01716521711406,-27.81583444035948,49.86143611787253,-32.727435724340964,50.344303857324476,-39.67234740115099,51.26055235655965,-43.03529326594687,49.81075136358884,-47.080244640353826,49.30887660108072,-48.33883951247731,49.00809360786378,-49.11017912096701,48.46137528245128,-50.17774985048165,47.17336952244424,-50.999723361009025,44.67603815807378,-49.09075773508334,45.64902400511516,-53.180664523896404,45.63631180411807,-48.55904374893503,43.16553853523001,-49.539519866847634,40.473631632158714,-48.580702376465815,37.403467905368885,-50.12715405213921,33.68824840629312,-51.61228589977872,32.84868244094263,-49.6032883855063,30.13175384200545,-47.339089467953045,25.41239363261793,-49.70235481885954,25.543517590806704,-50.14866405146214,26.012491894242427,-48.92909935475887,23.008631819006155,-50.65747506484333,16.1895117815836,-50.627777172156684,17.857262339485576,-51.12475257350065,9.848448193148878,-49.86752479349855,4.260822614331434,-50.82944247380831,4.288565520437477,-49.46159057712707,0.16653456487778273,-48.94484905772415,1.1424943759556114,-50.372471422944244,-0.721446450539164,-50.627965029750435,-10.327421587013085,-51.55985283497649,-9.859119723145295,-48.664707265521486,-25.94446688604368,-50.474867667551585,-29.931817608629824,-49.701418937753566,-31.59716321059279,-48.456789547415475,-32.70648474738077,-50.17722750490336,-36.1329506929246,-50.90101703155859,-37.49031484430624,-51.1024475364018,-36.746412476400536,-49.33846221315544,-52.057777872150204,-44.77695635498734,-49.95630635972497,-42.421805405610876,-49.27628141231786,-40.67230210027684,-49.22970540546409,-39.66133868859353,-49.93704721080449,-36.25565867725044,-49.555733319410486,-35.53255997367816,-49.85330829330398,-35.43020406437771,-50.12624599754977,-13.686534804345428,-49.26658635378577,-4.479431155906529,-49.726483546723664,-3.466693406299869,-48.2845581824293,2.5526917626601073,-51.54189737472774,6.834499983127844,-49.29574153431999,6.891755052322539,-49.164117616152055,12.797445871792913,-48.81642151330265,13.997769731656414,-51.1241707597151,26.841415645367913,-49.79247380896989,26.468268272735347,-48.89707816116348,29.683420341306274,-50.40133347007801,28.993941988341827,-50.00348382038997,31.300021107899557,-50.3035010599121,32.65453145317438,-49.98214868415787,36.585000236053936,-49.53292282579006,40.44714498793529,-49.63132389457338,41.08250594139436,-50.3753309783525,39.55827181996719,-49.77567988502266,44.84861096331587,-50.11590302962639,48.91154067051154,-48.58604674323655,50.055783095907856,-46.21536201747267,48.622219969649166,-44.0197809734426,51.819910367298064,-38.91068583875038,49.12754240914578,-37.92896924403144,50.22413425728298,-36.044115418724225,50.44483557869695,-35.20362650671216,50.65506536431306,-35.55553727278408,47.3075969947527,-33.87952865533173,50.06920483221098,-26.331031943854327,50.727669997002714,-26.625108105005676,49.61515064249919,-26.828733151922968,48.99640410310333,-18.665245498077496,49.91150242393948,-19.83212317429095,51.12567210544705,-13.760013002870746,51.74229741956135,-9.64612556780159,50.775188168926356,-5.118622440193528,49.31895751479541,-5.57403816954139,49.24381012229196,11.318876325608928,49.28426303398752,16.992341020223304,50.36005703174874,19.670238086516022,50.02741067693194,24.32767090393933,50.582067517104896,25.008405259641968,51.11284114119431,26.364485734735744,48.68796529837862,30.554392114539272,48.84815787625066,34.42685289122406,50.39941216240433,34.94007913514064,52.46777233296431,35.77620642124022,49.11291957372828,46.27209315060822,48.71905700545904,46.42382741929179,49.92762228518001,49.02026749319124,48.13484026434828,49.54309820663961,47.93717063458214,49.72068172699805,43.55929544029357,48.42189102188296,45.05435129069133,50.891068237149234,44.27309390203706,51.11541866407471,42.51591084322541,51.99424013731527;1
35.58691088836603,-51.28411633450797,37.779910311901304,-51.28899835718165,38.216257103269314,-51.0589375765779,42.59276125205582,-50.24230475148594,47.107123280436774,-49.92709938390412,48.58749320561928,-37.405259988325305,48.50591328011794,-36.02012940349888,50.41184028174463,-35.24449739052647,50.16458908956972,-28.928091836934872,50.11921819114973,-25.98594210668633,49.00047491858468,-25.408799501449003,48.99044307267541,-18.695206789496524,48.71928295402696,4.422862482109961,50.174217224364675,7.490954778151346,49.33113365448136,9.791703368265908,49.004661849432715,13.09756481636797,48.40437532348284,23.6574665363783,51.88665906335062,23.62858262792653,50.37554766426029,34.92793875024473,50.8457806660774,45.64513826295873,48.93287044825603,49.29752672943799,28.512617887431105,50.984757828457276,1.6497053407342985,51.714581909179614,-11.204982516916642,49.22749914869394,-12.964188169273505,48.95487726539379,-22.46175755085064,48.96601926485444,-36.629790058773615,49.1191802320872,-45.40092452391197,51.388250125918134,-51.459753183503906,49.41395637941312,-47.913670939654395,34.382967734367824,-50.9538667993708,33.261812826782275,-50.098388757737595,32.17728714483294,-51.35444956469351,31.269965539998633,-51.277598487773,-5.3235855932647,-49.76206689838141,-11.75426644488203,-51.269173505118644,-10.88056856599732,-51.323132560520044,-12.353688639992233,-50.44007656436557,-19.886118240192904,-49.338997082237036,-24.52243807639589,-51.258730069896714,-47.76490650363958,-51.07456698897497,-47.173426122815506,-35.38736153392456,-51.91659827180741,-31.728622758451408,-49.460949235008414,-19.580300179404265,-49.86660432324275,-12.116258880938062,-47.997204590703824,-11.296874745854549,-50.85672106063027,-6.0897540202788125,-50.52371779750022,1.1001951871493627,-48.942893547204434,3.053489712212877,-50.32709417294486,33.73823515500765,-50.5825071035724;1
-36.52627969346409,-51.63516184604348,-30.191944504515323,-51.061024594346954,-31.210333919597787,-49.498102424420175,-26.996131331770655,-48.34835800685223,-23.35279936707376,-51.03265228641371,-21.015842004467338,-48.25991500771466,-17.38883702754747,-49.24769691498777,-10.907586936040104,-48.18990428671142,-4.3383197428427875,-49.35082126097377,-2.3951699975133782,-48.86718835832285,-1.7173159016961508,-50.63938925136944,-0.8878513447314554,-49.565138453421596,0.3740672627707837,-50.047780136229626,3.29162695577946,-51.282747866556186,1.6777024733278685,-49.40132032207578,6.240266950585493,-49.20837185235865,8.078753690153603,-48.428645037686955,8.88500352271753,-49.69222789555983,12.818784736083478,-50.66148077313423,18.955593973220726,-48.536786851728664,18.418569401208735,-49.206989734777984,23.57742391634615,-51.30631565819556,26.020143090385076,-49.40125183420902,37.481535375962345,-50.81264587541411,42.52648887916413,-50.64911532948316,48.39321708900876,-49.356823677687714,49.47994250438765,-50.56533834636603,49.304066610513466,-49.70896879546793,50.31839053700489,-44.56635626378799,50.69621717243112,-49.584684357673,50.7284850852764,-45.43461969628893,50.529917222954474,-43.101583302959675,52.5355760827181,-44.49450426310949,51.64685255667918,-33.65996323934032,48.79102573354508,-27.441212368442425,50.91882628851681,-23.604353928658117,51.01688957204029,-16.484047029181955,50.40660087606881,-10.97440145651948,49.365942214396284,-12.11728863837652,50.32717079952544,-10.199692050836035,49.75422320162147,-8.69976574577648,48.20717459901404,-5.601117785015645,50.658643306922315,-3.713964356331009,49.96202060737905,-0.9353969203428703,49.35141505893626,-1.2255056347743496,49.99351040592748,1.3881506171622844,49.98661569927868,4.010214719504007,49.18229152836127,6.599670812507826,49.66305449865198,8.704049637581699,51.317000239255954,14.898487430137017,48.86179778991899,16.937261276729505,49.37920363684873,17.210621322436907,49.26675853091476,24.135736622882323,48.00678181790003,24.15255777111174,50.91635060418124,28.351002101266157,49.13545219325605,41.15719526195852,50.16043340494062,48.79157046187113,32.57276069287282,50.79657749487217,30.402430407227722,48.43731306056436,28.9436939743511,50.445009330819595,30.376647997472947,50.517087809940776,26.594713180520586,51.259271568062495,19.05927564691112,47.88268324342394,14.261088541276877,50.5878066113755,8.625610376042747,51.01990155647256,10.290776050195396,50.63536820268544,6.77207429949553,49.92036162632145,5.926715330464135,51.86902130879827,5.567926023729609,49.647467700589885,1.2434460526488786,49.39589560659023,-2.105069621773741,48.64718232079565,-7.292765276726196,52.004663333034856,-10.344823317424686,50.54586685587075,-15.202594433021838,48.455296358992676,-16.91824638412074,49.571821176237414,-20.62674148342503,53.19227259124797,-18.822131864660427,50.43174915309688,-22.41731677177578,49.87800702887847,-20.785009250693587,49.62662606001729,-30.198688591855618,48.80907567548192,-31.408487808368076,50.08851381208775,-33.36763780975383,50.13494762774134,-34.15236329304188,48.988234648358414,-34.47028148031633,50.3864765520472,-42.33374023843397,50.63003781971739,-46.39286606714277,48.9228944755661,-48.31260637354939,47.953670102089355,-50.85859290500745,44.80877020232108,-50.514825451394024,44.13251054834216,-51.993529664232604,42.303512272650366,-49.29574829776325,38.12611191785452,-49.688923045128604,35.716320878043085,-50.2733251515708,29.442899315124635,-49.96947064419847,29.721286261626204,-51.006078637137705,26.757171037316976,-50.65735856303972,23.35762238591261,-50.867705629839406,16.56914532959549,-50.4962443522413,14.56835436765627,-50.48389546278716,16.20823119361109,-47.85898164087215,8.627845326305083,-51.51878148635816,4.443585773712011,-50.68085782316349,2.466748344018457,-50.505888319065754,-0.38970277017379207,-50.001409212195135,-6.276142291996332,-51.38823663481565,-6.330411645806673,-50.19569103731961,-16.213743094985613,-49.96424893301451,-16.09153753409071,-49.65133246400332,-19.097096679722473,-50.14008173615474,-23.952454489036114,-50.09594828300424,-24.264704701228748,-49.89591748720661,-25.028454701134123,-49.64786350694283,-28.80061479850426,-49.00187625563624,-38.99062966265125,-49.885813172660825,-39.94304378258978,-48.612002324541166,-44.02623398367164,-50.24789320250509,-47.65921975551099,-50.572773119043156,-49.31179594784463,-44.01897199004093,-50.64489663831766,-43.68873862146339,-50.23637305079837,-41.18049613753638,-49.88466607808859;1
-50.80590751097709,-47.26004388348271,-50.29975189624244,-48.911690253125265,-43.40168185606066,-50.117490655477205,-41.22978486739103,-48.41880757774041,-20.33964860527093,-50.83135589332924,-18.55058011832613,-51.01455906033091,-8.961651753205505,-49.181380381868,-7.828801737078463,-49.37170057744681,-3.973503585761521,-49.33995649312378,7.321006772289636,-49.65276441752681,9.86387180942646,-48.59795937188671,9.597786652483352,-50.46885529416353,9.906994186323999,-50.94536515649057,10.615155310668802,-50.60706528445674,21.936427349748644,-50.62474915491647,24.955126240328728,-51.48081090430229,49.68906167810996,-43.54347949455132,50.50988869192656,-44.1573856202075,50.680630634609734,-42.058800252669556,50.62706240647038,-33.45984468269298,49.94826992129122,-14.936167255063316,49.745899643901915,-7.0163520044925445,49.46262611930674,12.988847298596177,49.94994204387227,15.318830567544953,50.36103344970467,24.350266062407023,50.0722367272693,37.7755997799302,50.058858772737416,50.91883384289025,25.860023242660176,49.66171262669986,-1.1946290293256547,50.71156075389512,-4.5206505496597895,50.997916743061225,-23.385689696269946,47.3659806353473,-24.05645474354763,51.329017610443586,-26.761605559559932,48.522069662134385,-26.15560244124257,52.31953062371173,-47.02727114546913,50.301529590959134,-49.702577965302076,42.52095028632502,-48.7407748280323,19.528078679319105,-49.65927995343804,19.81050590218864,-47.87056843298004,16.948702519141595,-50.04583267973577,9.34017195311301,-49.619363811606554,4.308746966008443,-51.64457412273726,4.056990664872841,-48.723722357921396,-0.27690160640949313,-49.6277096251348,-2.563679687311888,-47.504132378398964,-18.83512318377941,-49.6962561958616,-26.148344791573894,-50.76577306253878,-30.90176948784537,-48.05293865300537,-40.29145134061766,-50.438921024251364,-43.23249496058074,-49.690677117632575,-43.975181162068445;1
49.15601735908753,12.640944045411334,50.335058420042564,16.924508234602158,49.36663846014556,22.406663941503236,50.11641459306249,24.958389595055717,47.59828789918082,27.291831432174213,51.27757007319469,28.42014481862406,50.90064753257273,33.3291216859183,50.374753497525326,40.52733368806509,49.916396054689855,41.39895735708892,50.904189201418326,41.93934587287918,48.0173857509407,44.25775760482587,50.898633586828275,46.09230699881831,50.53880311977182,47.749919287154036,47.83713410902382,50.09202048077529,50.63616610417,51.21052416445134,42.70277452335473,49.959266370120154,42.17016166206417,49.82403907604911,29.756652691332643,49.04800616675692,28.06656415921044,49.53189699303802,4.593330000336994,48.78921669334889,0.64964072073355,50.01102616138922,-2.4223478933913287,51.48171714397906,-3.8900072542486264,48.63707636486937,-9.048342380391263,48.72525946471491,-9.489458835129177,49.40715540221058,-14.047318501027172,49.87261656553104,-14.228546121444065,51.16429465555521,-22.569296306260828,49.86151138616955,-28.253054211856007,50.78897828144415,-31.26755467497177,49.92894899220226,-31.619519226646762,49.44809973089203,-39.48259666060101,49.4116890812264,-41.06227888028321,50.48422818187519,-41.214311762738944,49.480471088527054,-45.791352060283664,50.369835337294155,-50.088973893746164,45.34410472687005,-49.67791244909041,44.059306149977395,-48.91513566783157,42.08900026959065,-49.77209613497012,31.3194296447687,-49.905346457604345,24.871402379745277,-51.710527195882506,23.552025229709326,-51.787114608794994,17.83527223833209,-51.552363855988204,19.835326707091784,-49.09648632665675,18.141586008798825,-51.178290964263915,20.02697875227447,-51.6133406462754,17.95781712479846,-50.500893687352026,14.684390405511744,-49.93434193940213,11.580384702125047,-50.28236416396716,7.31284614340641,-48.44769441087405,6.526561503096411,-50.22503105840535,4.492552099291838,-48.583365103522375,-4.153879397434502,-50.657853263856,-5.2152637179243,-50.60090268713962,-10.517989042339764,-48.96413000426582,-10.989237712630512,-49.940434461764994,-20.09648142651507,-51.0137126677524,-20.093340934520736,-49.52270953548834,-29.167104539244882,-50.22162457370263,-31.520362162453214,-49.4862698629121,-34.17189857155646,-49.171192681343285,-39.20085991619932,-50.70507437335987,-40.81874482994717,-50.9995818946529,-43.89868993062203,-49.137253667774566,-44.083434417051585,-49.02133280866181,-49.54505708528622,-50.62764340702622,-48.88447353779399,-48.731635243592784,-49.20445521577008,-42.387535429289585,-50.19877688541614,-43.55499490349614,-50.80512917221208,-40.69517648381058,-49.3367572614855,-38.49699504478415,-50.267359435278095,-22.62571933764445,-50.119838302686595,-21.158072368611762,-48.32808882127448,-23.381368330803035,-50.84646593462844,-20.352455002083396,-49.47509369000113,-17.36940388225386,-49.989269986729845,-14.63687839445482,-48.39148107463758,-7.321629182537581,-50.69991405775975,-2.557067667680525,-50.1701185480239,-1.0621978616151897,-50.400722782067284,-1.0732615301345592,-50.143266571922595,1.6053943474837356,-50.405862132640735,9.393664391674221,-49.26527037706997,11.25030999505849,-49.70921187809596,10.50469528160353,-50.04693546259459,16.275474635432165,-52.098213623786094,20.355268452451185,-50.50431825100743,19.77407076693746,-50.63497424892113,27.246998454412932,-49.3593318018509,27.23764157679424,-50.78304165931693,30.32859155519726,-50.81799545907635,36.098951502858206,-50.171023268597395,37.864031917547074,-50.12367086389803,37.68471458487879,-48.87693173809579,38.617533283889095,-49.817977205202794,38.75053098222443,-50.871165415624375,51.4101456092412,-50.57305406184049,50.16790692437425,-49.9296469191354,51.18844586195032,-46.24972224517281,50.28021733841963,-46.672806129706856,48.06640614871604,-42.34127402787353,49.602872262060316,-41.706833824739164,48.97790398545906,-41.67295616454834,51.67117088615818,-42.39023805335681,50.330088329221795,-37.69412843179183,51.57055272079502,-38.081491246611776,50.404712413305674,-35.98169263234354,50.27204151229075,-36.929123607982504,49.91411201599108,-26.821672901071484,50.41628074189427,-24.618719528982965,50.193746461197385,-26.26657364425139,51.2692201409362,-20.6939450713634,48.474743725039254,-18.753078223067924,51.55734165485164,-17.518342753925428,49.825407596970216,-16.286057060412244,47.907111548964714,-15.495326832077634,51.49166955926614,-9.270590822561676,48.30949549495716,-9.363336173731104,50.632447234416816,-4.771556292215978,49.69903800398975,-0.4147005548798951;1
34.6134661095242,50.454276032498065,18.55601531739247,50.697144655335116,10.521373744867645,50.169663210172345,8.399862734067947,50.07321621136949,2.174183174235636,50.58661194731784,-1.7069188839921139,49.89176019088264,-22.51476931343528,51.4576547285814,-25.738204199275106,51.17764840454109,-25.789045760781065,49.21815867779911,-32.80454946582272,49.26841397102573,-36.01021214654587,50.813256958484764,-35.138113394551844,51.28951343271211,-38.86240086457614,50.11288798339881,-39.843289473389525,49.836517775812545,-50.26849029400117,47.677519099595735,-49.71703113190695,41.587358297652194,-50.34244337983023,29.518890519686543,-50.13713219486135,14.202630411945675,-49.56889316663418,-0.7188317618393936,-49.836564931941716,0.4305338711470596,-49.06989142885737,-15.82708184269212,-47.89047244854824,-18.77281935950141,-49.112409225065754,-30.374785429509576,-50.60546127637861,-42.535082920693775,-50.64614297533203,-46.46597460390804,-50.096827785777705,-45.24476488819724,-28.739834695647403,-50.543949971191694,-18.549397209670072,-48.01313784328852,-9.013936385364504,-49.94868289124145,-0.34464076520686887,-50.88356824611068,1.3468987359375943,-49.15927157359552,6.7422686817848385,-49.5567555558251,8.738927962711545,-49.43049204718398,18.26942730498909,-50.25632894211775,20.287920858119495,-50.17720455832505,31.931987777280828,-48.92582132309649,30.82719956189785,-47.83313588095934,36.179539988103194,-49.11191028079594,43.4834631104961,-50.14962480034482,51.16706521355555,-50.749939266063315,48.77252133269487,-39.981889969245564,47.45074379292968,-19.079070296851405,52.34424694010661,-16.004379660858774,50.007183895824284,-14.056433913978202,50.14093987951595,1.4853530505395685,50.23945669050192,4.3665331005672625,52.299941618975375,20.456903276609115,49.95752608777272,34.992532669288586,49.110506947711535,40.91411009784452,44.22945787973184,51.2729516562664;1
13.881252053700994,50.186055387922075,11.545059077139472,49.56608138567598,12.208297118593103,51.106802143431025,7.831368882911628,49.70927335326465,4.627951814722932,49.95058956779479,5.684930298388659,50.29883734071944,-10.528385140161,49.72987339148727,-14.439918642373675,50.61917780599977,-17.98485003237709,50.415899017979555,-23.471803043466384,50.82331704193367,-33.67741636933167,48.39785145442483,-35.4555840337823,47.66880980663884,-42.718566815466964,51.77451921417252,-46.50845216635713,51.614861624106574,-46.264939680901335,49.51820017154094,-47.294357592242925,47.73366821222411,-50.02485329499973,48.60777908361695,-49.593344029249785,46.76077214699969,-48.61740014481014,47.33243748224841,-52.02457937126684,43.4905655501343,-49.25121898522934,45.34129618645794,-50.57839913389264,44.07024103940727,-50.83636078589314,40.446255732560154,-49.56745892652767,37.46424856402005,-48.952713032176916,33.73029228274674,-51.24823100926894,25.98893314745227,-51.24887003785125,20.469936167479293,-50.1079603941661,20.0856446062426,-49.225154474159766,16.803086355151123,-49.25512205216079,16.68026228686881,-51.36074892079942,16.426914391577107,-50.30472096961987,9.261790644126542,-50.91351919368035,3.8657887517340472,-49.96236117810182,-0.7412168476729692,-52.0452906609995,-0.6142820442283874,-50.98523082298512,-0.8600822987681437,-49.05618562213585,-9.640134332938842,-49.70310422247925,-8.985823942432432,-49.20213785969297,-12.563172417962246,-51.06929748302245,-14.664418505566482,-50.65042006255121,-26.83172035759497,-47.995060074227894,-29.16864597258404,-50.87585820152182,-34.19391026099515,-49.17357132595846,-43.910717621075776,-48.71055244608595,-44.507239738196176,-50.32664546011694,-45.15778084338268,-48.14444039891805,-49.55575526474833,-46.26196790565105,-50.797421094129234,-47.51280799002927,-49.92877078455705,-40.004294984005654,-48.31078788601768,-36.367066162001365,-49.98513978188241,-31.894252552925966,-49.94439765848809,-30.687108037671244,-50.49099632326419,-25.739229648017957,-51.4826234281287,-20.90970031246832,-51.70228178721777,-18.143010988857235,-50.24744628072655,-17.421298234839433,-48.799414072379044,-15.225765187049705,-47.573519703209456,-10.425423609141303,-50.297701953769646,-11.855005003947241,-50.33331582533588,-7.158959725903728,-50.38448307052136,5.8090755938858525,-49.07087570286257,5.653773424657567,-50.690715444801455,9.356067457308736,-50.089630796588985,15.190058697927984,-50.38564872147338,20.058349656344074,-50.476713759771705,19.954814173485357,-52.13560237045972,22.401380117373876,-49.50901815285459,26.175836629445623,-50.692392083167455,28.78885762544612,-49.85917470958549,34.96889954544771,-50.54521763471947,45.561122341452055,-51.052965433070305,44.7034291484465,-50.72783735587921,51.25008769587146,-49.31458181853425,50.1035959744733,-45.75708823137389,50.88779153517153,-41.85003584816531,49.78954158535052,-43.21395580973828,49.418719256764476,-41.49371890997587,48.770460315389265,-39.98582445346702,51.4245345151883,-35.61478242444465,49.52363392905776,-29.096858350622014,48.77682506739518,-25.7127418760493,51.40098732948082,-23.753723091580916,50.15003546329198,-22.249933126309994,49.879944654131144,-20.293330736585787,49.05581729027535,-22.006767551566735,48.40556661978636,-15.652024697496405,49.10028237820491,-15.947555246670095,49.8836501958941,-10.655876707568952,48.20262113057777,-9.494586668879057,51.7796574879035,-7.350211652960617,48.982680324323034,-2.5071015418412284,49.38661206699358,3.852687688550836,49.18828775589657,5.724671108608941,50.36367610773596,8.700294627856916,49.10974957726388,8.153201687516466,47.80165635207765,8.026449807388522,49.08024269304607,16.603707984415557,50.972795132415534,22.635080662100023,48.71831314965782,25.792945168539827,50.07452987255606,25.67181760225135,50.07083686516606,30.152892339017587,50.87048347597781,32.980037074824125,49.52012040344745,31.44125933101991,52.316825483829675,33.92010003762795,49.75849299826925,39.591603215929496,51.10823895715793,42.82357577526105,49.0399184278697,43.11623884737271,52.38378058109157,45.67588260200946,50.57639523343673,44.41634082857372,50.15781766250626,47.866923320812916,43.49958243109755,49.62129344220928,40.61543448099972,49.30234073094474,41.51044471121181,49.635278166548716,36.424407790923745,48.555346538169886,34.617934934101925,48.7119863799961,31.57686925215927,49.49227353155589,30.9424594652543,49.9605888058041,22.660395291902585,51.43350250396402,18.646768757299668,49.62976234682874;1
-46.66693906489249,50.48079724931287,-47.01501989343239,50.391908935525144,-47.60179719774733,38.41736027325849,-51.61411983056928,32.78357341892204,-48.336367881600424,27.877983729221583,-48.60157934294604,25.361635324619307,-50.79995595017063,20.97931238253741,-50.977067320974356,15.52231952479945,-51.21206685766628,9.0243203283467,-51.68090991864025,1.0680575875975922,-51.14132152279085,-6.9000550505841485,-50.59252116857908,-9.68210190607908,-50.142286086720816,-18.54845934832701,-50.36824231528663,-18.21082249901459,-49.58217514456125,-47.14120629417028,-42.01902103372093,-49.12123891516484,-29.823093098853743,-49.3187924438743,-22.65561719283656,-50.55508581520426,4.273963725185552,-50.11766432451746,16.22501842887333,-50.41486746843631,29.601956404109984,-52.31354973667493,31.726852371221725,-49.45970648643692,49.44552829495811,-43.9551615116333,49.61090513896743,-40.95448398874231,49.81465846705659,-39.58608824794452,48.73615228824874,-35.15359280278568,51.20783810994725,-31.842754054156888,49.80840597149957,-19.74802826331159,49.75978550258044,-8.484791097895654,50.31057340862881,-4.678954829059283,49.754394668246164,-3.5145102418713012,50.65329446296838,-4.197574951753875,50.07434910345833,-0.8427417510264454,49.436351071884275,5.501466954387884,52.3237919402206,18.76354002052146,49.43472313417344,21.480422046902486,49.998736274913355,24.34098249869882,50.01889686910805,27.31076034689275,49.32186870067437,31.023493775147237,50.739358112586075,47.55467657827592,40.37406993336333,50.94774617607451,37.37428376556517,50.56297721725534,10.736436121724362,51.20783033788356,1.3455308748495391,50.38934846954195,-17.79253311313286,51.633463289784984,-19.323005093446888,49.06576809932612,-34.00684791194545,49.28010855903254,-39.3899160419513,49.427882210386635,-39.932698092091634,49.94356640894525,-41.63362340872834,48.826457283693834;1
-16.436132176565167,48.34493457253981,-16.98707880497058,49.94235957010456,-19.087551942608094,50.24420455409571,-21.13479391676748,49.540263611668905,-34.10927856493081,50.23522801261873,-36.09327859428223,50.512039208550824,-35.28121524358528,49.93194809143031,-37.597148993343005,50.26357990717493,-47.50910420078775,49.97655423784754,-49.299535202219886,48.381825609991495,-49.95207208274751,46.030721557601034,-50.362461740756615,45.81169588439622,-49.17326234398145,44.970355251193794,-50.15197271273852,45.02295743917101,-50.20701459611514,40.317590674506725,-48.72789864963113,37.10301037077588,-49.54166990969934,37.86575585553306,-50.15298525933896,29.87355638847153,-48.623097128743446,31.012149121193332,-51.493990652000456,28.00077816631646,-51.120253732135616,25.189019879628958,-48.68012210403277,17.907442184316775,-48.27766403532939,17.551820730173297,-48.705619229402515,13.989240634585027,-48.69751531868106,10.79294824438867,-48.74334746602477,6.53223102053485,-50.02557158895414,5.7830839925991295,-49.58886793552328,2.3314731639432402,-50.02232705638404,-0.18864580671133624,-50.87950950763903,-0.7736344153195858,-47.9406167551493,-8.084664694924415,-48.47452103862074,-6.2072045837015,-50.81674579060584,-10.754925708383439,-50.942831783596354,-15.856831600920026,-49.83084215435027,-16.25974975282705,-50.3289579697774,-21.26441997427794,-50.46047959012377,-25.952803887682624,-48.156553139787086,-32.74234327130713,-49.971202603621315,-34.630371344133806,-51.092563898985226,-38.80161754512426,-50.689589974273375,-41.85950108602378,-49.40329093820983,-45.291421101027076,-50.21761190417057,-45.464467153220646,-49.527034069678706,-46.0690936686029,-35.41433242211667,-50.66941649125211,-34.85369995769752,-50.53667452001008,-34.81581979707468,-49.23187505356248,-30.809100287797357,-50.06591443396749,-22.529689233116766,-50.41643830845221,-8.709104179149122,-50.29279037411218,-5.5141584770431615,-52.1972512247405,-5.602700449120894,-50.71051940822979,-1.0203551688044648,-50.6440115452279,7.7772020218868825,-48.72347029976153,8.116294165834216,-50.88890330094662,7.190666778768943,-49.929648393933114,7.654539751634281,-50.045400648399536,9.29885268288959,-49.120626373779956,10.379838877033478,-49.57420582844009,17.25181959648902,-49.24585942067461,17.691842257717244,-51.316683252315116,19.7787022332113,-49.6537509937389,21.346580103828913,-51.30764148517044,27.014411599968287,-50.022233653797805,30.120879186076532,-49.74981271025251,30.46557588447028,-49.28961860364236,30.439444855945684,-49.907082038181066,33.678911447515,-49.9836105287236,33.9199833370296,-49.98406282825382,44.237202065180355,-50.35337103886109,49.294910350115984,-50.27185885759087,50.4869329452374,-50.077205084654544,49.26631057879698,-45.862407756364824,50.46348191296673,-42.59843461628999,49.71312374589267,-40.48983482227388,48.88173366305773,-38.93882061183482,48.79467422757875,-35.84370639519797,49.68751506868956,-30.171989488655505,49.435111406716075,-28.366732437115502,51.6163186429756,-23.314864983027014,49.97026461050011,-14.322219080701414,50.90888343024078,-12.78149965591834,49.18610768699511,-8.83899092571933,49.435069775892295,-2.6817894948048266,50.347366797449176,-1.6155047445863335,51.04025471304907,4.131343079912891,49.15817050751732,3.7538399370184194,50.066114952116344,11.799104937420104,48.72843560642335,12.455880564739669,49.449729284024585,24.604264721940172,49.565140341793935,25.210424347896065,49.698937470383825,26.161025023810716,49.686053023396134,29.559417819308155,49.18743713643255,35.62411782536328,50.64121558470468,38.35433113020671,49.73552659922133,37.392877043492916,50.8784275013246,37.28266017040935,50.95144342743209,40.853707080811986,49.24957310188979,40.67733301406198,47.99049591709657,44.31607439889664,50.14115150450208,46.20813715283835,51.329355640023124,47.514410048621166,46.76968921019148,50.30258629408467,44.86492395615173,48.055522745384266,34.6442484886333,52.28662462158976,32.97745611070607,49.622042197446426,30.05303704379412,49.94703139832156,30.010913145210214,49.463603721885214,25.56616079600559,51.46123216221735,15.14713164693181,49.17943587874311,14.107528142666364,49.74542400024191,8.565522332864644,50.06340956854401,6.241140013681005,51.86056358910286,4.824558689781913,50.399656620850855,3.591447753908902,50.18324092787623,-2.4937765489964665,51.448045316957774,-4.0723491964975045,49.37360311293408,-8.442858573779478,49.09520943848868,-8.91062619285184,50.30439266859584,-15.233093114841056,49.735089406094374;1
33.82692569487358,48.243275300227964,20.13330145282351,49.690738081693695,16.492364582534215,48.78416311540516,12.061682363469695,48.81446346401299,10.106236138211322,50.18117800450921,-4.065088603359842,50.64435753934551,-4.21672119154583,49.93711719273675,-11.151778112393792,49.825277100830554,-10.33723302710022,49.95218950869618,-35.089956472813626,49.47060101471548,-48.12369500557322,50.645840070999434,-49.72299888629979,50.2534978571101,-51.42229409631477,47.78365091912702,-50.96742653745293,39.681148027896846,-50.79128242174555,34.3141487665946,-47.632166318118664,19.94414454676104,-49.41924893464359,17.500823604127422,-49.485939503050176,16.38214914461421,-49.52617455199089,2.354237882487528,-50.29909176186296,-17.573583022062483,-51.05657460558992,-20.09308421152076,-51.91279634174554,-17.383277697791794,-49.92375945133885,-19.692713259826068,-50.88151405463124,-24.161091752136585,-49.80990004840971,-38.90866029297521,-50.85310059861858,-44.11117660976962,-47.71073072538735,-50.29422312945257,-42.69997782899772,-50.8065544426012,-41.27459587993563,-49.93891009233215,-34.446959943437825,-51.46720348432481,-31.65689030897137,-50.009860699753624,-15.18834767315712,-50.439415305537324,-12.468790597677677,-50.016163247116005,-11.223544585957395,-48.06531942899477,-1.5105536714264953,-49.57226915221699,-1.3023373779939116,-49.131825113558165,19.935952052761003,-49.726803344766616,34.514760434469565,-50.038638560845996,41.629690424573106,-50.98132640669566,46.80264086766921,-49.789329692368,49.376824348974196,-6.2614208519932495,49.78608196489676,-0.8106057154619528,50.17550555001728,1.0887790704730578,50.76005489436379,8.817822820828194,50.320349069708485,10.595300162975434,49.4950803585232,11.504881280673448,51.38085662599083,25.962977549775328,51.379932902632305,28.00006272688328,51.49259734384751,28.90000460519646,43.985067584953235,49.78324981090667;1
49.327558649711264,-37.80153570985004,51.415918382938244,-38.71079758073538,50.40625765028347,-32.31595859120998,49.86709837475381,-30.81742426843305,49.95082090769645,-27.108514533921515,49.58772605541974,-27.833465430486342,51.56571774450557,-23.53831297339777,50.884826328741944,-13.137288486465854,49.17474559646439,-12.58581842153684,49.77117562774356,-12.028892623917336,49.754038581932775,-7.187985597569697,50.15600564307059,-7.348810519574954,49.34906716757196,-6.237631144903561,50.15899787234289,0.010199720323466277,50.294172546400915,-0.48656401198134047,50.115509073443036,1.1108480523261741,49.69856884091187,8.75101416788874,49.2135553720152,10.770098696373712,49.50511220221975,14.732694456273318,50.758858235800936,14.273033050997155,50.043041481194024,16.82276266359046,49.279169701240335,29.36106706188884,50.322976442250685,32.42083844036911,50.46081465483271,33.59563242392634,49.38929330452718,37.1337481942639,51.238382194275076,37.309762167855204,50.383067287239435,40.60997480102425,49.94836571640906,42.72372629104725,48.68846532715274,50.651565227387955,49.96957215892569,49.657697352770825,47.05596078535481,49.58122950698949,40.708726929108444,49.87389730078999,41.48692556450883,49.14495969573179,35.93316990334588,52.28503682045075,34.76359022608084,48.654864754872804,34.84605580064911,50.892815461023254,33.62901032250575,48.40021727811638,33.18287113218486,50.40850016343232,26.0876906950586,49.726168705344065,27.058106112651817,50.14415324997832,25.835756448620696,49.72864302096342,22.59805898067239,48.88451542472416,19.227718400938908,51.458028902005374,17.292745508545156,49.19082111848721,14.07147694299495,48.61921610956904,13.510205803432173,50.68906666044844,13.34639420451255,49.348800673826446,11.183728739717528,49.20618897841801,7.417928814130609,48.96507133143227,-3.8249358141221346,49.14699409290445,-12.168482674315767,49.80073801948441,-11.088047851303239,50.856828228439774,-15.937297013727997,47.33613260323756,-19.72200272042056,48.75103692255554,-20.448512942684786,50.36832433971261,-22.204749283299396,49.007145548519425,-23.072648426575437,51.27135311443572,-24.685706290075835,49.93806133068358,-23.529357899194686,49.589123133231084,-25.200056220171543,48.40298175373626,-29.181295995784367,50.085556442153894,-35.37901813947816,48.96362248582944,-37.42627310512382,48.946274844906334,-39.79409610175755,50.97778396174283,-38.96224706498168,49.28935732217797,-42.205193406900236,50.11496597609143,-46.8605696876223,49.35490991472344,-47.93680110169478,49.26087344620319,-48.79180584957714,43.21955243131181,-47.746995253861485,40.96878060000779,-49.93995243173546,35.3929904843229,-49.28958906629811,33.18566674184121,-48.74587410298038,31.179048027167084,-50.185051963155026,28.969037840886383,-50.037129559701064,26.99915364579535,-52.461931262514305,24.719980815802256,-48.701338367567,20.702821634307885,-51.16249848750293,22.794886374470014,-48.097181308741746,17.30524392295989,-50.072153692457476,19.13581808610954,-49.968290164740544,16.45150971768381,-49.81249335247266,10.805188937364418,-48.80524824938048,3.6325030105798204,-49.104853973210794,2.997813213499658,-50.579735689595495,0.8583822952945707,-50.538916822023936,0.6949628108780054,-48.45269351661493,-0.8244665228846415,-51.86504739912961,-5.329586919272197,-49.21446143803909,-11.141751859448789,-50.28450815187775,-21.262089885601693,-49.41265751109547,-21.674964413197213,-50.32181580616297,-27.161545717407364,-52.03906817625156,-32.857304355613586,-51.3542467904476,-34.11828652703041,-50.7310957833503,-42.0615501273517,-49.76359751078269,-43.44241298653948,-51.338392559342736,-44.57573529552188,-47.17944508210339,-50.565551385070954,-48.613547052561465,-49.117761879868524,-46.90252858509385,-49.41105110007121,-40.185532810351056,-49.797726380876114,-38.086545836341664,-49.755593816189894,-22.309957122379974,-50.08795107560008,9.69519808143036,-48.51296283798039,8.380752557210748,-50.29123788823665,9.217215387886844,-48.3575450405793,12.544058070596204,-49.44102270427744,28.40157537890658,-50.23815722438825,33.69187660607601,-51.407091378127646,38.868710269719465,-50.76610120637036,44.13807404067551,-49.94650383662613,43.897419773216,-49.03282617239124,45.06610586100464,-50.32007779363392,47.134737719549065,-49.81252483619521,51.11126124016052,-50.59089692963493,47.8265646147069,-42.192588624634745,47.96377069392616,-43.039166266692725,49.82850612935551,-39.721875086705296,50.7578941317671,-39.609594445324404,50.06709566355247,-38.9569915738269;1
-27.38722342750347,51.148671165501845,-35.72671819960483,49.67889402383152,-40.11658795917796,50.38325856532223,-46.83899334691944,50.6530670467368,-50.338506551106995,31.890160151177113,-50.25506339662254,26.669521750688606,-51.30713847970023,18.291695846574754,-49.85669647619246,7.769796856213319,-48.998415189420776,1.240408925596717,-51.28975413997028,-2.149675320804272,-49.78037242816369,-3.4602737545715296,-48.83613637809161,-17.658497719796863,-49.04202498548375,-20.83587040112432,-49.55754007362012,-21.22985514121643,-48.339088094255864,-22.236170516306654,-49.700742913024314,-32.170920401110905,-49.348363887227556,-41.03204003946367,-37.51278829468918,-51.09604513902394,-37.73533184116839,-47.74681141736661,-30.878956088433988,-49.28732918908292,-31.874629237856055,-50.399640816106036,-28.32651621246987,-50.37668850592496,-14.259901533007866,-50.62770007868863,-12.326360237303632,-48.26931194880322,1.416789831588677,-50.49466167584519,16.565355799121807,-48.95681952892316,40.908639684991954,-49.76934466928714,50.34462958483846,-50.14333147698886,50.34826075770469,-46.14332854913994,46.78529020591383,-39.68945852193889,50.25739075983703,-32.15569834299494,49.252477823537426,-30.786495095599378,49.46587522917025,-25.869762871483474,49.533981647148664,-20.74964462641828,49.965920310728805,-19.21671600493039,47.10230820755265,-18.6356210292488,49.1091375582641,-15.931227811954088,50.858827359429604,-14.279952893843195,49.90948334387055,-7.822177224992428,49.780308341816365,-4.333697472719904,50.81211765579011,9.426815839349805,49.93693948238399,14.640591371301271,51.95823874501975,20.385170438423867,49.32541332928968,41.415443755160325,35.81241277675366,51.52542044727214,22.367923154230457,49.726092095006706,-8.618292847033018,50.49776885559018,-10.460994398472286,49.53833516201482,-23.41400332106456,49.58837267868911,-25.96997937657459,50.62008698595744;1
9.047725735282256,47.63560845265142,7.401868393966987,47.76581822592156,4.373179547507816,49.08283502735278,-2.7976595745221333,49.907534998869195,-5.232789085800226,49.78885911723932,-5.794193611808812,50.1750840691413,-10.964555975624455,48.92048401659244,-12.545049652455344,49.578417705824684,-16.011363061129632,48.52813513864153,-20.9514127777897,47.99167485778207,-23.89488078207691,50.205299661873646,-27.080471594078343,51.324352790898985,-25.675686585718335,50.33466681221741,-30.582261583101882,51.04709571617625,-31.37766854351271,50.84201008626493,-29.344410693733778,46.92031666203613,-44.12624714721599,49.07507567637739,-45.119091499907846,52.30394763446816,-50.09029868969537,50.10864496383878,-49.236956043414914,49.3880661846218,-49.35955274850977,41.42543083090061,-48.804700703287274,38.69626068983796,-49.151342011361095,38.38165107419057,-49.908757597748306,35.95835019529965,-48.65109146477854,35.28563281239733,-48.952743697815364,32.66750084162484,-52.357089909164856,32.286454867679126,-50.374746575269114,31.592677090883438,-49.94764250361827,29.368519933230164,-49.14627676677683,24.613989110131012,-51.378314742794785,23.133099146338587,-50.66013689002104,17.897723945806863,-51.223135201848045,17.186850489997113,-50.41468142243031,13.8722201895288,-51.398996948339345,7.648265203672331,-48.66751194147533,-9.750324046796406,-50.60793768073089,-13.812664886381963,-49.64347349774857,-12.517878515897118,-49.615567612412754,-19.273719184504642,-50.7718829403107,-22.894993283893868,-49.78338524140743,-25.18438495954811,-50.25550628221009,-28.81841616151657,-47.6991939479931,-32.705614357227596,-50.76392150247871,-32.87351721114101,-49.772078328564696,-34.24909291766767,-49.19689940019673,-37.648019190625135,-50.94685640725563,-40.32596346619762,-49.07360827386184,-40.820205179649484,-49.914381528849276,-40.38247928578184,-49.218481371563676,-43.58411883131165,-50.13835296288102,-49.71659274149762,-41.71988857516011,-49.879313239431795,-36.62782739198544,-49.66328621386528,-35.98628032307117,-52.40251448727289,-34.43750096756222,-49.72926366833952,-31.913525644810576,-49.701451310425654,-28.855472687400617,-49.7392534951581,-27.596103017942717,-50.855968907722065,-25.380513587638873,-50.56966194947397,-11.919412936439489,-49.776116293745574,-5.538628006146634,-52.306744883187854,-5.231635780012419,-49.574365255618716,3.4384961950774353,-50.146925628442396,5.828508680905122,-49.528594800921915,6.782925668128799,-50.837881169849034,7.624819874657323,-49.842986667824256,11.431794489516657,-47.59083412213087,15.756933256109093,-51.01678817305665,24.314929337662754,-47.382541575871265,28.124434252094115,-48.75503580968719,29.246440106427723,-49.83276212266176,33.28322629572208,-50.16859708599685,33.936071864814195,-51.03069088368635,37.52692545390497,-50.06815114692331,39.8725214095981,-50.173382149988115,43.555105688733406,-50.91725919181098,45.73988953629865,-50.36957762174316,44.569845326415354,-50.68282269677307,46.51510494767981,-48.38162579338477,49.1721045450293,-51.6328939405103,47.810758191612514,-50.26734714459771,51.89741142442534,-48.52253433162401,49.75748936144438,-46.886085031985026,50.27798364860572,-42.01075973006749,49.68371607011965,-39.90769858923081,50.42004573641398,-37.96966111036896,48.87175535323403,-35.35966660223458,51.196896094796166,-34.35609777656196,51.38575493464929,-34.28993649922886,49.57966364831613,-30.283555991664514,49.577864538625725,-26.83628769984709,48.370925537582366,-22.265470098645803,50.68359454701292,-19.65495021568973,50.49998229476589,-13.771361650460083,48.81252483620072,-12.27808411802248,50.31246570980903,-3.42820225105694,50.31012540778159,-2.864936342564466,50.25411713566877,0.7668632258217742,51.2156161795085,14.433496329523013,48.57203714288284,22.917636913072325,48.53920082555407,36.14431349423087,50.43277013196885,37.881477308315894,49.619368561141535,37.81446745986593,49.44215428446617,39.219088479559,49.99861507884128,41.94210229343573,50.834041046258164,43.604124495383566,51.76298960725537,44.1780335834658,49.65602516602894,46.367586268034664,49.49308514136726,47.72229500827503,48.71360898371042,49.46335866005271,47.04118916885974,49.75326977885473,43.81562214552592,49.3217854509162,42.89585893264209,50.24183881666309,41.53095676787155,51.80095327743322,34.1635236296257,49.512131728507185,31.451656089490765,49.35837500309643,22.96434431609993,50.583719705887965,16.954209415132233,51.17843968785855,15.585960394232961,49.837895955747925,10.580759847741644,48.926524636987764;1
-50.33823580497704,8.50353223917851,-50.64241973707986,-2.3792890307383,-50.19309511616867,-9.002221006766883,-50.27320335071211,-21.24555058445573,-52.343435001074845,-23.608771123501583,-50.40044267381172,-38.43190046874471,-46.24737358235929,-48.635895647310264,-39.10528070759266,-50.649575203756534,-36.768255898628425,-51.07115752494865,-35.137580734037385,-51.16698594171081,-32.65499505890688,-50.87222563849587,-31.076913588024382,-51.07492921967452,-18.09134148431425,-49.37699301248627,-14.18533172632868,-51.408357263846334,-15.48826063004351,-49.62109867253903,-11.596460943790104,-50.79472843020723,31.062293677712336,-50.2762836788338,40.07817714500955,-50.339876795314524,39.927545787741465,-51.96034007531473,49.54429070230242,-44.15585675637493,49.93376255729738,-41.9167638797567,51.030996557305066,-40.37245562532488,50.71105115666949,-25.352504938159424,49.58382517840083,-24.31205517359324,51.69912325346302,-8.165986788292187,50.78700871959999,-2.0111986963618596,50.10228328062289,26.475376858188895,49.24266820225546,28.542500054772002,48.39546286767489,29.201668156453064,49.93812315360803,39.47632665850934,52.205648197203075,40.63226521291649,49.16712023653303,45.579713359167926,48.828985810946044,48.39213135955246,45.98602765174434,49.45377579227107,46.85571522097751,50.50215394872584,15.959507759788291,50.14956760209679,7.181700676695168,50.69835336039188,-8.302772747498185,50.59203484614015,-35.403311175127605,48.600350919687955,-33.01083988294941,47.943119817156415,-44.927100677225454,49.57820321106319,-47.49468769236322,50.69114925458614,-49.339684932150014,49.37512058864001,-51.55082047956272,47.87502787028399,-50.491552545029926,36.44838709441975,-49.5847204984055,28.115906525109448,-48.700362740073835,25.829218610326514,-49.23575874068786,18.036839543810807,-50.11774998797255,12.496673857991809,-51.27865563172101,10.424335751181166;1
-25.630537751353124,49.66590006291483,-27.07106757070376,51.50401138149146,-29.05394033721556,50.028181725779234,-29.885177009965304,49.61442602027828,-40.274164399908166,50.638284680036705,-40.08913362986095,49.60486612454481,-43.97233229567376,48.47140553611038,-44.34536931955709,48.94023393912002,-46.037971045954585,49.69500642499467,-49.54100270437791,44.939728572729884,-50.058384516213486,34.59224113724107,-50.06683923874559,32.83533154627621,-51.34021419976779,32.48291894402843,-50.22753044272192,29.705703636151803,-50.78157652821856,28.870364479334967,-49.58388682525191,22.360331141676347,-49.09999111664101,19.841804103838815,-50.470716104829414,12.657285682437504,-50.69496162194595,9.396290719084966,-50.02376946298382,5.895567112570542,-50.316993662936156,5.253818932594413,-49.49000897060501,2.1281182571994677,-50.81191034461789,2.648335607420428,-50.475197086270136,-0.0522849022268047,-50.27992098931517,-4.418131976979941,-52.068614427930164,-5.536983309313192,-49.51424510048416,-10.803867435173458,-49.49082871401187,-10.771880627474626,-49.46147418622989,-15.083999435737587,-49.602407374697826,-35.651656550185564,-50.671737957220415,-37.24570361101872,-49.27418106458099,-42.63827155443661,-49.876484780973385,-45.75969276474144,-49.22826301536061,-47.2338359642955,-50.90536708085507,-49.6092617861856,-47.84733261818174,-50.88750422650015,-46.70287527861199,-48.52131023959343,-46.60058395612717,-48.438857346489314,-40.01847394988563,-49.61742381316384,-29.92118271127785,-50.16271645629433,-26.24381581255123,-49.64328633918417,-25.63515798504265,-48.95629093526487,-23.041845404196195,-49.87685132823873,-23.565085557028503,-51.74987110629871,-21.842537643939405,-48.65258984412369,-20.890865053640436,-49.19712177731176,-17.344540939767466,-50.235381251231466,-14.896711389718632,-49.058414889744476,-14.429985216028372,-50.35057308538974,-13.157015025118596,-51.86682964575179,-10.990956517735672,-50.963245174159724,-10.48204468975914,-50.18156564026006,-6.279715738923761,-50.46976495707731,-4.896866408908498,-50.45934631162217,-7.167164840901767,-50.361434155082875,-2.1844443196475805,-50.85452219419609,11.225149818585162,-48.80110300811756,13.831709345665276,-50.81567021524525,15.862943335812766,-50.615945724684636,17.73373338065241,-50.674872006658944,19.854662182271344,-50.34813090156411,20.84959450090209,-51.49454752904178,30.022113939720594,-49.95070114359819,36.006349870022206,-50.3373370187761,41.38646151783207,-50.04422602123417,42.98129339418373,-49.722451081388705,43.75239919328261,-50.60183352673834,46.71026800344414,-48.289663838823046,50.62460568364088,-43.48321230667947,50.967112672812455,-43.35081395095282,47.21432070114688,-40.994198397738,48.00620353951403,-40.24137972622041,49.0570404212839,-42.348789307826074,51.85603533421271,-40.476329845055346,49.38383945663458,-40.08167719655369,50.21714697595321,-31.80601576852267,50.33050861408631,-30.20770386612862,50.67130956283695,-23.545039822163968,49.16521268753834,-20.071238198447723,51.271295602898896,-18.251713550599124,48.52307954431761,-13.590272013692003,50.912600890009344,-10.370214465216408,48.7078115815104,-0.30693013681206804,49.14548004343572,-0.11845769776487203,51.022607770817864,0.11119924211407262,48.676443401647234,-0.9011696803835766,49.27935540404581,8.757167817087007,51.765599401634766,10.788723772231346,51.016938253669856,15.178832208381133,48.98384609964988,19.86040861806585,50.88212251876313,25.302564885986452,49.852167977610954,30.708703470275193,50.90704421480861,33.88326282500698,50.387780934768735,34.786328455824275,50.02995183551046,37.22668299580488,48.40088358685995,40.67118888173919,51.061214193661506,43.192479293860075,52.33977350269499,43.96688886018191,50.29370300167724,43.290469546708096,50.70459250241501,44.76021388324006,49.111837570648525,43.330487341075695,49.95905713175574,45.28595874560768,47.9202914252722,49.41900239224154,48.9513036988893,49.90372924861614,46.86735392123819,49.767482975923876,43.12380573775489,50.584757530682936,43.74478060918515,50.189338628769285,42.86276826852027,49.13449457598589,40.995193123450775,50.47731355213662,36.709312144935545,50.962559880608204,34.03377171876367,50.101442411071105,28.79842381702925,51.68682597020608,24.484120097959188,47.96295518691501,16.970038628975843,52.03881348704089,17.294179886577915,51.24052594599242,3.549497567255969,48.75259236111802,0.4289170655324049,49.84746698528045,-11.866429250072835,50.796086462861965,-17.921881483782872,48.3418174528683,-24.083197119054535,49.791092307816676;1
-31.865865411524506,-49.913472308723925,-30.556371902801367,-48.94410345159837,-14.70621741256502,-50.57236286589741,-4.500394503504206,-50.9776006276261,6.530487080425259,-51.373570089588796,9.392153969314252,-50.14073333990373,9.70756478032256,-49.66807626043214,11.318312176118646,-50.86696122171259,16.81921498460536,-50.36854713933604,21.113003080391312,-49.922438210650505,29.455909963462208,-50.539045106078106,50.906122780210254,-19.45936330856137,49.268794411332784,-19.838701097116637,50.33931504921974,-9.783098223843181,50.98988969931194,-8.958691356192922,49.01930332583601,10.186187640198998,51.30279325806863,17.69111530500939,49.28827623389926,20.529412165600085,49.879531619849395,24.449394693789245,48.43247859818793,28.23655868243642,48.25432874651872,35.535618951722604,51.362180209754136,41.850692418725906,50.33125439164061,48.20959059949117,48.06105489886482,50.71640797910513,39.548570662462765,49.107247591707306,34.14272209584559,49.179196075542976,32.39313045498525,50.09845913002881,26.700263349520384,48.86262514572451,22.072905383350417,50.29564884861911,21.037931916765157,51.016290946915156,17.514216240284526,51.718336931273164,11.823937123740185,49.676536300139006,11.2477513687004,51.48742894002752,6.741010298634672,50.40338801828324,0.5865679943067861,49.3028745578511,-0.27323053337432834,50.32696538547526,-2.005103852098383,49.54972811867867,-2.8286999671095456,48.184204687068664,-10.377861569368733,48.22305483525354,-26.69423309454306,49.22141128343138,-25.953058340020092,50.69617300634674,-34.47306697192215,48.99768653584788,-40.3514290085259,51.513361388803695,-43.73582692747429,49.52805033252943,-50.310558633799104,30.161793734079957,-48.50128217558053,-2.207465343518037,-48.60620718478059,-4.4716914335254,-49.72176433638736,-13.211243735476986,-51.408914743710255,-35.38254296685019,-33.19326419730677,-49.83648288268337;1
-47.65618901350388,-13.310048044378716,-10.722183810590973,-48.40679179405929,-38.05134751141582,-31.4348967255588,-49.29539508265871,-12.944912883305772,-45.53000092115505,25.01887669944472,-30.83653951367358,-40.42674293822058,-44.281512510589465,20.589370877863175,40.74587134020884,-30.534006653706737,47.84124778905178,-9.406695957336172,-37.447978118284986,34.23372137018281,13.905916423804165,-48.44655195619575,-48.56415211409094,-8.10561410994699,-45.123070259541095,-21.830919856787983,44.93334687102047,-21.20597020789206,44.40724140966425,21.433386578761745,42.257588595698934,27.87482362512439,50.26938381005115,6.742188149583134,24.035714809027034,-42.87365990810998,8.12530067343498,-49.18774332433389,33.59429121566369,-35.76938540666858,50.12605513082984,-6.90535677939293,15.595234777808798,-48.72690941359374,-50.033901841726504,12.423201167081258,9.698988102281707,-48.44790835113308,39.200523096729846,34.77465320077142,-32.803135671370754,-37.392825419194416,29.73656857487491,38.726981778468556,46.940462005583214,-15.321380194260362,-50.274369478894045,-7.668753347580455,-43.08139424565821,24.879949850618775,-3.4397725952490674,48.71111099179541,6.436385241451578,-49.85932508168705,-48.61228561459926,15.531687856463494,-44.49921721613652,-20.75522452981807,48.42651612683165,6.7336496714827465,-37.95310812855014,-35.2268689397572,-36.91463048090509,-32.05877792215335,-36.180133619863575,-33.20016790906263,47.7661884702042,-17.95744478739709,-21.804388434861206,-44.800281564861585,-32.55533750089378,37.934472263613245,-46.59303928376402,19.287416058316946,-16.510865075049523,-48.692553876352164,45.81908351410175,16.248665778409144,-24.347543349386402,-44.919034913580646,-25.016268637654683,-43.859356660306105,11.578486282250537,50.001921536947954,33.17960863213524,36.483747563903826,-20.020107898397885,44.666027297967695,-32.23742266684919,37.60062040012825,-44.443206997106174,-20.521378059471665,-44.16206112233137,20.15053473233329,49.497472359672074,-3.888598153676815,41.16959011701702,30.561795927415375,13.416104558481637,46.723239580818735,26.418756549940987,41.69737151233409,-28.313770895191546,-41.11522705269852,-0.12383481005069163,50.30652522809849,-48.09768376424819,10.038503441644599,0.8064476286139922,49.55928460899832,27.04707741121768,42.421209355449804,40.709741124865076,31.919661839839655,-28.713663305743065,-41.93334854117725,31.845358698155405,38.640771927748865,14.927545004538839,47.27336378550961,-33.7778023406792,36.95360095603376,20.97356744143511,-45.345537323787674,39.55532334044364,28.15436879370008,25.701139590067072,-42.14276112185502,40.002902033563856,29.17010026384441,50.94855010190231,-9.438526254001868,-48.60694054613133,10.46186427769628,48.83050423636658,-7.67207678129189,-39.67035782067707,-30.9047818006297,-3.679401345659147,-51.562279295594536,49.64431507793429,13.26680591972958,-11.047141596190269,47.47506932959408,36.9271966322356,33.69655613706968,-14.151221895313112,47.59418895262485,37.412415330440965,34.62964597925311,-21.439566994638394,44.12412402999244,-44.50171675658248,26.261470275008634,44.80457813789461,19.10449967828283,-18.27824947138256,-46.82167204871934,-47.62188170709188,-20.129335954535126,-4.303329569812133,49.85485596913307,-49.778409496491804,-7.18024616417538,41.93924590615691,25.05566303642608,-42.458632662566814,-22.57396979852886,44.4943596192832,-21.87977188493025,-20.38757841276106,45.31483779804714,-26.828070250286714,-41.353126354272575,33.702907091627374,37.85291292114259,-11.1919255122817,-47.34871894678602,-11.967344907894688,49.08406550259135,19.332316286991457,46.870258892899884,-42.103393669146094,-24.55818124446748,48.9734015933076,5.81915334005507,26.099258540218237,-45.03480071812424,49.8422918705808,2.611804731199803,-21.80988755190055,-44.36208513089176,-6.6685958002986485,49.97547695009849,-5.951255704053707,-48.12566682407212,48.47739709828428,-12.447566918440815,1.0580905909291554,49.537745841343224,-45.7183430741413,-24.36959816780306,-41.17542969009978,-27.490322665149034,-45.069315120719516,-20.849194737556953,7.289567820860064,48.555875365316865,47.42771499008987,-14.532875713241326,-47.30818629147471,16.02028427072697,28.407459335606024,-41.210968826629255,-16.325954926672736,-48.315012133862965,-14.408566906394947,46.904556102661296,18.35286211402253,-46.34870629533599,-39.953576246955784,32.52693341554236,35.9801036386349,-33.0306286866851,-42.87410050748884,-25.626276229087726,37.59271172045196,-35.01179009184116,-20.32363043706583,-46.1693890916877;0
-43.23515731711988,26.03274489337438,-8.06999150823438,-48.94820616594328,49.62470213888989,-0.6027985019543693,-15.722604593019755,47.3986195184118,29.86377011190862,39.88703377076137,41.19818500141592,28.106777583669956,19.04630171320281,47.26803250468576,-27.846199052277445,41.84833553002932,-40.94054718716783,30.374106305957106,-47.77970879268077,-13.027799353827522,-43.95908375459879,24.34173889061215,-21.167206386795197,-45.59991479961668,14.960881135835757,47.1068750588936,36.39157887426093,-35.96836437574506,49.22282995520344,6.945892723622573,-22.837456772167616,-43.47700077025417,-43.42577693653664,24.05102037349902,-45.365012464015955,-16.055808189890154,29.919459668209907,39.8391977148485,17.64463095027946,47.70315019911374,14.473876419238433,-46.616677249848536,48.82817759487688,-10.50888520757233,-20.632144038600092,46.63262797172616,-16.933053760097227,-47.37600515689097,36.183156796234435,-36.18974558181164,40.233753962791944,-30.696331391914313,42.84345963220541,25.36227913297992,49.37103781508735,12.897068979909797,24.663820817826952,43.92734479058171,36.12431193859387,-34.032023779447776,40.98642728964511,29.650067127074628,-44.292024506222646,21.347336068237553,49.298842379210875,-10.888596215285913,-48.476964807433234,-10.4440937138904,-17.993103871904044,-46.82172782415378,-19.988547957147276,44.70113775235888,-19.940863239993607,-47.06998208667996,25.59957755143097,-43.393485990698856,50.16547452105504,5.558093185243999,1.0316730586996743,-49.78644554343498,52.06829225438361,-5.392896904227127,-1.2231806022178922,-49.09519219708142,-6.977716959914521,48.83939994377732,12.258743929194798,-48.71128041046616,41.17832964502367,29.91578385548201,-46.66409933394386,15.759055488609949,40.70577086612146,-26.84929164142624,-13.027756068126015,49.42755499242733,-11.866807871712153,47.98086814763606,34.783572476484665,36.69531250471042,49.91093345805049,5.996192070036408,-20.45906441223586,-44.71488833396099,13.843092692227302,49.66488037921812,-4.217313704367695,48.1342043072235,-49.32761140759509,3.066415515184489,48.02675132996311,17.496440840603498,-45.07637084964112,-21.62817369176789,29.652156277744933,41.79312983948324,-43.66484809164088,-28.36756512003568,-17.173751118825876,-48.419868057444376,38.89632717262707,31.93547776078634,-43.21187817901536,24.36421619298052,-15.999697548121416,-47.56639460474826,-44.1421317948182,26.54950410911787,48.18070418928039,15.00198668957987,-47.32609221779905,-11.052718077070839,-24.160328229895054,-42.3403676389666,-48.22255900916732,-4.561329961433762,45.78101648058469,-14.607256953034582,-43.332143030525266,-26.07018571255526,40.36935453794854,-28.72137798563291,32.721114337988666,38.2169668625502,32.70705991086347,40.1725092295713,17.521325595572698,-48.01738347080219,-41.19988269497842,29.31081176295509,23.682033557884857,43.91866778138065,44.40435106397356,-22.30552270619769,-28.820447689064657,39.46278263257802,-0.6061877432371994,-49.32463756396031,-6.8933660629248426,-49.87566408273254,38.962048978555934,-34.76861685633997,-35.994053888333404,-35.28999040276767,-2.497012348725424,-48.06159458855049,-28.74223116868604,39.608719824208926,-4.19301275219442,50.1942312071302,40.10730509099183,-31.03188718218696,-44.87655502701399,20.304338140009108,49.5798777059303,-11.33063534351347,-25.738230266523097,-41.583751278727036,-35.79694519782254,-34.35127849424923,37.83478095122498,32.27241699321599,48.339002718433456,-14.060011714343506,-46.78548277791822,16.362009218698347,-44.934096095721145,-24.510906504076132,-43.34074541055869,28.51596516089745,3.8169028187992455,51.23383119777132,40.283828182137015,-28.961271170776715,-44.64170417059693,-21.407662447783053,50.05261906895693,1.112815704853684,-37.04001209794914,-33.39084570495468,-24.2752120133341,44.39427350121945,-49.46572368892786,-8.516487481751483,38.19295977751592,-33.52368361712994,-31.290158037231684,38.769342706482306,42.38532835413084,-26.39398510337003,-36.673171800637526,-34.40326764195794,51.81893892474306,3.4910509891987167,44.33562103112117,-22.329380581042876,-18.42304674183559,-44.96896472236467,50.00627916964702,-1.5357052691171553,24.062564229299607,43.565008800738646,33.68274471225905,38.25114776375694,46.971276591459585,-21.20972494479651,-13.367521603032559,-46.40986440854971,46.41661692100143,20.09418300109635,0.9903344660745945,-50.83831579084701,1.0816428116717685,-50.78244159874282,44.54782616962814,-24.076827635123436,-11.348880272861248,-47.589938758164564,34.81107859281749,36.385703239182945;0
-44.17563282150808,20.01084699172636,48.61880717849864,7.525576390378706,-47.91053531973867,-15.910203611016774,-46.83010736207051,19.173428979288975,-44.14706232780793,23.469479716219073,-24.87839646067244,42.83567087579862,16.60596135328085,46.510597653372535,-37.626246821751835,-33.62764345890504,-15.671215789687974,48.0100630317564,-4.477420720308567,50.98340895956717,-35.4517051980442,-35.47990711615577,-48.05500830423827,-10.869103516590544,33.0500443936373,36.91997936090432,-50.87894804224991,-3.6688533564709127,19.83551320760504,46.83741529777927,9.527426405591969,-47.926449776075806,30.88829167666947,-39.577734061765774,-51.386033186105536,1.5583811646489274,26.9618637493763,-43.15896190316871,47.14862678113794,24.960885214675322,-48.180247013048984,-2.076822707475743,46.54810844138366,20.63738385012476,-44.385531990841976,21.824876914011607,40.853537430990194,26.43103583702585,35.48241688056768,36.255390377757415,-39.925468541748714,-28.830204474217467,9.249364306219091,48.98565258582426,37.87473814414517,32.06420034001993,8.806208326706328,47.877576985262955,-29.220270035126934,41.23940565581011,-48.73793594364836,10.548334489868651,19.037779207773372,48.54032428399486,-30.240881725890887,-40.59282982665187,-49.352320211244134,6.082824786797458,-50.3374158837386,-2.520846758082089,-37.499584120713195,32.30263690073555,12.944233768723498,-46.98284660459224,-42.479135356540326,-23.78620480509131,25.724627822601512,43.11328520394239,-14.396430955739897,-46.99471049764678,47.3115144233222,-11.38277210946623,-49.640866599208614,0.6195936753763103,39.390160596978994,-31.22885923607116,-28.35230080094188,41.23517605804594,-46.83748659231779,-18.66929450094267,-44.7273197401489,22.5371545154237,-45.06993453374803,19.023432743513464,7.154138993288192,-49.731944255879604,-48.90222874925763,-9.590881662392162,48.772543427078,-15.415657786408168,-47.419271217574675,-12.975612639338202,42.43312077185181,24.553795369555516,-35.23116010776378,37.55581707428802,29.28931299681706,-41.64322246883131,-42.27602204992181,28.011920913608524,48.71850687638774,8.803854682291043,1.4394137269479104,49.15169311292239,45.30375548381575,22.61851891015729,50.083805322836405,-2.7777960134173387,49.20866006687653,-10.52851112733296,16.66076638667173,-47.15737746166664,-39.02686781138569,-28.946997599722266,5.083157719772219,-48.80377396048478,24.492205708435918,43.0353799536813,-14.37564803752728,47.736060595952424,-51.93488484136669,-5.706055409316139,-32.76101980954969,39.11630299927737,46.63717057627479,12.128667890794953,49.637910365236415,-5.587290285563222,-46.80355797917446,18.558742890207128,-50.602581480228686,-0.8778482978939557,-21.777014468535334,44.421653118346725,-3.343011433432563,50.444731571680826,-37.83828650385577,32.777001377377665,22.266584213819726,-43.44805157636814,-3.7821791521790944,-49.96222966682645,-35.942302340397205,36.31209925482136,49.918216157575124,4.750293156372933,13.823474064386131,-48.650765315287394,-6.5561002447302545,48.6097859656961,-43.41036911937942,-25.757201334845227,49.18204812711612,6.555485155749768,-27.856901242787387,-43.25868244324815,-39.092144575697496,31.813874746047393,-50.603643987621346,0.5679789866557896,-41.97655733678791,26.846544879134996,-28.885069828990865,39.929765351616254,-45.96004140195202,-17.273849027800036,47.25412099759184,-8.201353153660122,37.961678375669486,32.399046263053094,-19.32154732735535,44.46169913256134,47.12892060328123,14.214748184869531,-2.6129125611601243,-50.58912758765204,-25.514731140686003,-42.863300898391394,10.447429509194528,49.063179463347595,-44.50989400164665,24.48845727557664,-31.105081972009614,-39.679067042788695,-25.526417209067137,-41.87111637891277,22.85692356597857,43.20581925710884,36.9818522002449,-33.91406656364045,7.96592730736476,-48.803014321473114,34.13120816472427,36.65635584679451,34.76751807228157,-38.302245815273366,-1.9944363481148994,-49.498586137412545,14.19314717061627,-48.68521152599978,-48.42051115918944,-14.126951431683207,9.437428019265552,47.70764822126788,43.208483983343555,-21.349915881846446,-41.751926910589376,-29.25549053459507,-27.825147343114377,41.68356984852236,-2.9394664956797225,49.96109390568245,42.209125081993506,-24.33590952376186,-43.06317503007825,22.359761822859447,-47.66656127505218,-12.725658525186459,-37.72512836914669,-31.865920241708626,23.83481696588661,-44.17652850333746,-35.086870031882285,-35.05510981306294,21.804547358954387,44.85925460944504,-41.37162573833513,-26.70642460934527,-48.27115401110899,3.795183518799159;0
-46.79569612491838,-16.54449161695652,-13.297443596221491,-46.123025217024214,-11.835308679874082,47.064153657465816,-49.96407724436218,-2.8344836331203696,40.34263077733455,-31.00343927312165,39.22484659839841,-31.053882089287544,35.870138956256724,35.798183346446024,12.75490158415273,48.01742139862208,46.99217229580058,16.61322035162559,-47.2718409362441,18.655851217850536,49.97315379567019,9.8171115658083,-49.00641322219588,14.740578022913267,-30.284598234412712,-39.865771794437805,-9.655167890338019,47.45708249422815,-22.121803155748875,-44.440885154174154,-42.14797525299738,-26.743741723201815,48.78503108517023,6.768187343059001,-46.78823269525302,-16.161758143656908,-2.0902903589927866,49.39554055317707,-42.49456287814636,24.946336292006862,-10.911760938814131,49.75410404657354,-18.011394949726128,-48.518299449196796,-47.44760234654255,18.362038248346618,27.744948770460958,42.92260226226491,-48.761356043543465,-13.112169680872105,9.892148734183117,-49.244750844180146,-16.503467248669207,47.38932872198478,7.901871076548906,50.2975831757994,-39.33718412425622,32.41929761505224,46.06107396036269,-19.033077944840564,48.70693770075682,-7.5476445914090124,-23.569401075314687,-43.174081173579324,40.1718354405123,-28.591578097611507,28.037717571823684,-42.51902397829906,-33.338040252115384,34.612794637309555,40.3524543908736,28.785417647483808,-29.58624984435999,-40.70049337217177,-45.87142149273027,-18.422276334044255,-32.67931569142216,37.67018699593116,7.675449398490618,47.7646316219939,-42.85616796926951,27.5671793897972,-48.011937098584994,10.327633364380192,-4.298916363665914,50.32931384770401,-13.490345093558647,48.16317889280572,-50.27368355842941,12.176384762723979,30.979901666210537,-38.14793465004775,-42.18757550188397,-26.35045005400161,-11.031567138326958,47.35070772611602,-8.87195749283966,49.47762106285842,-47.53564380011125,13.280821029725164,15.814203876913346,49.245548728266236,14.943101821921955,47.157698164433896,-50.12729631651101,-4.252401129862909,42.65774235645306,26.53592670922823,-48.965349035140456,6.513862853685487,-31.247721314756873,37.97605282474078,-12.748842016314413,-48.630435551043,-1.6093532668992332,-48.07872449913267,-18.5464021356594,-44.623385504388295,-18.994417336057314,-46.14059828102875,-33.953591688132946,35.68886369218499,-24.206380545042578,-43.77142400380962,-27.226710094835926,42.07607530858455,-45.510403651351574,-20.448445644090963,-23.092868736880607,46.157301798127314,-49.744563388692036,16.912435187790855,46.8718131197161,18.558147697327524,3.3949248701170274,50.58675182508488,48.93161242664787,-8.439034170977989,8.896412247546543,49.880398763652096,-17.674360515052516,-47.09768365004658,-29.134435467550112,-41.82798498568289,-8.349013267459826,-46.87359636924352,-48.321548624201256,8.435647575077686,-39.95405731793092,-26.653177317724772,46.2320920256083,22.494564793987433,45.96258559607568,22.181006877156783,17.47595053476647,45.093219632986965,28.342923972561387,41.057511951069095,39.519482032622825,29.259718131743817,33.74994064074013,35.64179868556953,-44.51263385098766,-15.799361329081695,18.988809934417745,47.546902817856356,47.51532793542783,-13.936365562385639,-20.47890097368184,-43.82805099388404,-49.76837069720604,-11.978791733504867,-13.16816194811977,-49.35867959285825,-3.291672821593063,48.9374199672583,46.41306736331249,-21.702057101024,27.27243609765733,-42.271232262813434,-6.507501572413142,-51.31321744628574,-49.54039906225306,5.563613778511357,27.62952187871006,-41.90583775302385,-1.0317296340398752,-50.810454884389,-24.86568395760765,-39.95531056688024,42.664051627656136,-25.743612631499737,-33.09133537075683,-35.96291386931253,-31.389766493315285,36.10368353816373,-47.8842013334785,-17.360403538092466,15.415403058347215,45.549888178358735,18.162174561388902,45.56550087167522,-6.1106141057492245,-48.50857000974679,9.858045378956547,-49.83038067831048,48.62123144510555,-7.32076091152388,28.786001826647134,-41.764266921810304,-48.1854378180298,-13.151555995400521,41.59430630310795,28.35527486386933,-49.637402652967886,3.945764278176528,44.10598525567551,-21.913501832345723,11.551853624751375,-50.88205809112303,-49.49321807054824,2.8811371944151416,-48.06788132486099,12.3913118163528,12.009530546170769,49.31812179575254,22.93914245693926,45.780700212639196,43.42046888334738,20.031629007340673,38.670952717069866,-30.391164235271475,-31.737392789549332,-37.77557416531955,31.994271696153586,37.69207752984043,-42.609147700348856,27.654250977283382,47.06805387397077,13.15529838514377;0
50.509848401207186,-10.491138519157879,-47.784249633007484,-14.957777464448288,49.34665488745532,-8.779917489483076,-8.931390547353848,-48.357348504581516,-17.810807497058622,-47.761390991296416,9.15664955199759,49.74925821198859,50.820059790811115,-7.877067203632672,50.575227584717716,1.746635981779322,-0.5288237779555818,51.72362025678369,-46.21112986467862,18.68434626796199,9.896843146186429,-48.63375954829443,16.81465331662738,48.34952442087771,31.908926212256468,-39.88549566260878,50.769208160101435,-5.614032215047031,24.557063741771366,41.682525163499406,-39.809087172204144,-28.526732370762705,50.22322619698946,3.6719530190151684,-38.50706667692251,31.56859368327968,47.234682948742595,12.591389545549479,47.865875025519124,-14.341111830451501,-45.990968392081314,19.045430379186005,47.372581649387236,-15.106301863292117,12.7084737871867,-47.148756914171756,33.48325598012465,-37.02409435940857,22.70315680463736,45.29169694154115,46.08944754131367,22.091530580974148,-39.549154509327174,-29.907278656474976,24.472856018025592,43.68916600919764,-5.612966965666522,-48.83252620631196,-43.4482821629087,26.507427099293626,-49.35263344444583,-9.767773388829053,46.56321601298839,-20.628297076348257,-49.480957719235526,-8.235211570452853,38.73970546875866,31.93991212559488,29.46447218785674,42.99234398918408,-46.37964221212859,-13.942708795209168,-47.29762163175205,-7.8780186735629085,-32.69825607312684,-39.32486510761855,-40.50295416362125,30.061489047803047,-30.07263223893994,-40.78543337553402,-40.33431803473099,29.840081301605473,-36.18567973498894,-36.46378173271347,6.838007537392697,-51.673068158645094,20.653114052436145,45.44690242527751,-34.471449304506855,35.01860354721335,-50.2769137019445,-0.7462739181737209,-19.636971682879807,-45.21646540680418,-1.638771423251249,49.001218873142584,-47.544215651183706,-16.764008259051813,-34.141484912442806,-33.74009562160296,39.20464004931834,-31.984977800400827,-33.94065672707568,40.07338397121853,-32.86163601759294,-37.57403423351108,19.900267186532826,45.97406199022391,-50.18977158937612,0.11238197247799919,19.495432794978274,46.36285853322812,44.634053927953374,-26.405320447605842,-44.50039669947957,20.533672021095548,24.323077670318554,-43.58896564598292,-44.62502048447849,24.65929395150346,40.3043269272166,-26.275228045649957,-39.137291858000694,28.233599993500526,-25.589321440462044,44.79244065259544,-45.14119083652969,-20.149545954915602,30.188054516579097,-39.60262052072051,31.72081936056945,-39.31983729671806,-41.89518232208767,-28.379047810613407,42.16731189039423,26.553878046742092,-40.29213851861186,-28.724208234760884,1.0276723574847408,50.628916612726606,-4.079114607935772,-51.63105610207188,39.67438562118753,-31.03230564808572,-50.530123538166485,-4.96346053443877,-39.64821722087515,-28.417957455406093,45.93632348819344,19.44717771601562,-49.65050437111164,-11.683233164260995,33.66127342705015,36.15932354220878,-36.883146928084656,-32.91008090658199,-33.13258523295915,37.6118818945761,6.465631654048713,-49.70872319224624,47.93578691938074,15.435073602940944,38.227519948796306,32.15509076545721,-20.415455650390005,-44.63115331693081,-49.28640857720963,-6.327431115951764,-45.22675057950702,-20.645225578144437,27.554410966728813,-42.00350268264654,-48.85798482365617,2.7658978640561287,18.513440343397868,-45.88193960482547,-49.04454444574446,-4.249259807100968,43.5469201146671,-20.721997807898457,-25.70734943103531,-43.43211056831856,32.14312955509467,39.749209716915864,-35.16223149753082,40.38504020898443,34.260392254121534,-36.98532432206101,-26.684569950895053,40.32285252267423,20.136387487217092,46.38774332902534,-49.53764890302854,9.191424074723916,-38.19230160697929,32.47551314807043,-35.48321612306803,-34.48024434082014,-46.18601670312726,21.284794271888483,-2.819767033375385,49.979847210742925,-41.280017055076165,27.532532155070914,-42.37835283231318,23.80698358327316,40.508578095286865,-28.01821010539419,50.782846390792976,-7.581309630785986,-36.126852823068475,-35.26567966598109,44.331936242024035,23.876390618239043,-2.6259948680517513,-49.62494250857654,-21.041838029277926,-42.83410246243232,23.614545164620782,-43.64837887452938,-28.90967102121633,41.39157203620278,45.567702207613465,18.0091061964792,-38.11420188843823,-33.29306876651169,36.58710686990572,35.59534783345553,1.1390668021270298,-49.113375861632875,12.857746537306056,-47.47482500740907,-42.77708005815713,26.804610999135672,47.34220272060576,-15.343896586570924,21.538144698265473,44.037891139836326,46.44961721881495,-16.546047151008356;0
9.771686324183053,50.289192631411986,33.684233025755,-36.50574646689096,12.669347630363971,47.4513969273583,44.7449401223399,-24.970933797699725,-49.94666059009866,2.9446897478590164,-38.76754612753426,-31.503166160309117,4.543853327866736,-50.23256794307523,-49.172016838708494,-5.272788139577952,-13.699413070391575,48.02456992706452,17.316201710822224,46.85082536070492,44.20099930392995,25.30963050464926,-4.474864516127232,-47.34736601596291,-47.87104708086709,18.750141194364442,27.284089309758002,41.44238024853326,37.25101901050472,-34.52320336456396,-9.873754752429598,48.261220939885405,-42.456610808427335,27.89660015244968,-15.756290550921426,47.90198079682908,-33.05321018872589,-35.57983810981184,-44.215479093823724,-25.46494492180228,-42.24507143609366,-30.119170095451846,-5.329953055707914,47.50410373559545,-12.50450904091092,49.12091864936256,-1.53616493317123,49.2324626143701,-23.821762627640915,43.36625257956007,31.779894894268573,40.98624651409696,27.359774175479668,43.844588700688156,49.468596894526925,-9.771710486439268,50.18527059335692,-10.900289828770136,20.08066600787142,45.668523827415214,47.81832893726211,8.48363451043012,13.989753347007984,47.91987076669135,-16.386988460678324,-48.838572285730535,10.621392709270877,-48.67760823483654,48.41679599186013,7.570158575941698,-43.85871732637188,-22.91984541181482,52.230609270317004,0.4811925188002043,-51.0435291916968,-4.816668530963141,-32.567110125557804,-37.93604588650574,50.00671802005471,-4.163586851387276,-3.423589166162624,50.3320140236383,15.684689083946136,-46.78732553841718,34.03682516698891,-37.46277890634496,44.72344513610343,-24.03325223126703,51.439042373818225,1.1385492039622003,-48.61628528529955,9.628247571368874,49.60210095666292,-8.195319967628771,-39.0329409535671,28.842891550317887,20.447577032269578,-46.682930768440336,-48.02814329580298,-14.612558697029968,5.4942785366039475,-49.743100664796884,-49.29970961810077,4.312794290715017,47.90181378876363,8.521538932960919,43.04095676590521,27.010658628875266,39.06887307204014,32.50918403139972,-1.3867556828221854,50.90535938751828,48.81423678145358,-11.173113001728847,-32.91069812310417,-36.20813656339867,20.83459500610969,-46.82964306675651,-46.36219015668447,-21.872780977684762,-32.78713175156127,-37.55122252849915,19.893144484077364,-46.05345414124145,44.41987101567814,-20.115782575057853,41.623229177510346,-27.427244726911024,22.03595884097679,-44.052596493342314,41.1449856363349,27.45592057033452,-33.24557798220664,39.78772392171761,48.13733152110277,9.98246978840811,-48.01641104330056,-15.16657896372421,14.061378481439807,-46.57814041491716,46.994200208221805,15.742110175032959,18.426185013724343,46.14138175976705,-32.35835227623261,37.937758618228905,1.4515773784313066,49.03693378277889,13.8417254815579,-47.17441662414877,-29.936503797621445,39.93285140589344,-33.94999406376222,-37.30599000313525,-51.448338837393216,0.7860248069473685,-43.65081425173006,-25.01061770837003,46.45242246983138,-19.374453325728332,46.57356187589455,-17.97469886024645,36.37502607489126,32.023547549905835,27.033745899997587,-41.18829236836792,-28.515930632595815,42.135413534023385,40.99376323671616,30.498529931290353,-35.96477904249791,34.13209922946781,-50.06057423246182,-1.897647897680873,47.585549507853386,-12.134014755169703,-33.71256575455803,35.83399529941189,50.564018681457284,3.0786017820247555,31.259711447992686,-38.038116001684045,39.014184431127454,33.336447958925035,-49.607702497895914,7.08222828326083,30.010380018209595,-39.98710452540018,-51.08839919843913,-5.193544220237162,-45.76978626174413,15.216792627170234,16.22200713684634,-47.93195376795885,50.5933842850119,5.610450626283486,-44.83602311587652,-24.056827904386385,-42.48964529934224,27.49786590423626,48.28126486543609,-3.4768839651425325,15.153917749459708,-47.466160975816614,44.37890463405716,17.70837767601779,17.390902369885502,46.00575979758735,-49.06036356884924,13.733613169573923,-13.425788788513277,-48.339376020489226,-23.75452795237623,43.32552907568521,-31.521047999283446,38.02271700625492,44.46319081547919,-21.093245042141632,48.545768288635195,-13.856350083005589,-42.298325031077106,28.413262949456055,41.54457615155559,-31.45331887550392,-25.537705640043118,45.87872621052698,43.82029213305669,24.96720858626004,-48.73417013246486,-7.257438583901128,-25.766167281996417,-42.58102523546746,41.18013812159731,-31.130625745367613,47.931837358585724,-11.415933256463951,6.113375764838911,-49.98760643306649,2.669221622813658,-49.60284174788281;0
38.124025785779885,-31.006684390761855,-24.514244161779246,42.83005609431402,19.72369537933192,-45.215496857416625,48.408779062604424,12.55503859697628,38.03740922110563,30.22770500583462,-41.82927841636965,-26.75475763765611,-48.97239387048803,-10.945319122223692,-42.99031163181761,23.967424114019256,-23.223239424235423,42.65841395984684,-35.96168377205387,-34.60585525898921,-45.98383648719934,18.999705498575185,-4.377901856595861,-50.02300026861657,-50.23252974061263,-6.028096051430568,-45.17137049048316,-24.301012936436813,-31.22066330914757,-40.009762579362096,49.460466829043874,-3.211164209384001,21.70104816124761,-45.56976516522944,-42.65585431824099,26.2071863012704,35.32132497711835,-35.21759396681444,22.70695238912851,-46.424826956153964,47.75696113298895,16.30909999808515,-13.479494291131322,-48.49849892209709,14.896568965046985,-46.44603795942924,-5.250016572794495,-50.02836791741864,-12.032349103631066,-49.15685121463575,-49.350544499049406,-12.83347925395414,36.764557631980196,36.41591220003265,49.640642247835494,-12.76430465169379,-40.55535961837551,29.625857512861415,10.876698150425549,48.12091870001512,-9.425681087614597,-49.4402302543147,49.14700145061706,-1.6806714643954115,-1.8430675014398041,50.841562068012706,-23.44786929180798,-44.439568067413546,-40.69371835503829,-29.704521970314175,-10.514655474247244,-47.68431634349011,46.58942984911076,-19.551211714565746,-30.167490074917133,39.520857351709516,-1.3292436408823014,48.50057401484651,-40.290624788872286,28.487484092987444,-0.40360960774807775,-49.026650818902155,-7.794897581056145,-50.35256343333193,-42.77121981410243,28.638458796591195,50.725199227385346,-4.712037991305171,-48.546491003551836,16.392883701058523,-35.01555353433937,37.6498054509151,-12.030576890812668,-47.47115251847113,43.35385453504944,24.31305655370948,-41.598215184250705,27.094328082184415,7.656839414613087,-48.77618435265977,4.123259306385473,-48.732889536974504,-12.024232995614613,50.44685688063159,19.012213915081357,48.11261651392357,-50.87769680156689,10.410546721367208,-24.471043920458705,43.4075568693538,-5.657060218133832,-49.41535815937091,18.929555082405805,45.77579660038218,-25.76210522364395,42.57855757478768,27.37265539750695,-40.35284824934269,-36.31350156134279,-31.380360852913995,38.05064767259125,-34.44884642423932,48.71528762260951,-8.493513995392144,25.708657017880313,-41.351977770995234,20.875291090082204,44.92041900516811,-36.25936650944137,-33.12827725307071,-48.47099806809774,6.542188202131953,-42.08273606203906,27.867175703895686,-1.8056338103524037,-49.74170069436491,21.989054262044235,-42.51957814966306,-20.909836989619013,-45.78783230227045,31.950604242032803,37.559381637721444,-14.639957006082804,-47.763227975517474,46.884037746877745,18.38168661230841,17.092312844038798,45.86524936651454,45.61479424940161,-22.975251503831807,-40.27437485050883,28.530960648114416,32.50458065932562,40.0371347765874,-22.290824707353178,-45.857987086164925,27.071220208000113,44.69466323983943,-28.087690912426975,-39.4516943870933,1.0966347439193367,49.017571521727966,47.768660783187556,11.941555433268798,48.94919554347194,-11.490258504681632,45.804466318817425,20.66051939863552,-50.25662813952846,-4.390813668906811,-26.970281442364676,43.581039323442276,-26.27144901575479,-41.659317438678464,29.07381814000022,-40.76704539730551,-40.400704275337176,-28.578542475800383,-42.77025222018314,-25.987020742518016,37.04723787780228,34.18853789211491,-12.471008676780201,-48.05324732413535,15.84772698345984,47.22545874914316,-51.728416681085044,4.340791688948704,48.98570199079464,12.113152323481078,-19.236500371542995,45.50103057256403,32.80877296247522,-39.60579766593053,-46.72834471590293,-17.856087309600138,-49.01814156211129,-15.144618172825664,-33.840864731792905,37.23970658040252,23.410212021900506,-42.698237395122604,-7.496601973971429,50.13050347365663,33.45241552177364,35.101506208360405,-45.95765934449124,-19.593331395304656,-5.2077592584188155,49.135329305252824,6.997563921728188,-49.43183163347228,21.54505534583968,44.86834122841472,10.330978847971892,-47.94499210769827,-38.418595904195264,-30.567345396440007,48.894229286730585,13.085388855157866,-46.657108435587745,-16.934000743513337,-24.444207146216627,-42.72491080102038,45.71237184335195,-20.263046566196856,10.027813061370464,-49.00124474992256,-1.0072643913219768,-49.17184611699441,-50.365298909226496,0.49624132139517824,49.86751086987483,12.94943514620695,19.978971715814694,-42.93719476611146,50.2823380037482,4.424709023092413,-47.93430097534653,-14.161570694980965;0
44.753773640386136,21.621845969005896,9.830339428491872,-49.68860891731207,-44.87581209068703,19.02680463229476,-6.579864305702878,-49.76481931949792,49.23463330508066,-6.592969641761663,-47.488560255725844,-11.410372734278218,-51.232284880401544,-0.16910043094596125,44.98548316017425,21.441166673567313,-6.427931502871312,51.412389823133154,-50.39037285533109,-0.8090091861586537,-20.87048288701217,-45.007202915802004,16.48783067535344,-46.395447541756326,-36.16156462446416,34.3734171179742,46.73431245959415,20.41065432956049,-12.486310614061582,48.20846630112072,41.6268628417312,-26.689348371003764,10.32364714977484,46.85024843323274,-47.66662574409169,13.478368018147119,43.4493943119452,-20.572202946407714,48.67830642998924,8.286578279583129,-40.88010098366756,-30.650562894014968,46.32186452956575,-15.927079280847005,5.898865634542803,48.794110888222896,-47.978390561509336,-16.535076525486,42.08352788610703,-28.81578712072266,33.300918405216066,37.82006429616332,-48.36803478940144,-5.614399481957097,-1.42752675477146,-49.24110900549736,-23.152591457523318,-42.684592441489194,-49.906511610393274,10.473361106375892,15.85513191402304,46.50416217977606,-49.43952896846228,4.011644674200759,-35.46620694490799,36.51448583119665,-50.5676904245916,6.263594977428904,-34.091978252646435,37.51229112194541,26.14582270618335,-41.609133227089686,4.90461345637943,-49.78847282067322,-18.60606805288427,46.57302397100028,-46.20868385704114,-21.367107290783785,-8.62547958456592,49.717175331519506,-47.520537925140516,15.818328318256183,-30.024494625186843,38.040013571037306,-28.84739386425759,-41.04186462559287,-34.56599059244783,37.510819022405556,-48.08406913792852,11.961222392141137,-8.495146032936711,-49.881530200645706,-44.76517268683463,28.05685554349527,39.692949067538095,-27.09682202784672,22.09935362485927,45.448645981309696,-4.472037450022,-48.907159331776576,-45.61129523530335,22.087825738660573,-45.11744988888195,23.08020741400692,-32.911364640550964,-36.5656640315146,-49.92668485067444,-7.343560518328771,-44.155992758638206,25.166031379588528,50.591118725518264,0.14843369028657044,42.3067717497428,26.815433641493776,-13.211075040977162,-48.342323969190666,-49.61104185394225,-7.026216738800176,-16.415141343947205,-45.4259343319321,47.836029255215514,-14.035461663902959,-21.497282385939226,-45.60073526624676,47.92275137551991,15.642308796246795,-18.1202962067928,47.338858671185676,-41.90093809567487,-27.995136019361613,5.640848295978198,49.878663390408796,49.19041434093813,-9.744659786212251,48.19448406958413,-17.269845119637274,28.45592385004285,-40.459784445692954,-49.37871721723393,6.751058270911001,28.45724634536371,-41.94663858922749,34.7085512332605,35.51347660189644,-16.747549304704876,46.04554058426901,-48.762331622692116,10.119148996674527,-2.7271071713177792,-50.16421685514469,-49.98718740753933,4.885755643159921,32.681536490255354,38.868498561974725,-28.19088346164549,40.61468587906804,-22.557858773653216,45.26024723784979,-14.331315861368072,48.32591511898427,23.550920297219264,43.494130006028406,-41.56101284391804,25.5412039912794,-47.8831097237645,16.320436336951854,7.287567204971198,-48.75019025272696,14.355576734864236,-46.497961036896555,-49.006531872349775,-7.734771657594512,-47.873390794693556,13.178616625205168,8.248758287987133,-49.64222189129532,35.67202141200019,-31.619384854809564,-23.310014186198686,-46.6610844055611,13.825139612240331,-47.729054290372304,47.145988428660914,-18.754575697324217,48.84928758701851,11.5324444467715,34.162877841596774,-34.32008405158747,-7.814201789994841,49.27471006234926,-48.139326106455236,6.633225839058243,14.059678859347615,-46.831033399811176,-8.380854622396331,-48.936228983721435,31.788996916242933,39.315146683007,-26.7927864857529,-42.178204578543045,43.752649232472514,21.334096690440614,-30.223996383292686,38.95745089467067,19.15932579705197,-44.76133061969039,-46.17936533426074,20.441563724445096,-41.13175124005126,-30.548876933174256,-5.49303644000301,-49.22033837836067,20.77319441938918,-45.69027964026199,6.162086821701264,-50.50100374183455,49.18762276583767,2.547679916517736,-43.215895578637145,24.238627935733604,-49.57339291534397,10.318637117436074,47.58679144606853,17.030268502185628,-49.95593321180348,-11.701802369097479,-38.19295235576005,-31.569424452604125,23.40045367314779,-43.81590611299407,46.00804807963666,-19.224878729978897,34.9717099443941,34.608569118684,6.523132229001444,48.18130358908216,-27.11341143767726,-42.20978005075014,35.43929849525199,35.91167131992841;0
37.54981144744369,-34.55242958085388,49.11083691421574,-7.332761403565118,33.84810220599044,-36.80739683424009,-48.20941757577412,-9.325612171179152,5.343169653136009,49.23702034975349,49.80637742860103,4.630590362815212,-46.61349978957272,20.48687981186479,-39.539243161854614,31.319811729271876,-51.33396971337821,-6.694343345844825,-47.907580776538616,6.544842423663983,-47.5837845321094,-15.800046498233346,-48.70714584556312,-14.18462124257467,2.848723332313238,-51.27288332459081,-14.10579269105057,-47.45526583299859,-34.82863097723808,-33.9306975597081,-44.90660642119841,22.893032250011935,-12.334164900038976,46.75079092848367,48.116463269170964,-7.752485204383381,-25.508610134093104,41.675341571479976,8.299573520687428,49.99131829611927,44.25974691916481,21.227082724478496,50.195212970348535,-6.372829776395481,34.396847160646274,36.14211985183674,-21.531877308566592,45.207744679328265,46.540500221095606,22.483853023846965,7.382537561008964,49.20149186872623,-40.15384891304378,30.460201663749274,39.80118762230676,-32.707115400309526,-28.124247680428876,41.22596156583975,49.52299252037069,-6.089146170059389,48.611145326968966,8.213019324130348,-29.876550286103633,37.70300646462589,-36.98497099110398,34.479779421453884,3.557501432920933,-50.74626220171126,47.083759213006864,-16.112136050563876,-20.588987810408316,45.940420783153755,-45.521005896098764,21.352871383793804,-5.719031352807361,48.66653217305271,16.141421736406006,-46.529483270712454,-33.009698354660244,-37.79612072395223,46.672228384808875,21.89200890337887,-39.7895394030807,-28.241821225207403,15.154706332443967,-48.213347530959126,47.02318489073052,9.661041491058763,-47.919805566801145,13.43320958529014,12.511814579898836,-46.7775389491686,50.69139405032451,-2.232950215696216,-44.57654487969669,-25.16190500821602,49.84444005085511,11.275652231381018,-45.25863605259365,15.240740338182004,18.281919404121776,47.78764420459808,-37.079983152686616,-35.01011667587468,9.535116779129439,47.64457643330809,29.171711123143414,40.555192420837066,-48.173325091828794,-11.426597199728805,40.059046601135876,28.29293067881512,-5.643978621956881,-52.15820491466441,47.070509482141674,-18.31589020838455,48.21602628900364,-16.04155459602668,-36.74211698841165,35.98841662155849,-42.03617885132087,-28.820680925981804,-25.50394254236603,-42.104367103237394,-49.451623026712475,-3.4122832102727183,-48.98909365003885,7.959333199046813,49.26960861343126,3.3776218370938085,44.32895938223479,20.040205113880905,-45.12915307010824,19.85445762107319,-46.278394951088565,21.146213779901412,20.892666426580952,45.001562222138745,-50.66586192798689,-9.17280795202775,-41.50348025596845,-29.52409802265951,-9.66225435499576,-50.075997819664245,-17.411603950027814,47.06167764306753,-42.36875290778595,29.22098836552946,23.367734445226386,-45.10377627885967,-42.564070544450985,-24.576985373888814,-14.85184020498058,-49.28271248847764,-50.337726161828044,-3.4364344245670138,24.642064206144283,-43.64292784684062,-11.102651353010634,-48.17508784450529,34.49528143940361,-38.28647834066086,14.88410715647703,47.14673529029743,-15.521610125562987,46.91523297347355,-47.94886453716652,6.608546973670843,-50.1030813820902,2.463267949034224,-39.95029871067946,-31.655574011387596,20.786799549344092,-43.77032922038241,-50.61120188609476,-8.746456494898244,46.53964321747098,-18.98111076327998,-7.025080507738631,-49.369733333715104,21.14082220715316,45.83705115756314,-35.298737022572766,-35.071761322884974,-45.400563809731615,-18.409104848702153,4.117798521588091,-50.66280913284951,18.267439755775857,-46.253292800571295,-16.02070806295368,47.15235598803978,33.984394551192636,37.51373251545261,-35.050329289675865,-37.91080882469212,50.06518551946839,3.307177633722722,11.592237084648824,-46.57875775149685,-50.4901006104857,-0.46445870795360256,51.088032544842335,-0.831042296234503,47.334327363341465,-4.297183659864218,7.43110902005697,48.797928379931115,30.52630409781276,-39.39279858806251,18.689025663702168,-47.63227537071672,2.5421229602708193,49.62070849935949,-28.213047356776322,-41.82328273626028,46.80039309570475,-7.1676139065061975,-7.041758022112301,-50.066920488733,43.44902780986935,28.234525427416784,-49.01199147023264,0.1805777926775555,-47.891658844079025,11.85757121937756,49.853387044729125,1.3195038180150507,48.5842825041011,-4.10538470023219,36.434429078988536,-34.5982542818039,12.274735883503336,49.0128096756437,-39.488073614470125,-30.385030131092364,-50.719585240621676,10.268345829413645,-31.966566214673456,39.35171633329353;0
49.498335641368875,4.541216710965893,-49.43525472013886,-0.34918137480599754,-49.50246982361628,1.3894559958456927,32.27001087479624,35.988157553453284,32.27746935490909,39.9999296074098,10.353748488366513,49.336565943938076,-42.61676833707774,25.65204132314358,1.0191301929967893,50.9956504301626,44.070250175704615,24.66714902775949,-27.41946007827961,40.245890009338886,22.711916547676825,43.99844327017637,35.735298602320675,-32.61561454777004,46.401136934481094,-14.223221676719948,48.28463876893085,12.324065088114896,-16.812841420715042,-45.064080488491705,-45.14531935580414,-20.039428479809835,39.99774680483019,-31.112083028442303,-25.743640347423305,-42.019672738578684,-48.336978915301096,-14.721357105992695,-13.327896705872682,-46.70106190605534,-38.82738728717836,32.42407434908773,-15.543351340792722,-47.53031157050087,23.623848867745945,-44.35757597301407,-50.08659076463864,11.006661496858147,45.950839191654765,-18.129883212694242,15.773025069966591,-46.53277877258353,49.66729472563231,-4.305079717458735,23.097181460278108,43.58531744386732,-48.49659413188277,-5.36736845464379,48.11864801420077,-15.923178023989628,-30.23836976999043,-39.92559915968938,32.71820580204929,-38.09662885218312,49.870686435106386,-9.544511868666488,20.49491920889309,45.69449732189275,1.3224395085620726,48.473524045736305,36.10571193355726,-36.9055456661537,40.55101008066603,-29.342515052865103,4.642409810003003,-48.042398969543,-29.395006186502428,39.19044280665089,-49.46940628368877,10.708344268018585,-38.905093020407136,-31.625921071567443,-51.02236165234267,1.0341026060700056,-49.137066816594945,7.251997372984542,-45.61411810224272,19.09982086123571,34.13219921797894,-35.66017962707928,17.84956766351179,47.113992904929354,-19.534320139942725,-45.283749954553265,-16.198111026283083,-47.45332256920682,44.01153317157576,-21.5735461144666,48.35045839109093,11.235723828456235,-29.281935677141547,-40.763738938372576,-33.524806831860985,-39.16384921133177,-49.47392106626406,11.093008373394879,46.50971747886745,17.219607519398537,49.48604272853331,13.196117939798613,26.114664777276992,44.26901460647001,13.67252392964203,-49.34559938078899,25.621998928943988,42.64334031583508,33.483708880132085,37.6203160356886,-28.523028507043477,41.46997469408324,-50.02108687822031,4.503036543398244,-16.11580129836794,-48.11820144774271,14.692160300742612,-48.003073867345584,-4.778726375418138,47.43849449931076,42.82126380273063,-25.30561843099813,50.715040654646735,8.808278198043322,-36.86853242393209,34.25116533606827,17.144944151753855,47.90516352528186,-26.25576292982919,41.94861558413591,-46.329003953845294,16.196728774074018,-50.52919517277381,1.5204729061721054,-42.75294845025568,25.591607887451843,11.977818867399499,47.931039551290596,8.7309290489414,48.05506693474131,5.2652230114142835,51.211293599755884,-7.510746275841526,-48.84352265721584,-42.627868255532775,26.03298119600888,-41.74341391246679,-25.15734175049687,-48.91086069298628,0.7951675577114683,-44.162251922415315,21.64152120768762,-5.871642370341826,-52.00759243328748,-47.03669871942035,-17.4742737409522,-14.01827441581949,49.5439391573229,48.15435805803567,-8.11875771241567,7.7463547799362145,49.22418985603798,30.867076403863642,38.00378705075896,-37.14836842237236,-33.670822850510625,-49.26683181983176,2.656066534400747,22.143164798087486,46.450448766663435,39.134279389346936,31.862532357869853,-48.837363256783306,-11.34233939916345,-12.780506754757326,49.23812957592277,39.84447899573222,30.329795876425543,-47.8957758148231,3.6940893421830427,-32.970421188956394,-37.284483584589225,48.6128826223471,12.019970660288017,-50.72928765997677,-0.9778137449463489,43.51648287605936,26.351271463495692,11.663633685063255,-48.18278433268827,1.8352911497071909,-49.454907626326786,-3.5038151607462966,48.58510764538773,39.098363998715946,30.065395932044936,43.54720940734841,-24.514790719202093,-49.10047991938919,-4.830646808213147,35.66943826308445,37.600488990086376,38.06366045311672,32.180308275919955,28.825324281144137,-40.891463305656906,-48.5464461350444,-15.310517506584299,-4.516614388813723,50.78213190068433,-43.399633493733305,-22.728626955275086,-21.415030066350063,44.68671554048093,13.293036091004797,-48.334131239472384,-49.87720633938404,1.964448882340499,48.307371914767465,-10.56206055780949,-49.770871451025315,-8.067728272535211,40.45370961785873,-28.319097252971872,-0.32241211425019817,50.67744784898852,-47.84126917945104,-8.085216377841927,-46.757291746714806,-2.2787901677915823,19.147822101296896,-45.53116806827986;0
7.384892436050802,-50.33929701969586,49.868514544581586,6.0301527116703975,-30.978620509673373,-37.962721828761204,-0.6885966029350126,-50.34746988354122,-50.436826305426834,0.6101332072753901,8.157865322024088,47.755812049498516,15.455361115259679,46.04080250038533,4.542112694226302,-47.4252649773269,25.715325321042602,44.02631147821854,43.51607783083866,26.516330415254174,-18.096884013255135,-45.26461807194682,47.64147411870895,-15.563091099157335,49.34465264899067,1.5540877479639568,-51.07919477654384,-4.048360367829485,20.509200951374112,-46.15011113559782,-36.02959360561913,-31.031463448125926,-9.114454757821303,-50.574015228762576,-13.05252619978753,47.7984356563847,43.851932338871556,-23.083683820286332,-12.160289171005621,-49.155320449084144,-47.89184107276112,-12.07212341342909,31.853677533985273,39.370923042993454,-33.64028455208915,36.21551682486042,-23.178708341418776,-44.368813152277575,-47.40481343375709,18.41621696803116,-44.82132927643154,17.161701412727652,-35.70690580354873,-33.769134665144605,-49.36884565593928,-3.4604404022796227,-31.583326699309936,-41.7199958868782,-40.59123911316332,-30.444085905072903,17.27702606736978,-47.53515003366195,-51.24929486484817,-6.167407389738177,43.08756656384034,-26.584406528685477,-21.784370428542267,45.08215427153864,42.687324079663846,27.516271018598612,-14.6530036112881,47.18997812717233,36.29491405707796,32.14663531900292,24.25771518802282,-43.269431192260654,50.070121761224975,14.637824436334366,-34.823638974853374,-35.81741101105091,-48.18741457028816,-13.946109059782032,21.439550767524604,-45.54355104565386,14.68526969778319,47.32654358310356,30.7115981145921,-37.893638494057456,-28.860579709747096,39.12119034662882,2.627076208971575,-50.55065895974947,-14.106294064323489,49.132260758808805,36.259010711278115,-33.15507721034277,-23.97309935035733,42.535823943448776,26.434369573895122,43.06787086726063,-39.84963157081827,29.66841051368935,41.22248944222487,29.04499079581793,22.005211504477998,-45.46512795806377,28.42367430639158,40.768330116682144,-38.868299551415326,34.61857087344251,47.46804711280153,-15.960885318545937,49.285438311559595,-3.028827227947473,-47.439505803139596,12.022459887863223,23.16222231752039,-44.07396169626296,-1.0066092935973805,49.63796525420989,-40.494473147450634,-28.755180971346118,39.96261085706289,-28.073474984140578,-48.598127006916755,-10.522411582336249,-42.0867028302718,-26.395708785844995,48.198776979729814,11.353059583331804,-31.925868969359687,40.18952825839815,41.85604361135491,24.521637118383403,-18.515069600910376,45.38604829648982,-25.292032069406186,43.44848726729685,8.189073646452144,-51.13896975499229,50.106418964291045,13.585805287934708,-45.30576854743105,21.14296341393467,-20.7898404618073,46.484891065011894,-32.64395134949766,-36.40163431025681,-29.13941033420255,41.66260931845324,48.14162907013709,12.527556544067792,38.33248793868356,-33.96717111637631,4.7751110723899135,-50.895640338469384,35.313884021677445,-34.576649890747994,-44.0174540722402,25.372460401642726,-38.95791520835659,-31.570865193586624,-49.62818544731001,-4.221594487557033,-41.01065651936553,-29.985538880447045,-4.669404754700009,50.06324643271918,-14.696964735787754,46.49732865568174,50.581795386649766,8.128394773321533,-17.632794088768733,47.57011537828206,3.3741836280918007,50.202434518910316,-44.444385932499124,-17.38805034189154,-44.931674809832415,-19.9924553660787,-48.410825195927515,5.385113301762712,-14.141445997648182,47.83880663774079,46.484593202862335,19.829571665635832,50.643101530677015,-6.277597789637364,-26.506469605482305,42.120440709287564,-49.81190132125168,2.3847800616119708,50.237751751431006,-6.295956073267297,-46.81772339459406,17.484921692661626,-21.26814871537106,45.81919431322954,-48.00223101226555,-5.964041477114149,-43.60936778251551,-25.231608293033503,33.0598973216937,-40.81569141281201,47.310409582315316,20.190540113667886,-47.80576031565982,11.866186334746425,10.034155072333604,-49.1623478225143,-10.740574172532154,-49.08381638363835,-41.77164387057389,-25.35577532345637,47.764622468509835,12.706383749836064,-30.759494218573135,40.53913716355142,-47.00169228492275,-20.117146497826322,-14.290387239251405,47.11614055806294,-51.36500320069563,-4.40972952589631,-22.37097853176056,-45.05900671254633,28.219642699936436,43.08841525841359,47.57952223947165,16.76723215434802,-24.34654008327591,40.596435627412006,40.067225207223125,32.009444154835236,21.2771424139492,45.75766126446459,38.07360747652534,-33.44635570520438,-31.663294909552018,37.56987638423213;0
22.030041910469528,45.31415666914718,49.57742500319046,7.894601211878625,-46.468840090626294,11.415588312069778,-5.909318355302051,-51.37473723369825,-45.895170421786936,24.898666903021113,-50.052507209770106,5.150788625602166,50.355419786073305,3.921493545015474,-49.16055605047471,4.1138869231077,45.16262097769823,-17.658465163346623,29.776638358784272,-38.47074926894589,-7.406629916831658,-49.58733797809236,38.353120764933564,31.431336453438632,40.95501794554248,-30.538006205482002,30.712721540711062,-38.93550177461289,26.19480536863741,42.05691917519917,-33.95351857013708,-35.40423044814448,50.44261607089066,6.37256331286211,36.66490686637337,33.31894468223353,-21.80196115956513,46.65847965648682,27.68394024861243,41.999615879221516,1.5221017650224054,-50.63540196802081,21.31195746582187,-45.21166799791375,-28.50325083500404,41.92524424176729,-20.00812459009977,44.72571823435671,37.66004519320229,31.401718354762593,42.04831832761853,25.965113487898662,-11.093209820084253,-48.296302991480935,-41.707118785037395,-30.319058989556243,46.90425725049215,16.722664465716825,-49.47763007634707,5.6308685545208474,-40.10415083626499,30.761025476811113,30.41985471436601,-39.210899086752875,-9.960901960724398,-48.061692791299436,-40.4431446214014,-28.991393554293126,-47.694500407623494,-16.650311288871695,46.82053647467591,-15.019650223817164,50.10022475257471,-3.995480703808268,-27.41298569076341,42.68260895748964,1.7380986932039437,51.375361666899614,14.250574007313556,-47.69246262520001,45.94490827270106,17.8940301784044,-34.34669522086992,37.55697865061893,46.73077352213871,20.18020901316431,-21.814475604059933,45.27833989057838,43.502764462954175,19.700317255298025,-12.926162307873252,48.363216617383635,12.074089499975278,-46.88702533639507,41.2603950035138,-27.639696080763446,14.828481229595306,-46.5140724737288,-47.86498011998251,-19.313502241969754,-36.13070473417658,-34.68376029424642,-33.15291733869201,36.92939609422855,23.05067893902689,42.500941745144935,-45.864320559959204,20.767932692656508,-3.8570910921803288,-49.697271610544014,44.17666626511968,19.18998818218123,49.237145934644154,6.847371877455612,6.309033522565244,-51.379974188044336,-15.02322679384227,45.48964716710462,-15.792684773413738,-47.35283018130787,-4.458964045009464,-48.196817914289106,43.259913537327115,-20.119812153627205,-39.822031027576685,28.9785113885948,-30.853517853509715,37.73461190321602,18.056217523701093,-46.336812105762775,3.5645950317114155,-50.45952927653516,-28.91058754733018,-41.58428758083538,19.73261776086025,-46.20101616171872,-30.0172600504987,-37.7901991117732,48.28407703700397,-13.403709634625894,-26.093724684912612,42.41141556040129,-4.488388355150794,-49.51600988758441,46.6529511488639,-15.42198840122804,-25.08733986919797,42.642207825662474,-38.383055317846356,-30.819194537233674,-31.61124604102957,36.58335619576803,-48.741841886192425,11.593093006652822,44.2742753928677,24.235220727995557,50.31762228079409,7.32186247012264,4.80649222507494,-50.34844356593067,-48.000735087194485,14.664583745459602,-34.80717614800786,-34.9619150976395,-2.508940582499441,-48.732069098397304,-42.448274689332465,24.901466372243434,-34.46666350214444,35.402572718546345,25.476234970446757,44.12413211871986,12.671553981593144,-48.61738547794732,24.470644114492888,-45.022628064327876,-4.699961077131904,-50.54126083657154,35.12631095603775,-34.55013860225719,-29.976669977416805,-39.54589544115636,-16.1989863257555,-47.124772716272275,17.570227191355073,48.69109845562194,5.357329715761175,-48.065799900969296,-26.117655673370933,43.91245033136402,-46.0780862244876,18.27155531397756,-23.614750019864672,46.9862558144209,-46.62271815318975,-21.76462036376094,-27.007659834047477,-41.937711729106695,-44.19159381995246,-23.109808694726667,-22.27190270659811,46.347910785354856,9.079773230465623,49.2162543611855,28.66263609729829,-40.182654847728436,-16.314076457232566,47.032845798276576,-46.513456281947576,17.07621963673297,41.2217911240744,26.161116587477885,-16.892978017578393,47.624561501445825,42.614089908367326,27.235975244330696,-26.279967299771513,39.69743498930577,-12.524487403932406,-49.375245412374774,49.88886482463318,-7.9835783109738845,-34.374840054541224,-35.09441785504944,-5.288321875771106,49.33411224500028,-30.166643124766757,-42.83846949373819,-35.76369351433127,-36.286495372370915,21.869742047396056,-42.823746628530216,-49.051854292802524,-9.210332078345292,42.06588848840852,-24.83888230676256,-44.317709271950754,25.915406966775446,-12.55717766475799,49.165252122342174;0
27.923422239196718,39.94640540320941,-3.8128227032801734,-49.0996838629903,-3.905766465236343,48.85594768439439,-48.008729984944026,-11.966689883408385,49.254005675027834,4.770382695841732,42.25870126070737,-25.62632654128287,40.598379450501426,-29.287322782788856,48.65081574302627,9.857510912311312,47.079261393718255,-14.142720317699506,35.5834742336653,37.334846480825796,-9.04174972523718,48.28747405088349,-37.932416713679096,-29.681479743492993,47.41191125113239,-17.80714344775984,28.702556937672522,-38.97401325627134,48.71095904438229,-0.5648367941915344,-48.033147616796235,-5.186720178955226,-47.31346349817713,-16.3045746315188,-50.45341406806376,4.938696294359068,5.200662288092215,-51.1888787211869,25.83741698848728,42.58582557592357,2.978113531598382,-50.77042958284559,49.695969247571306,8.208271030844122,33.19378486791785,37.581192865275,39.1730935191369,32.302429710678425,-19.10893756916108,47.3434003885426,-22.610032919274463,-43.575669420802605,-51.804783015162194,9.728333180010694,20.86120255990234,-45.69432778705616,-11.642637612511605,49.86922714935804,-5.240055385204842,-50.655218159436735,-16.504381465062387,-47.737160514882014,-24.129746190038954,43.61617930892225,-26.48916561592142,43.3676539392119,50.26149422816923,-6.437123307050438,-36.56808961701352,-34.37329125155796,47.8976776236309,-17.84514834563856,6.075020713862437,-51.7347486491588,21.563833436853624,-43.49136410499208,-40.988709311586256,27.032009121969015,-48.56170086520046,15.405093004957418,-42.363993482696046,29.63920668760824,49.684849102784916,-0.7930067859486568,21.85335548791971,43.82172754088709,48.82782470589529,-11.992498590026191,-45.12265554454308,23.130227840848203,-45.421068616651354,23.014380101200253,-47.900249165461574,11.445440769863339,-36.276204894628854,35.25629839742425,-48.263566715903856,11.828663392208693,47.84392085774163,11.242350924925852,42.76264577505998,23.10100381752666,-6.774936012583587,-50.26498159586994,-33.299581540015566,-38.14967078639567,48.6295834587806,9.090022544704471,-16.460663724369077,45.940992447610675,9.613371897506,48.545473003702696,47.832703419949205,16.108400604617948,-48.15814402780449,-8.515772164231382,-44.45727818186137,25.776910332948198,49.50175318397378,14.12136822131396,-43.34472849439517,-20.448352593206486,17.287624444023564,-47.41706838159172,35.61054532276114,31.167542113494896,-9.287635578241739,49.77649437734208,-31.65673993372042,-39.523759976981594,-49.86442324943488,0.6224257211499413,-49.57747075239096,-3.015742504495524,-47.26983953602193,12.146254741114596,38.69309657563999,-31.246110998884944,-40.968829308927184,-30.673047492239068,-40.8330417885781,-30.350927558702192,-45.78276450479987,17.607934152639576,-49.13206053539372,8.891125966257183,38.904055012991684,-31.134239277937183,12.632536825830886,47.11390483998551,47.22388304198394,-18.224018307510946,41.75055947140981,22.8641900249202,-40.99569536863384,-29.21658432920022,50.33476643743763,9.638510510795966,-25.859048963056598,-44.041928194893266,-31.34576485827843,-38.4417920544956,31.95443528755389,-38.50239855453189,45.884332676747206,-19.620007879823675,-47.85156562761492,15.863765099954717,-23.404962011710783,-45.126703273894734,45.137028731170204,-23.409655526584153,-37.39059744396808,-34.272397489214676,-21.988640444584625,44.99079459128902,-20.56402458264143,45.52153449783845,-14.433535490918592,47.62000771527008,49.845628091284176,-13.339338901197308,-43.87108747297789,28.021907100204892,48.907319716309104,-15.307315330999291,31.24154306240221,-38.864348015443184,-18.0734592207748,-46.52201596441548,49.500509600958665,2.664994651678561,40.06872773549421,-28.35359098879559,42.21734843567169,-24.91319932210474,48.809091332779886,2.2665976550404063,-31.790750320107826,-39.75594532645894,-38.47565664935145,33.157593762261314,-40.24706136625446,-28.896388086545457,-37.75645344435615,-32.084751028894246,-41.142613440472765,-28.945781031434407,-17.733968742851324,43.61490632781619,45.95348364541015,23.018920088838218,15.496744624607592,-46.7176044674655,43.43301712501735,-25.892264351080478,17.282206740967215,48.31376781403764,13.366049707764251,48.66243439432296,-35.23038179417739,33.904088545950486,-41.12904833675125,28.79281635215486,37.49859561241281,-33.69005379575037,16.0710703914185,48.108234612858695,-42.9277207712143,23.058286908978324,-30.416892731981616,-40.76351857574608,-50.049785513890185,-1.9721025935860363,-22.60235739901979,43.42361227047615,9.2740307994883,-49.395304686561936,32.426555353571466,38.48618078357099;0
9.42500136599046,-49.03669359706732,1.7229296452996201,50.568846090577054,22.846091383265325,-44.99138588843533,46.90125042061341,-9.846437318776152,51.01015963446727,-8.064023131384259,-46.546170489730564,13.759207497457906,-38.531767151189484,-32.28989537373317,6.8645462585123065,-49.70487789293312,-32.390380983635524,-39.59288903951046,-9.516482847868353,-49.64317246946313,48.50152236501963,11.04513257177702,-16.234187901583926,48.01826397521243,44.84039983768837,18.026624244391044,31.23523233242251,-41.427461521030196,-35.21654567310182,36.9186720173056,-20.881644931668422,-45.71529224964525,-2.5189690994246527,50.25310802722334,-28.61692894029539,41.710115097578786,50.05633633367998,3.860556873669192,-31.065455597208878,38.092615330228206,46.44711675043737,-16.24823057895533,10.4252437334978,48.11860669944291,-20.224005094985554,43.7833698568025,43.20966236240222,-25.63092539601425,49.311666401795826,10.092633108697212,45.725477128583755,18.644927842971796,-35.14898722326746,-37.07226793132231,36.08372143514414,-36.2617377435882,50.42621297003994,3.656744814686583,-1.9196862401900874,-50.504880751183066,17.02628376950525,-46.55598273097661,45.160873338109404,21.95348327667275,-27.373490770954064,-40.820714121190036,-49.555322398179925,-3.3463652064519644,-49.372795134476156,5.627629709966166,47.64543387598262,-11.389508104448108,49.491656624288915,-0.6824559804537204,1.1040156655558024,50.26882720759968,-10.99920797034405,-49.358707086332316,-23.63711225958711,43.63208380584698,-7.693172394378432,50.358104538255425,-17.56263722927445,-47.60208437418007,43.568688141228165,-25.44442427653922,1.2371895151968078,50.90834356610827,-49.49921903661064,13.384641530611468,0.23891110976090224,48.91506942842307,-35.21045667942576,34.38435285436255,-40.13156677982483,-29.66236802782847,7.080341921285344,-49.746595991708624,44.93819102453982,19.853515560120055,-20.09748682584214,-46.26355190375407,-46.956660806966305,-15.18260069744568,32.647779225213014,37.72963470302068,41.15502215632711,28.99911888907339,2.6640252754630964,50.23778588263791,27.269065403098516,40.65646940973931,44.24978130982319,-21.465464305005778,-21.23913730859163,-44.39257303098836,4.616725211691205,49.18717788107016,-45.69453411920479,-20.930119681032053,-47.934851821552144,-14.017303578328434,45.3938733821318,20.78697899767031,25.299821777301776,-42.13866329960568,-41.795211605292536,26.470140006938866,28.956572127833308,39.50087866602803,17.67173288956116,46.99492883249805,-50.03079973967554,4.039629232342164,-13.647863566286428,-47.98146147374588,48.96274124904097,-5.660618813354598,36.27091125157128,-37.33061235956307,-50.087189877657465,-0.0607859009073215,40.35757369049853,29.62377703341895,43.09879906403835,-25.46025531563169,-33.06420628448666,37.63068263177128,7.172837822352569,47.99651690519007,34.24676987280553,-37.8535643604825,33.68427059985132,38.7369984883288,2.8623357098901154,51.0217742341651,-41.46170451295691,-29.731031879514877,-46.75316081082922,-18.971156397524954,48.24162773574912,-13.837375840529804,-47.20156959662053,14.255178846824831,33.95155461360349,34.966325020472674,3.8197804073539965,-49.05062736417642,13.906150809280307,47.40057757096958,22.21088139287599,44.80398803446069,-47.242179259232465,21.22791162212358,-26.592872703322282,43.05089727010088,48.612943315963115,-8.123135623526863,31.573786367626706,37.31261755140922,28.98556174930471,-41.481777977681176,-25.318045027727063,-43.784410869731275,37.76038334477962,32.40539280143072,43.11643124393004,24.932956293649568,49.552640089562104,-9.412291616373153,14.648631284174357,48.273178198791975,44.18555264154923,25.431513302340445,-4.648109451514506,49.58089405364596,-30.223095764651223,-40.103778075867275,-48.01719651401762,-14.035326466861537,-18.752997175809075,-47.640637386669844,51.25409914106514,-11.114717905179136,-7.665482093616755,49.582574755330015,4.785610647201969,50.57947840440533,29.02044178705207,-41.58698333616201,7.875494342545574,50.017381335953075,-19.52494531913152,-47.20593389246088,29.666329398107923,42.23542348317803,14.178125300773841,49.45659347082649,46.41527514754901,21.013795229889382,-0.6705741604085209,-49.227851916638095,20.732549443978012,45.180815879665104,34.900001200317824,36.4033241530505,8.022132605075656,49.394801443347674,-8.522912797539867,51.63560160647159,49.92778076375025,9.011520538507485,-1.3666938427412565,50.09795322819844,-24.960041099548224,-44.59792940818386,4.8313301224071905,-49.12507781274122,8.453150446419144,49.825815249759266;0
-50.01775771803851,-3.442825243077841,6.664874150032353,-50.60442548398837,35.809945708906305,-36.8669859647027,49.4878856933414,0.19703316506875534,-18.722505963035434,45.88053673527533,48.19785307851169,-12.491011182687076,-49.65410983494899,-5.290368729542679,-19.759579062967,45.82792850227232,-47.94793723872487,-12.275577818785523,9.05811108549013,47.78156007430059,15.817791015619372,-47.576737396182466,-28.12289824361218,42.014957361615586,-51.88674869304634,-12.727101170910382,49.06551172941236,2.8728943978013897,-23.864200514541096,-44.90751860943034,12.392439033810351,48.78609094822141,43.50583163229316,-21.918955511680657,-34.66628604278481,35.71591022384092,0.6426908996766527,-48.59582461899733,2.432822332582562,-49.87156429646464,33.70963783367178,-36.1853015752109,37.65148224368362,32.047150765092645,-12.993721088173057,48.06634673353305,-49.23742451369219,9.396485568172306,-22.655715511907395,-42.115119738415686,-3.278277196791819,48.83447499457882,-17.17980937406512,-48.62178249060046,-29.529089176603726,-40.19969745438862,20.831238008366455,46.04411688841798,-21.69859960697361,44.95245709126341,37.77680259533686,-33.97322942271775,44.82671869407434,24.618434869225098,0.7041769603581713,-49.30990690398544,44.82927283114224,18.659922026028916,-6.247979100053314,-50.29997981875474,-3.022288258138034,-50.10638192203255,-42.590381839939646,26.482266431688522,49.904838101385835,-2.798418977153369,-48.3996068384611,15.103660534668784,17.868451340336776,46.747805022705265,-29.940800604610175,41.169550372205684,-12.917477364566782,-47.17881283261204,-31.82607899752859,40.10934775163284,46.64541094165756,15.595791733171307,-19.83687394430086,45.187126530252044,49.28740740775753,-0.772697626540961,-10.483813861293479,46.615931764442166,-48.83225099689596,13.112578882550755,-5.126956999367805,-48.42430946311255,44.41905123730171,-18.92411388572086,21.83836971067833,43.50982104488639,10.718591531728846,48.97399996409959,32.26220572524264,37.0225495291571,12.84705419823738,47.87166319075515,51.90197781199356,-1.9758307773008594,2.947639352226433,49.11203659352777,38.805038823525486,32.00704253354953,-51.004649244707316,-0.1861563323112415,-47.021917926587605,14.134430659463765,-4.991861255092697,-48.53895380885264,-35.66771458228839,-34.210708245392304,-39.372001029878774,-34.86762917204342,30.012331014760676,39.06212510414394,-51.91258882157657,-13.077040244564744,35.884824940998705,32.28651010174315,27.83641325301655,41.00333394760171,-48.87615047244232,14.466525208331767,-44.038730514176486,21.123268002653038,-6.580728003509088,-49.584229977676344,45.09766652337307,22.115047934432305,-9.337773086763644,48.18004774866899,27.974289301265124,41.91754516995194,-49.99958548523358,-2.14817021039226,-42.95131166882267,-24.376623978499584,-32.01815979422875,-38.93092900485819,11.500237114873439,46.75468282969116,-42.25535832734028,25.014277984230624,-48.254800960080814,10.07988122943979,41.157180119486874,23.82031650829728,-45.637025861513585,-20.039958251658135,6.505747708527599,50.494979951731494,48.70627115233462,10.209752599225915,48.232951778020094,-10.648497430133693,45.17737245822298,21.648556961961585,-6.120282952802515,-49.59282689341153,-49.341919714334075,0.38329703692978145,40.34451871607315,26.54728199542026,-51.44969361251168,-5.75672910882531,-45.7709708404131,18.420784413283112,-45.67453388585126,-15.163047641228427,45.90055458818846,-19.653676311009,50.65579798554099,-3.6110160832299725,-26.417046253312304,-41.886227143543316,-30.108800560458775,39.48510975343328,-47.066471845908204,17.0195806179834,4.783981415944843,-51.27463182955076,-34.16554804135271,-36.035030891806095,40.15023679411077,28.974686504065904,-27.114401597499793,-40.728172477356985,48.588634428995405,-6.749460527811864,4.3073923512339265,49.26224541741012,-37.60402238369861,30.573972708356266,43.563581662827225,25.250252456346754,23.91756700183542,-45.327100759585655,-11.350943559986321,47.14241358486696,25.764743407040708,43.14887456920732,26.471651006801658,45.039078545087335,-8.720124576749484,49.228962513819,49.75421438642627,2.04597319914729,0.268668938358234,-49.62825426928678,31.693805582666887,-40.02271053949485,45.54221597883867,-21.811982553149956,-15.785909081661854,47.92629376501776,-48.94000737246744,8.042117023270647,-3.0710573769795197,-51.38896275258778,-30.28264829934118,-40.687279658635795,-5.023422871627723,50.191424840023934,-38.64561489289917,31.196075599077403,41.592291592829625,-28.17417262914587,-7.146932742745001,-48.99640655327206;0
30.636088346205646,-42.365928799389856,20.97050102118311,45.3789479767015,46.06345489340167,16.562085524647426,-31.744552037666832,37.81128695822726,-9.230207680608087,48.750299482581134,-49.22221867704292,-8.235511923508522,-18.244477491413058,48.45682344074692,-17.649705418311694,48.49194984136752,40.34976133406664,33.58980487277068,-0.15635563892988127,51.669013206123374,44.60635444651819,-24.2556751351779,-4.616552069796796,49.4164230788822,-10.185229103623593,-46.61888050457444,33.75075962126232,-36.91526726399649,17.074375004747356,-46.49035263286439,11.984078300506413,47.751665286962506,24.931483764678923,42.919005560566646,47.992338238928134,14.356702940832696,47.76966988933977,12.775805936180477,15.962717620497985,44.7533908919493,49.74828858656347,-0.6346908976419259,-35.11666310241125,37.11502988323466,3.380478921828792,-50.3089548977293,-50.07412501225362,8.926290167707192,-51.533319274966686,-3.364283446869408,46.432653223522344,-17.324524187543375,38.317675245979224,30.556230232079926,-49.9750579010397,10.826277155945235,30.647027646139236,40.24975462435324,-48.21970405632156,-13.044240507059268,-14.638255107508757,47.42077621347113,-48.36666679981387,-10.20557002525131,-24.363506528250838,-44.05069156839914,-32.40468051602133,37.21660200435815,-34.769727938713864,-34.944679022817866,-32.801266231266325,-42.531914377300126,-44.490442924441496,23.264417532774967,-41.83029780857575,30.732753947532412,-38.49278562217208,32.63855257193235,-42.51489446693248,28.450145837543715,43.31174677146892,22.424094188277714,46.52111668815748,17.422729660101883,42.979931270167036,25.05680929039435,-16.685708011915686,-48.662261197437815,46.70842787149984,9.870743278163971,-49.208590146454824,0.7982125712119564,32.696717979150606,36.10797874668724,49.656702367469435,9.190741547745686,-31.98955749814432,-37.743146903740445,-46.02643030278401,15.874108837974456,49.21362872918303,-7.674938720351655,-24.628878031901753,44.832288081411505,15.773970412749991,47.562822005562005,-20.5512596140638,-44.47739223565747,-29.522653835783167,39.62392259650139,6.320208791987962,-50.80902274352629,13.70864568463931,-48.42395956750178,-47.13027175829452,17.74007032967601,-5.344245270990728,49.275754849424445,48.30920664073993,8.652716002923714,-34.079077250644765,36.33469633332567,41.74666758753025,28.56814857262426,-5.4336325278039785,-49.663565392328884,-48.590239363481835,12.78750529570527,-49.88936841939924,-6.532815977896,-19.804567364142855,-46.48522750962067,-44.1127467644263,22.713913193196213,-37.81876382475771,-30.53478054071871,21.661238535905923,-45.560173695318184,-47.279393777615965,15.219192133957769,37.21437051738043,-31.482656890015853,7.667810841085011,48.24329993654397,38.723841417736956,31.067333512740433,49.010275837943894,5.176840485052455,44.66432941366863,-24.481765848155046,-32.540494706607774,-37.81956257398546,9.528081537537666,49.90571987790775,-46.901889599431776,-14.193969229763505,43.61465509031726,-25.321869189328048,33.84740774001396,-34.95835634575517,33.37857203349655,35.39604238846996,-15.398918583514366,47.57403219493289,-13.933691123185767,48.148621331217925,-44.67777673417679,-20.35303409173827,-2.9850297596261646,-51.10364527930473,-24.928025697036972,43.729307671413856,-36.76266286832269,-31.15862760503451,-49.67732794945448,-3.871495086312981,44.706954751309674,-24.86194405447145,12.903467379599764,50.27705247317664,49.595153916285895,-0.037581863700369866,46.20127300413741,20.729538135033188,-44.260302498188715,22.43982650832751,-49.081184771001354,-0.4383085612051463,-44.68143242342024,-21.593371890191133,36.286670896978706,-31.86776449263531,15.050372532935786,45.93924218010365,-43.25320095677835,24.560976565255512,46.39606964548172,-21.45247466877426,-33.28756300729397,37.65860186462903,50.58171250488543,4.447411469065703,41.60009734259419,-28.770748610131353,-36.91663957566398,-34.102678292300794,47.11625259420958,-9.082472038393531,-34.84812095557587,-33.83688958675893,45.00796755952679,-18.882165996581207,-40.71231641089604,-28.749261952043422,30.702531597481464,37.24202592597073,-22.103423060332034,-43.96519421455997,-48.37256559384546,-14.36858418473458,51.138886479634465,2.2285582547316714,7.164232253826282,-50.16128731339458,37.24891681691568,33.96646366119767,-51.16990424617791,-6.192830384955993,-25.079858422927487,-43.06345349720117,4.555023051770435,-48.68911992919475,46.80205852450098,-18.708933266857244,33.59560796316371,35.295047298185715,13.140863920919372,48.85358262217021,-32.64608543810251,36.705456237984;0
9.945239024679799,50.399246262558236,-47.18701512654603,-7.131780166984121,-47.13809356666016,-14.591448459569996,48.41980607893955,15.955847318204787,-31.531315293942836,39.4921538231415,9.022274982335807,48.61614332984238,-17.83524853772215,-46.757973666344725,25.921742379057825,42.789992303781595,45.818153360581384,20.141595244195376,47.91340960407022,-17.200067467061654,-45.87923025233745,-20.362250072712573,43.069761687280774,23.288036345545635,-9.294818321875896,-49.233016744639656,27.61323814854872,42.5816616753063,0.02256601937389567,48.99807190030953,-11.768595780870745,50.00566092777811,-17.263417049407458,-47.546195485098785,-46.489694739829936,12.611550049657957,11.108683760298426,49.52348566073287,-48.596549557749555,16.377036680619973,37.51864253128783,32.5009532400721,44.03719182836072,-25.749120762067527,-43.89426838395507,-21.39688042485783,-50.44125475584775,8.122416771341722,-20.40776781519236,46.18474103947159,49.41925420439636,12.140697297972432,0.34113898215342203,-49.54058509471483,-49.175673628405285,-12.764175617321317,5.831824819772067,-49.236962915340406,12.562556757897825,-47.68866954012655,46.279766249660234,21.83939656932709,-25.633105511477865,-41.946473255041255,45.65117963797136,17.79285467387626,-19.466331691068003,-44.51884644897282,-47.20591419916815,17.576628070690983,-49.3983313050046,8.748126339352938,-26.144020836549505,-40.73342829384367,-18.118057511038142,-46.673599521803915,-4.716304676189281,48.643488653084276,50.215320340028185,4.31669309901408,6.384757231135893,-49.88191294837791,19.636714444109174,-46.68268798527062,33.391691607784374,39.28719024894098,-43.99272261878458,-24.62014833219441,-27.39702420357554,43.15460626384648,6.577315332629795,52.36896355814542,16.741321540180184,47.56977917194595,-6.721549894760166,47.750356531227666,50.31451896038713,-8.929160838821964,10.696526485760183,48.489319721623076,-30.474270519227936,39.9423170507531,50.53100739623013,6.478018685729208,-36.990471292778025,-32.73119734879501,6.612778801981731,48.85236867363241,-1.6358157638012802,-50.21176223590022,-42.662820805136086,-24.427777666131426,-44.13214435327096,23.121691532121933,-11.630558699701517,-48.66276226181728,49.21380987285039,-7.839130489404378,17.842615964978577,-46.414716577390976,-44.87351237535368,20.060181985577543,47.48974727007059,-13.183805267751668,48.67792142855759,13.081758634382936,-4.778817429980847,-48.92052212118471,-23.06054384942499,-44.85950286982181,-50.97519949984155,-7.767584940472451,-46.30595234471354,-20.230711231902294,-9.77594799081459,-48.39549074627137,-21.239275345167023,-45.74686471398173,14.75941692196629,-47.856645984763986,37.00698353559168,32.51093301612476,16.092483594498134,47.359535097683214,-9.029946283413981,-49.57064529633594,-39.65597362387293,30.694337000794903,-27.54669031169732,42.675710416043664,28.992397523052713,40.51241152737357,39.70384404375816,29.03787635239665,-42.44072381342627,27.647633140491788,-42.76454990753748,-24.444204533325124,-2.128027786098567,-50.875495386104504,35.13801159020441,-36.674309506881556,48.89467448130632,-11.030050630836103,-48.85621020735911,13.337485157076488,-41.49636967922773,28.364951187214714,-16.68729167800043,48.5861602445186,25.036100492651403,-44.00462557202169,40.72521795366218,-26.768900517487598,6.539361228494881,-50.90533194609019,46.866442961472494,21.2590283951972,-41.556816838354294,-30.426901651058895,46.60003677964717,-18.98118147562978,38.519161783788775,29.392031274118413,51.132842358375186,-7.639347938604766,-32.564155493475084,39.58110721586659,-28.265919044784816,-41.96728773147292,36.34614281863611,34.15579374267941,48.18264202807191,-12.95851698804303,-28.067496047946356,-40.75887378466268,45.10199827025697,-17.907624927396647,42.40933885796055,-27.310910724880166,-45.36171158183331,18.411010480431827,45.38904319408537,-20.717623285683914,-12.753364940447938,-48.40665822399238,-4.951058400143062,49.85367578394845,21.430619114879978,44.55602334904276,-27.52721693053481,-43.404979065849645,21.098676034031644,-46.71058672467846,42.53078435511515,-26.58807729308841,-36.16210274107731,-35.33537461823908,25.155822208120107,43.61416607673815,-10.43513155743199,50.983281772432555,-41.545815743696224,-25.23126273779203,37.697976018206276,30.505261361106207,-6.711277150784965,49.41559637111123,49.71286289022147,-0.04170631416974835,39.09932935299822,-31.092152521613446,47.32301758142522,-21.70007577401982,-27.414378531508124,39.29026531275994,-43.45394517763427,23.16407621082671,-24.625317053918877,-44.54994613225312;0
-10.977333833915573,46.83585394059483,-48.07588478045058,-8.419344837318565,18.52121512838136,46.04418060658866,45.29346225955059,22.906187032803714,11.360767929869604,-48.368370500532656,-27.177329748153397,-40.6548023371425,-30.7977920268177,-36.3073218755921,-44.71766936497946,-24.031171096899442,49.03598235010809,10.740104967068975,-32.39873138526437,38.51372215689659,45.953858929367826,-17.356792146236824,47.0929864543366,19.034497553699545,33.3435613166581,-38.379585507644606,37.174003231254574,-33.93949353757325,45.3374816307141,15.549284917495903,-27.747552218551565,-41.20743967314791,-46.307020250987286,-15.94058110915265,-38.37983688003395,-28.92857244534287,-50.574428753576655,5.242003658144978,-10.960723521792755,48.61265135138477,-15.395135155263134,46.71111919591542,-45.256095038902004,-18.841650147764646,-39.494748054795934,28.68896519626115,13.386802959997182,-50.49306598480151,-43.815621942654005,24.54821894623704,29.20442134304311,40.90788030947664,28.496493785083917,40.03845242175532,47.19268726030919,17.807088935777905,-9.436652754467547,-49.81895467977347,-12.992136454652517,48.152348102254535,16.75809325462848,48.609721000150664,24.487183649650856,-43.302301784894205,-44.551880661864544,-20.722696695169564,43.671363628172145,25.97161561323992,-47.867902630067235,-13.65656657447249,26.435910381395075,41.63116748824027,-22.16744269098769,-43.865080698583796,35.3966951036097,33.547933084934165,-46.65181390022342,17.686380563190223,38.279090049538624,-32.969098197608524,15.320752226999728,-47.62897067409519,45.97612545523681,19.996985624829886,48.71359830381123,-12.424191037691017,-27.411699742378616,-43.27684070888705,-10.961077898766703,-50.704596740737166,-0.7290614537054982,-50.584548442837864,40.02375473328309,-34.310695874481844,33.064688689852595,38.580657022088154,7.156657731662044,-50.51426581228495,26.594750188680543,-42.04083886415159,23.946469651719603,-44.732451067614186,49.01650283042275,11.16109324741046,-37.45517587838919,31.856940451088906,-47.024759637179336,18.818432489970814,-47.975374718094585,-5.36568728256395,-51.55304685851144,1.4173043658531936,34.68780577558396,38.359494758166456,48.228536373806,-4.810700939391449,47.13760897049608,21.190087477860292,-45.365040969906126,-24.577152485061177,-43.231414802232756,-24.852512063621173,48.57874531564913,-14.176336311175227,17.454980233683433,45.644654060521006,42.96410605041703,26.403453181495728,36.140865121208066,-32.68564983160603,49.045877150015585,4.442928605832677,15.436849224121628,-47.00576086464713,6.727165301354766,-50.968939153001145,35.02990185703036,-35.74021008890511,44.21000860755747,-23.89449895706728,-9.669377315367994,49.112660194611394,4.394793745428879,50.32281373137512,-19.080309414262263,45.83668310357233,-10.701562191442202,-48.43784334169437,45.27247884124618,24.2925718403251,-22.187063517304054,-45.33067454504341,33.46375139290531,-39.57843347024335,-17.327780155258562,-45.4092951388713,9.863406960443257,-50.00953233649056,-29.581762601659076,39.19648669751353,10.909846965902315,48.39510129320383,0.4439831926502975,48.976279623612804,-7.004086686469331,-51.59188307507356,46.199871919130146,19.993758712771356,-49.659594502692,13.847562093582805,-50.35793279948383,5.256080890085306,-31.598400198797222,-38.7491961848335,38.732827397589304,32.010145890374325,-43.913465689374085,-23.785397352528236,49.20318367998158,-11.326661070753426,-49.5316701217834,-3.942958192974164,-44.52624515953757,-22.778242841810428,49.24343167649849,-3.5561053574516794,24.686188438338196,-44.23689027708515,-51.234143114831554,-0.7091841719502615,41.79317585955829,24.05551442025032,34.189569369990714,-37.582753437494176,-10.90748102670675,-49.636460580636644,-7.251894927501486,-50.95577354769466,21.25938947846214,-44.46617391359053,-2.402135679791503,-49.654016084097286,-42.837839849928415,27.332002084069522,-49.90217503528771,-5.376960006802333,25.744187768740506,-41.236062745551116,32.439114312431066,-38.84838499940106,-18.60024234881136,46.70714824007272,36.45412191612014,34.626424585159896,-50.398301565791215,-6.7652206422870425,-48.00293161842959,16.660431028215292,41.51633843675432,-28.441826888851786,-50.42903150061978,2.149703323374796,-49.437894432892705,-1.6772168600906519,-34.25294078831386,37.607284011562754,9.995687590943742,-50.029975836442375,47.60956231577496,-16.384772517255154,32.84344525783056,36.167473036487664,-25.434909389002833,-41.348508308962124,26.433110302890423,42.816016362522156,-17.815842389296243,46.41438175142589,48.970631091370336,-11.273342058562996;0
-28.978772281004957,-41.39685967717636,-48.952113806894886,-3.90463145200657,37.81116636755245,-34.73234343583804,21.957230241841,47.846674337427,28.392096783184062,-40.59440442212368,-1.1621410985906653,-49.25313348078245,-23.994855956672772,-42.50324021351624,51.05889494459599,-3.6954903220922843,-3.073860935881798,49.51454119846454,49.571146021904966,9.113027743964109,-32.89874072940634,-36.31563388025407,26.84548407638428,-41.670146844804236,-3.8431717739247127,-49.779093252247236,50.62840782133037,5.977866858429905,38.54510330857367,31.56830964301663,-15.419951422441475,49.22888175088654,-18.337065395192006,-47.49410546249255,32.467051476305585,-37.88903474377854,16.63244662934562,47.86965803940668,-27.328753216944754,-43.82510130331524,-14.600246271899003,-47.82443327336481,-29.546183207680873,40.18374167123748,12.981639990437339,-46.65545446149791,19.137351296464185,-45.89020392034979,16.39727510951064,48.714848038775564,48.474507728609936,-17.155935902785412,-50.51249834106436,7.173593539076201,-24.273998435494256,-43.5006971057433,11.882053185106722,46.510030957984014,17.082064198167384,-47.64599121734996,-20.56980408694942,45.2021763129665,-13.769260065856766,47.90065388968264,-15.591735162821134,47.42754070471649,23.853866468370835,-44.779980983121064,-47.23893750927407,-14.580138635719061,18.144695042774156,46.807752072677864,-10.55018350386041,-50.01463251688279,-32.63721433301369,-36.83560869496298,-48.93966599963942,-10.985196087632024,-44.9532506942058,-22.162517799134413,49.62061531908516,3.9926801934593352,-17.863322809706766,-47.6631510101746,-48.623109551848096,-12.669623996641151,43.65648329966497,23.816315520670813,48.13866988896895,5.521444779285673,-8.572425733819937,51.01826064027777,49.23676839542158,-0.6785765615358924,7.601551086341594,50.91082440680296,41.22029718020766,30.96237312508334,49.094394452768206,5.373209969463837,-26.088180971381412,42.69073348574535,17.02586123653866,-46.055278913595416,10.769427189393635,49.19808935594268,46.07137184449761,-18.764750207274357,48.73718743226238,-4.802529198518743,50.7247741289311,4.0020126533699765,10.409153261367761,-49.5518637785995,-20.928817017779984,-44.52970943747989,-49.07787064387947,-5.285872036187078,-4.04820638960202,49.91299214588343,-25.986540262082855,-42.360181947257225,7.9228450429900725,-49.98406643745346,-48.630002721155506,7.3503772267194645,50.53697326334325,-3.8327719760733636,-51.35203351693549,1.6366727136115695,-22.233923910966716,-44.95857657234147,-45.17292061994135,20.250969790080212,-2.7760451800679333,50.113885946443695,47.537571692403205,-18.225487948535083,-20.21153863166458,-45.10684835046226,-26.816830455191838,-43.559227379607,50.64168875171073,12.371878607975265,42.59492812683194,-27.3941282174414,-43.37642705713491,23.122480307862954,-49.490439332661495,6.973851239361828,34.35537096054503,36.75581368921651,-31.10302349271439,38.24289588119643,-21.811973836127,43.337519303689554,28.01890352547378,39.65585744204919,13.68390398765822,-47.60651666328566,-49.15156602963321,-8.6454644408156,40.29240288459178,-30.46185775833728,13.349312545426445,-48.03428219165408,-35.19860892374884,-35.24374677706689,47.02271217668389,20.517966425166318,12.392422381301039,-48.69316795449548,-36.70272895168727,33.944643749968755,-50.44624135768037,8.396061823450328,45.65028262194819,25.356965945740143,28.681746694821086,40.716163848706714,-35.58466226622896,34.90174558874719,-31.724410050208036,38.20991786303188,48.97657582398596,14.582166076727319,2.4814624211785716,50.354292199322835,14.560449822293478,45.219349906135704,-36.34175247212548,32.57205166897156,22.918939806819406,-43.45551710981336,6.958973789168849,-50.66389713024087,15.642195504607216,-47.07373165347723,16.08210156069267,46.308877336189745,-26.77676894500804,-43.00796253439269,-48.48900246920367,-11.383521771093832,-49.02215768639583,8.216946092840754,-31.283149308296405,-39.13601438614937,-50.12157772953098,2.263546099332536,-49.9705852631086,-13.12311467164522,44.106557008371546,-25.395304044116873,-48.17101133751841,11.90399451555072,-31.957311665013552,-38.83082825230905,-40.88533835902128,-31.121110912406344,-1.3702831732771135,50.43092108741677,1.5891570160620125,-49.47276055466058,-48.399297051339836,-13.475217642703457,-13.359538043149948,48.41308962516715,32.98329542011365,-37.50479855869988,49.31512738041546,3.673435568669814,-12.162640636918292,48.14780705888942,49.699344383213194,-3.616049777154712,-48.79690477995411,4.067694241494428,-44.57744620376899,-26.448406253443203;0
41.23137319853754,29.162254386709346,2.627909941484892,-49.925986847722854,2.0152873057685894,48.60106032951764,30.744077991353926,38.71761627859812,-25.540317365911157,42.36311430207069,43.109677482232435,24.67310585975071,-22.955216219512923,-45.95064529155398,16.11002502808275,-48.18100684907573,49.04348870619361,-5.235798692893797,-34.554563823713806,-36.78924135180972,10.794524712569647,47.19784272128891,-45.54688734984037,-13.888603161840173,-48.67425888707661,-13.942199725843293,2.9283094884403513,50.84807851812242,37.25518199059605,31.51230309991402,-50.058092816069006,-1.243329800068746,28.32139796551948,41.04240533642874,-47.44823199861861,-9.621955734888472,-37.87737826564296,33.797124578593454,-19.22801583983644,-46.76365313146726,-34.125558826526564,35.289918144902074,46.361835820923794,-15.729106738959208,8.187943445334046,-48.73390141532669,-38.886455962399104,-32.04041375304367,-36.508344465337736,-33.173552188090945,-30.188586985889803,-39.545384144603226,-5.351639370232118,50.00809898078542,-0.7218434103784914,-50.25931451345943,-11.65835585748253,47.69219272361966,-12.674186682374513,-48.65256970687292,45.070939141208925,19.740243848289232,-17.75607014298709,-47.235005829714616,-47.58884561193637,-17.46805818341219,-48.30479174299222,-17.278888456822052,-29.348311420537552,40.63703449963104,23.77414335364952,46.397436258558045,-48.119014551981145,-13.174245260350778,46.21543735325072,16.690663252929678,19.76547056024928,-46.37414865067174,-12.930485906849603,-48.319242208983596,50.1905231373456,14.01143423069457,44.19010165162145,19.561342731726285,51.05283913755885,2.605544185550035,49.05445765831689,-1.950348851796073,-39.238851614129885,-30.286459341639297,20.233619498973034,44.936974185213714,-33.20626934750703,39.28947671369898,32.522094305334974,-38.728698528880884,-47.149346507812524,14.067641101371136,49.0779300412472,-8.290092556331542,33.47013013556861,38.21571100838293,-9.955589241589069,-50.40380223370256,41.99835284010376,-23.09393964191123,44.506980618367294,-18.375300244767576,46.34085820627883,-18.982129675889645,-22.220871542614905,-43.85453954371345,47.537481955011025,-17.749962484035166,-48.6816088345684,-6.674453469304265,-48.64716288698719,15.083211795580551,49.451395754953374,9.41527865236099,31.969243456630917,-36.99871199622603,20.713232054892167,44.146761919205844,-5.8843260612474,-50.085619477076136,50.54712164948708,-9.578083692475149,39.48910956340271,-30.330481332295964,25.904633995081088,-42.6879920887801,-43.72060535036702,-28.0230273624181,-32.588039922049326,38.56618540792285,25.511281610100855,41.99513730166956,-48.16910741570982,19.611692278421696,2.9148805162261238,-51.20481904834491,-46.883905939345276,16.0728101220322,33.780665810558304,37.33005614378236,20.388018635671344,45.75811321145942,50.478184090063124,0.13982547569377013,-6.6789134286555765,49.99885747508221,35.503517892733264,-33.33195395660055,26.637165944408316,42.2149189504854,49.221295564175946,-15.770537932823549,-41.40835600518401,29.144037396231997,-27.988504451390867,-41.62451701533668,-12.239656804027321,-46.88792325926514,-40.80533496943536,29.335571789122145,42.709306868470996,-25.668805113134503,47.560220970875335,17.811755430335722,-49.60995418148692,1.873318281227992,0.836358329428693,49.80870213653729,-29.916897747115115,37.70618205789147,-3.090330870397327,-49.914851335850955,-32.91117309924164,36.506442012993006,-34.397122640005556,-37.432149304770995,50.79582210895353,-7.502543987795003,-45.22136615636926,24.168060566347833,46.144557873134495,17.47505248382329,44.100738029258736,22.929422767189802,13.656494981286421,50.0984199614686,-9.917558472132667,47.83073182789857,-34.50625045803526,33.49678603762905,25.572750619105253,-42.33068600705336,42.54425491584659,25.671804005285168,21.711260562755527,-43.519373419205,20.045825538057677,-45.386168568036254,-25.30201115761108,42.65311522190164,-22.754123663429493,-44.435320772539164,50.309115457611796,-5.725318564411965,48.318584051472264,-14.5792019241651,-23.824631330330988,-44.31369195776548,38.7939448721058,-30.31783466897131,-27.115003826086472,39.63047164859852,-33.606892623310166,-37.529863213638116,19.521201893634203,45.23541775012805,-31.21348206946933,39.2055099583917,50.619766285798214,-4.467340962749347,1.6289083615753541,-50.48409428218813,25.214992530445155,-42.135796896356915,30.44305333785283,39.0369510003705,51.09189682099767,4.506924616176104,32.70655648092517,-39.29140663890046,-11.717538306227409,-48.1532345755884,30.937259356636936,-39.44550946706649;0
-42.75682631710827,-27.869946884491036,40.190344846183386,-29.178492889252894,36.868515948346555,-33.351235054033765,21.1904675104735,-44.848015513417934,48.02232579334264,12.62281426315191,-17.139416479761888,-48.02417011555138,-35.48687073703385,35.35936253794785,-50.0272514774522,-5.305512391319422,-27.042927161846926,-42.33827822608908,18.882303695274093,46.76679294444039,-8.774121989555653,49.39761968952665,-8.261258264803816,-50.062046704016375,10.188427040391353,-46.918910154573666,29.48370460827842,-41.479692150520606,6.383191507814687,-49.93208448181444,49.520736977709504,11.668374492995092,37.97673520103644,35.285054831160394,0.7404656165103705,-49.889318425574054,3.73309595806887,50.33443096614512,-2.6243649796658213,49.05399778905853,31.314269791017924,-38.40243524207795,49.35846924856557,-16.60336186687075,-45.23269001866076,-18.150747170129478,22.24490324413983,44.999677696043975,4.403910534080083,-49.254318445477615,-48.07986417542983,2.097422418424909,-33.46101355673842,-37.43196969687208,27.895321911738066,-41.46031454657034,-47.78520363937061,11.937794887213336,-49.84323290450001,1.87706992633374,-21.184137188506742,-45.08719871277581,-29.102337760399763,-43.11083569788079,-4.040939415139173,49.475943923623966,46.49626641682896,18.980343729197248,8.158298701710532,-49.27795695503044,-49.214482248100836,6.396195880361396,-24.30716951840685,45.355395376570286,-47.932853944066665,-3.7320717147278515,-4.155669712050613,50.23081415582208,-17.189049268512594,45.06620364836274,-34.92556699101256,-34.86000250908837,-47.58467371146123,-18.365302074998887,-19.831456042400482,45.33607868164065,-40.91649410448862,30.37298689217501,-1.698572636441657,49.92469740961711,-43.73263607880689,-25.591733901331974,24.7420241875572,41.63638525980779,-40.83384668256058,-29.183271349788836,21.425776279149957,-43.1182994619068,27.711355694975808,42.23321240623143,-4.421707373386857,-48.594971488266154,-42.29225600727767,28.862479261922534,10.133283243140427,-49.465747384320046,14.120476911843262,-47.56987520515848,11.776982281562866,-48.86641235413534,-42.84864852151547,-26.922914443523982,-26.29818767587836,-41.541053636088705,-30.745351558126167,-38.62644101176078,-44.6876728539263,21.061075880596604,-50.326602418489344,-4.752671978062303,-49.236652372403604,-2.0420028898099565,49.50277901098642,11.537131467374307,-13.896337264980872,-47.925074974967174,-36.895125334789576,-33.73470988347595,8.573630979818063,-49.59918181929274,-49.45131950386025,13.504819067185847,-36.17133579308538,34.17930030496285,-13.520442615212142,48.871727008494254,-47.57631760186745,-18.66495752210824,42.54332598881631,24.14818669600904,-32.65575087761559,-36.376416907927045,46.87584358364064,-16.844622546542666,38.9157817304809,-30.1358317657695,37.19752846245893,-33.43530730301062,-26.238592296236266,41.20341813441699,-15.363776570852687,-48.99295953062575,-50.095756083563316,-9.218938865335142,-26.302155887822504,-43.24990028286015,-6.001439134462303,48.718615705299214,-40.53907280044819,-30.341591054905994,48.652496542382806,13.297898738191504,-17.085605599035862,-45.90771458981489,-15.566438975929955,48.551376437449235,24.557769440379786,45.260108785153456,-25.396834826870563,43.86567250727609,24.961695996366174,42.067525424879044,43.47093654812681,-24.546189857309606,-10.873606379696861,47.8211469790463,38.83614063928963,31.68248737352434,36.855035813866785,33.28706544154335,1.3483090941210427,-49.94698891598842,25.78490286874066,-42.0779560159536,47.80007043685504,10.738083754515204,34.97337729574552,35.31635880506996,39.636510411170356,-30.1800265241674,-50.15222143619145,-4.862736771743699,43.989633218881956,-22.984204937345755,-43.41827667475712,-24.57830772646575,8.301101620006191,-47.49522028498178,-43.07345937096821,23.47711776886938,24.8695719942117,-44.06782363556945,-37.15858215028632,34.44513617382077,-29.02596184376317,38.58626362538866,-46.52370453301951,22.837679120777395,-40.41860553854799,31.364371979221822,29.532652893180703,-40.212515635404195,-33.99746025070812,36.195100054832146,-34.21632261589952,36.54622439214444,-42.09629820860884,25.233566338990023,-43.366337864921334,22.51847696760354,-25.238928943415676,-41.28057766186015,18.12489638538489,47.3862695432707,-8.71831620009698,-49.60095982019269,-1.8935602343955564,49.06273405035448,47.97359098524442,-11.846029144862957,32.85960965299472,37.10512181679053,16.812141064950968,-46.67901274797232,-29.22973213219997,37.89882929039947,44.34632833534448,24.962733738112068,-5.805448513495934,-48.562933235302395;0
45.69180975847959,14.142510037462001,-11.217484070933985,47.747376458986544,-9.864945452134583,-48.66194503534027,50.28794828462074,7.452720146024716,12.814767495447475,48.84803319180131,46.26742168034881,14.764170333160383,-17.124881383084784,47.655128702129886,-26.098352564749685,-43.8136300374602,-17.822673515127327,45.680173649729284,-43.76555802053277,-25.382045749837914,44.73069026546904,20.160817748609414,32.38050488072166,-35.90315381971362,31.41056554574734,37.43560448747285,21.015490035773745,44.27955119952086,-51.766682396181686,1.2480806866749627,32.20325715461917,-36.71548780674729,2.2424980498595843,-51.0109107576407,47.94156328906805,-8.262502421935979,3.4887176249125544,-50.26378700239061,-35.69046500944779,33.50824423260548,-42.29361143918083,27.648432592313124,-12.510378646937793,-48.58051754438262,-7.6076168902474475,50.1547019222474,31.055136546056,-39.78919993512998,43.817354872227085,-26.64981600147868,3.9153272233928873,-50.010358263383004,-50.8808970155279,-4.539095052909776,26.37962863887511,46.578223421120185,-14.967203273793675,48.15896874026461,-8.874032467806021,47.81753831232328,-21.800016700077798,42.569848774189765,-49.59575770917971,12.167645190723057,-48.45353455243008,-12.791497361648196,9.101897017338036,48.82825296643749,15.06250599147024,-47.40273796161885,-6.684994692378878,-48.53155372473556,29.530292356745903,-40.19780607980821,-5.4434752051211595,48.13521437475043,-39.368504895598264,-32.66505367799138,-30.07196171094368,-41.74360232646269,-37.66172260033322,32.28393880394881,-43.074842794358176,25.794010513468724,18.489643943281557,-45.00312139677064,-42.080328046407026,-29.72872496027573,41.10377083832394,-29.54572852195427,-50.500147163920154,3.1617264501286497,24.03224233610881,-43.05139328737101,30.003296913255472,-39.60854847033467,12.237116447698536,-48.114957786987624,38.29596906532923,-32.02385644970078,-14.908051194462963,-46.981924654599815,-45.39112696769939,13.459264031565102,-17.564363670168767,45.494137928257764,21.908772296124614,-44.989608057801675,31.79516110342685,37.3120436869631,-38.72465862969811,29.47746684429354,6.714846204059999,48.30722051430149,-41.8048660108995,-26.4118476127263,39.49282078000332,-32.17718001679005,-22.39334587780684,42.598048793469715,16.613699786548207,-46.99754528486229,14.591987702398754,-48.079467061652714,-25.577478581525348,-41.844964658617414,1.426560360657321,50.70580578471951,21.799864222893948,-45.681581443092995,-48.82628455055388,7.73076819579593,-4.025909951820335,-48.78875216366354,-49.10982888980916,10.18118286055402,33.82178218634929,-38.991498111829905,-13.452699034154595,-47.79400888090884,23.343639204742388,42.815474028197904,23.06364470885682,45.32334095946874,29.279315728073612,-40.31108396498003,-33.26656210099184,36.83529453498692,-36.04841672869729,35.457326118773,48.419339810697615,14.386208846189248,-32.15300184579282,-38.85046221098913,17.395998958732108,-45.79369698592526,37.929121024456876,-30.634877782837094,17.46136257927267,46.12223812636962,31.210681614375837,-39.40703906056912,21.22144304404509,44.58628180229589,-35.53413439109972,35.53177601061437,-37.07791094038237,32.90289369659325,-46.07872208408528,-22.213397005178482,-49.515359452697325,-4.641216690561379,-47.94867718153525,-10.107952480799124,-47.70484177050384,-7.630831640808251,44.90439860143914,-21.413214999299292,1.4278936805176374,50.041775421172716,11.92726152344962,48.36629684212143,20.533648508699972,-45.65342097746985,-15.38745297821112,44.58984732594858,-22.891831193082204,-45.31503194913809,44.74843854323506,-21.207490268831524,43.80203756050575,20.38592679244322,9.628489917766867,-48.102820349301325,49.79968372439563,10.190211143750716,-49.086095336989914,-2.927407354662822,-45.33529791747201,18.83407751259756,-17.704294862540117,-46.52816876361326,8.262876260341873,-50.08903842101082,48.30807020939471,13.912465121411337,43.62415533271103,22.363245561767553,-39.066040293854,-29.955845670938885,-12.412107822140019,-48.75808555244807,29.757376942953783,39.952108615153165,-36.58452463370975,-32.84635747842452,28.1777680390326,41.2451818270827,-48.84578980150043,13.488399271206337,49.46614627894222,-4.65136703200718,30.013922040484022,-41.00694458907787,-17.299957154415548,-47.04157419029178,-48.488349835925376,12.424069507098062,45.361907689489136,-23.69718997416439,-6.234496570869985,-48.37748122098758,49.33436062280847,2.522669725485147,-22.027431899511413,-43.70570990749797,-45.18542123177433,-23.074164837870587,-50.20340336047241,5.860087245511334;0
12.410169891805461,48.375767095975036,-50.01916043516566,6.611710293146359,-44.11327792120374,23.95654379329379,32.36248419188518,-39.57210268841863,25.264517555443096,43.343419061232545,-25.884830190668158,42.62150445398569,-6.856301515753607,49.68889618027747,-17.790087489467435,-47.07532339387856,11.444752905310175,48.124278896970935,18.975873700284346,-45.13142100156702,50.39864097957866,4.384245099517032,-47.8807635059089,-18.99142467172034,19.528353972649633,-44.78676735932674,-2.360383529757382,-50.03177685224304,20.54551604850516,46.76929828296936,50.396000662381034,1.8652355436287849,8.092196652113602,-51.39228309084764,47.44023331627575,-13.658922006297761,-14.742574102508385,-47.734427236606706,-16.856520662052198,47.893357427267965,4.787322197743845,-46.85356109780007,-19.19689537778888,-45.22105511772546,-38.51047894422931,32.30300077545039,-38.31585515242399,-32.265756644289084,-43.58339623446343,20.715967880304934,-42.63262469402321,-24.478125222157946,-13.272934652365597,-48.274887985589366,39.73153218149299,31.241087006322317,44.660885864042456,-23.51175436509378,49.74384287314876,-2.2325189929634286,-21.325374423845464,-41.813642674486,14.088104493682724,-48.581893160515996,50.51998868179278,9.50614796401641,21.645921079993872,46.42399111071,36.971375165490265,-36.68269049086042,-1.7991474437249337,-48.61073756410338,-50.527265441063356,-0.6650469088130839,34.65068737307914,36.6849394136359,-49.406036635617234,4.003582785483049,-49.74427217427161,-5.478281027675232,-19.023495391862898,47.600569532647434,48.79462368862278,14.087033245562354,-45.76683789023404,20.77927131344452,41.333951954824414,28.094791222474594,48.90176363184775,13.610472975255622,-20.980785658214963,-43.81160721161139,28.223729444173593,-40.27974203503975,35.911576468782215,35.24452173543115,36.51141216806084,38.361466149715795,-48.692569225290484,7.035876333129247,16.734610263526793,45.705641209268165,10.601553559796907,-47.995516624279745,-38.55502300262234,-29.79855491298143,-46.532992024377464,16.59773608515229,49.3675550699064,-4.379339926879085,-14.866144558971513,-48.00417771676183,8.518230504937362,51.41896398551312,23.2447353497549,41.08241048900176,-47.60110480366329,-11.211686382039789,-20.231866603609845,45.80521839754011,40.95515836066,-26.7181159002007,43.54794919905922,25.947232405397937,-19.792876710523682,45.25415663275775,10.672788368865447,50.84618905090445,-2.7440076098747648,-51.19492832093367,23.886513685971217,-44.86364785383943,-2.0227288821426668,-49.49191543646768,24.834508070748516,45.304031375192345,31.58832161700435,-39.27289851304276,50.67119505204772,0.13262702108382873,-30.466847909475767,40.00834822501423,46.97742714492982,-12.744682431180715,49.15942889993045,-18.581911080408315,50.40877040522033,6.8276399233211595,-23.862376409330842,-43.289906518253765,26.1553247985007,41.663415933714155,-46.95906186079917,-20.435460082368337,1.0886381059159043,48.705254173345374,27.18403463573467,41.444971882634036,-49.48904063510598,1.052484908023261,-46.211609189092954,-20.153458835220743,-50.44361857313034,9.537137142856249,-48.72550509097691,0.020548277384289104,-23.993913132728313,46.601198767287514,37.82640909291644,-32.435656526882475,0.10473731821412635,52.08017244094742,35.01898235305117,-37.55855131004938,-33.52905978414304,-38.24706282860551,-18.468128022185166,-48.812504022268236,50.28560049661234,7.798062562511783,-28.722256808627336,-42.29888978159712,49.321681210879696,-1.0819877470611028,-50.96851838848419,-2.6316335815516347,47.14898896716527,-19.736452369874833,-46.378938193272575,17.49956528571496,15.638115077895437,47.911845659480534,15.770304883279303,-48.291148026359224,18.046488464266236,-47.46253525215945,45.96910920388239,17.814905492428274,12.485486989096529,-49.41014595869979,-45.85353089065414,15.785850390212927,29.53943082683964,-39.43796843696622,-30.981845262886,38.08779275835733,12.086556727902874,46.5335113079298,34.671616603226326,-35.81477144992401,-38.45665790703258,-29.51799005722731,24.334987052357594,-42.64204283792922,48.56540479954064,10.024144601545874,-15.746376748085316,-46.30461719201881,3.9437835348176313,-48.908466987532,-39.89463292816254,29.001735489063027,17.20704632865093,46.951430103606356,24.661633551559948,43.8073209643407,38.882396698239084,-32.538341792428284,-7.6953513120450765,-50.075603140541965,36.55792076405234,-32.71796032533945,-5.619112856122666,49.80116561970394,-26.293608359703516,-42.172855560026704,-45.251853035946326,20.604924056208226,-49.36015117456093,-3.782864901824893;0
-50.79034223748219,-3.600219709464321,45.91644856363398,-14.718112749720273,4.026253809426882,-51.362406877249946,-9.880809138824404,49.20166355794705,8.099050005007006,47.91326446035364,-21.894325386302008,-46.37212774333324,25.214843820014703,41.34744425995082,-38.878800443359225,32.87947092490939,-38.62886141516856,-33.212263333632976,-41.989398368881744,25.662282970449017,50.317549343075264,-0.3288591531748276,37.75438611133102,-31.675598906280204,37.15228722015058,-33.70144066135413,-17.588014846168097,49.38378941450414,-40.41343910321826,-27.181791700117923,49.631467423101384,-6.850594177318164,29.489027104889683,-42.90729661210943,46.55471692797771,17.623256362628425,-13.218830164718442,47.29120665358241,-10.4981539027192,49.13576353532342,21.375280847755352,-45.64287220155587,-36.28691952065982,-33.935119378598934,39.49524805379672,31.38112942017082,48.66616987420883,0.6621883608341929,46.74822856021371,-18.257000263191127,31.62233959617109,39.48957085147658,-44.08131182728415,24.270175000071962,-28.493682707458923,41.36118008028904,33.636467022158946,-35.700823427649915,-44.89657127129858,21.380988916215365,23.933085569367762,-44.2350092491068,-10.221461648512156,-48.45805157223989,37.48736390264712,32.41889360156823,-41.2980986143227,-28.38146770292451,33.1632837726192,36.83333636444336,43.94434556638072,22.86855603631914,22.649941222535276,-45.07549843142711,-48.65991949857453,12.888449774518872,25.838348981607474,40.45453648245005,-46.50661323535308,-14.67174997187841,-41.29757486925803,-27.017073150201057,8.254850060702353,-49.10103107864743,-29.13259739250156,-41.855931244019715,-46.62546055252232,-18.61212961029003,22.980476445352934,44.603817027849736,3.8429295807806536,49.672132084395244,-49.31182896290948,-1.3327998742894418,-41.74501749736482,29.966552395488755,-48.98091861412552,4.978386894972854,49.60140106864904,-12.417388612768264,39.97588708300554,-28.791415747185013,-49.394316548438475,-2.4618871249302705,23.17874787891171,-44.326451860594574,23.565989078357262,-44.91748909774066,4.860559596975908,48.95239831018718,44.76781198821928,22.983707956695397,-47.93019328143662,13.027876899960459,34.902870793246656,-35.08311757938653,31.158379019673404,40.28735195146546,5.024927000244723,49.607021324073955,43.4765236733703,-23.89580509777225,33.58061132172842,35.98777479686341,43.1344319372487,-24.703103044961846,4.556926459632257,48.30657081752466,-38.60568658958414,-32.066405185195755,47.23191657336169,-14.858647404082312,-1.5726585299253235,50.363949823168944,-46.201561072944706,15.42761943430715,50.0683765348988,-8.060553393691043,3.615337308818075,48.7986445950711,15.413694029663656,48.371600394361344,-19.302045280703776,-46.58144547643218,27.84262022866093,-42.54344690630543,-48.67599914460715,14.667879294721416,39.324111709605454,28.47386488471716,-35.10069361082439,-34.04550045223447,43.22306881309523,24.046725119549308,48.219137887388484,16.85258328399224,-29.79780613157266,40.32201175489843,39.9884042708955,-30.048874410014587,16.292121135808166,-46.271752999862564,-39.48787847355882,33.75958276519256,41.54846107300831,27.724342592808064,35.7330487253574,36.52308512929852,-48.898370395049966,-11.34978848234987,-49.38493131855982,-0.5941028696817969,-51.3410343236873,-1.9379056125058565,34.737902655873185,34.77144746731489,12.345938616784574,-47.50572579121988,-40.86373640180775,-28.62710326577772,2.3358626423593645,-50.77122864837564,-47.710114075382606,12.028813270141953,43.44350998467388,21.912211073185475,-40.08991685253877,-28.6330221025352,-46.10387841052506,19.159580142754503,51.98743568535432,1.8912250493736795,49.07880502876467,14.817464591166848,-43.06142845548815,23.216021503537544,36.3338218013149,-35.20856943269822,-46.86373422606336,20.681015323989648,-31.32424812600041,-39.23181542670064,-44.60685068895828,-23.17309340087107,3.2194226676913327,48.18814720502132,-16.02021484012913,47.753710438338956,49.307353044527446,-0.8840759578261816,34.166331021312594,36.16902602759035,-48.156425341949706,-8.309829097528507,-30.285327619955194,-41.72526174448224,30.146273899802118,39.79750867409774,-17.532587814902772,-45.90857052630445,-39.42385442442156,-30.557395903822343,48.01603978071486,-11.846363218339263,27.93280316625831,-40.96168138231739,-50.990125253327335,-6.323183465753546,-40.14061971830216,-29.7396065563585,42.8629357725857,27.92384173426442,48.05768089914247,-14.8595664749061,39.26327743715024,-31.205894204634262,-46.87905991022761,-17.681120105756563,-8.60185543366175,50.303819291170925;0
47.46018938961026,-12.005869621621185,-13.622323657942157,-47.19881156166038,50.99924455006981,0.8306448514803163,7.480316244932677,50.34906401003545,-32.25471550475534,39.15498386710013,-2.084846170945765,-49.43098965109913,50.192782351875564,-2.3961173944923155,-19.43313176803521,45.81153316810067,33.175675865737375,38.81530107980925,-38.41163484361576,34.2981346261219,-20.047169882217073,44.78955910415214,-35.153583521136376,39.316895127769115,-11.871001243214392,-47.910467198207655,40.48480887614832,-29.97105577017061,-49.51091706677935,-10.503005093236034,0.9191092262253497,49.63893063527418,-24.48863124648032,-43.93584559952765,-47.44122960105019,-20.548287913199875,-49.661253088156386,-14.878036468589228,39.777279703054845,-31.82037243518956,28.259234954939974,-41.39724248508851,-15.532088122375548,47.62854018942303,-33.21778831126076,-37.2877806042717,-23.03878522672926,-44.67054322399659,50.27290758267017,-9.678671557726835,38.67765833801575,-31.426556462495395,46.02811084938467,-16.55022557502857,-31.503855132565587,-38.23327166209045,-37.26910348732447,-33.88792695903883,8.869452852335197,49.28287257526846,-50.61281393310204,5.788930960776852,18.239332600312146,-47.168165696804806,26.879762723679896,-42.982308069402414,-49.81437130461164,-10.402132695538256,1.5341066853050984,-48.937256345968144,-50.44580395278438,0.9277114894575245,28.613086879789932,-40.25800513860942,-36.433098296359475,-34.320111069782406,32.24157095909572,-38.70478848161509,5.5675088739475935,51.51235097883853,-40.631171224063905,30.2107354145817,-34.07382016641178,-34.65263563626461,32.35861167473494,39.61041467179569,35.873404125251255,34.61334029551526,-43.99231446724054,24.101573298299027,-44.90304449895786,-17.48221356870835,46.71158095693178,-17.045010505649905,-44.96130288494362,27.339305627718403,-3.891860033513367,-49.72115246122298,49.40187667537272,-1.8344002070293706,44.39119208718436,-23.573358977659158,50.68894066986718,0.8208131503499456,49.29846701698748,-9.171002221586951,37.20288449192578,-31.789872948130807,-16.40589713742185,-49.27810165984406,40.7647660806493,28.285728897362336,-45.086104732380456,-22.566835047819914,19.998820232438597,-45.82451232518063,-47.041747048945986,-20.33992153522512,-29.26289696818301,41.11617342672548,-48.382502022458745,-13.753893813269286,36.229884577156696,-34.15101731789657,36.487584170903965,32.73748320326748,48.49833381356305,8.699702991467749,47.55873967539186,-15.60111486624541,-12.512867250558916,49.25657803077287,-45.06326367829276,17.279379951885744,-4.132535454295325,51.04395339017021,-42.11111801996584,-28.309574085665528,-28.010356901865613,-41.25194272641355,-8.370827953044,47.99789231843431,32.04219247063798,-39.19018926227253,37.25536446962366,-32.05291685466176,-11.722314275445031,51.0051654491757,-26.394237589946012,-43.08522892623034,49.05157142985216,-9.410042737932802,13.56271105714828,-48.77449782512552,21.096192442649542,45.418112884483364,10.733221764231482,-49.208936935209394,49.43758441705831,-8.3471014298547,-33.09568942103255,39.286752273928734,44.01691399265242,25.24432727256782,-27.70896621917105,41.33480671492753,-44.592340393797755,-20.04359956945243,26.240222964360928,42.355565709318434,-33.28296745960208,-36.646482781636074,47.70140808983931,20.140948165719642,42.359871596374795,-25.84358056357791,42.41779509528856,25.29398427660137,15.075143015958254,46.707201931766754,-50.26772205576427,7.60836780473713,-46.421101379545064,18.20551160175132,6.226227211091203,-50.67525507941711,49.25174935692799,3.5081342164397764,-19.460748466370802,-45.549844424754646,-6.635356372009563,46.54837496989461,-40.61289186932013,-28.155127928663205,-48.50518047481244,-13.306327533613338,11.65553369757496,47.048113688276224,33.280594160511185,37.93605284244748,6.138058480013748,-47.44392412267238,-50.09231238990151,7.8508405966846855,-48.413512083404285,-4.642362325934705,46.339333913533814,-16.50029047801485,-30.777403801376792,-40.366694480621554,-45.38224572701117,18.709496937107204,-48.997835464356235,11.035586754520663,1.080964408520742,48.17365250084926,-1.9213664182371413,49.33156801482799,48.12609672162558,6.633756784051091,45.356950651838346,-20.632724751126815,-40.0650627847884,31.50087360146832,-30.104997131325423,-41.54091397336467,-31.162458813082228,39.4062788954515,37.35129538022326,33.290733399213956,-45.7292223518592,13.42731306325518,-49.17125489820285,8.477541101860115,45.21367511468801,18.716391894014226,20.043138480827082,-46.10708925870108,-11.765693270518014,48.13433826470116;0
33.339284312742926,-36.633871787005795,-43.27341026164323,-25.03471852586882,-10.738176526803487,49.94547123335536,20.03965677844726,43.86509483182973,-41.38021204485027,25.911492677598627,37.05589392886877,34.18186674465358,-18.442213107362353,-45.887021868280996,-46.50508373636367,19.334655992785198,-46.23986085926144,-18.64604048731309,-34.154714313170096,36.900963838315455,-41.541597354873915,28.58873970175417,38.08731209142537,32.63367590371027,-45.953062338595835,15.795758704964674,-42.435831730065296,-25.18953802188717,28.063336655081773,45.06088414292631,-49.82193825979317,-6.281901984917251,-23.294108394755195,44.55243070769764,-15.662806288465639,-47.79815800936181,-34.17022392215745,36.87694764491778,23.802287500727324,-41.39591641699298,-50.398736690965144,4.28795456956846,-48.7651762226014,-5.357359751673649,-35.06968687962493,32.4327612711091,50.42406418038223,-1.5034707034884915,-49.63573857108771,-5.1422757927593254,-46.76615742048249,-18.671211931156005,48.48079041394377,12.42718458742319,-9.29829594291696,-47.989227482969206,-44.4175700842717,24.68298302519278,-47.267915212368194,18.438331061517758,-8.962672775542979,48.83351400309132,38.34304586186221,-29.608753004951573,-25.099133466170528,-43.26890716785793,-48.149244354062525,14.27620484805572,-12.35582466195284,47.46660424807581,-51.316381382185426,-9.341874473502653,-47.57691762662797,-21.234517612926886,-1.086690686394448,-51.92538873131933,24.16444560339747,-43.68409168439315,24.37339027907139,-44.427793967066336,43.571855920961795,23.09999269591462,-29.756719412107177,-37.753928568811055,-18.964229833203103,47.94093381589772,-47.726679546428386,-8.872876672256638,46.34439706521537,-15.077564815216153,36.73386019025828,-31.56176887246007,-14.583514249709665,46.418348242510916,-48.468896044680974,-6.053449748614697,41.163710612140264,27.351609260525773,-30.716615487237473,-40.12755446201998,34.87062501089611,36.59730286152279,6.048765514441341,-48.88791620038567,45.65102921794919,24.3016484462928,-25.40473396776523,43.212130873073484,-21.273719996506355,-45.78422721351048,-49.91174842585051,-2.719114632346561,-27.0955567684029,-39.51253516195058,-39.93584993783305,-29.284927380442777,-12.21416835166126,-49.49780640731962,-43.13507431747459,25.32568847226947,-40.19939291508967,30.666820422791094,21.989221996432867,-45.18440550900444,-11.82353908855362,-47.21185223323659,41.08761124301794,27.873088711358818,25.77728223174569,-42.38972299930138,-46.84812623888595,17.009628642404568,-35.27750943312181,36.642281395796466,43.373169488358265,-24.421986955812972,-48.050143017283446,-13.211862964195992,0.3543616955279375,50.8033149289141,48.69414022167125,7.6649897531386895,13.155519394238388,48.12722630794442,-44.163298765038945,-28.884445699834995,24.84757829323447,43.27679387807563,25.86093697696198,-41.339769477543456,6.802020784237967,-50.463930930442466,24.946735469090537,43.75084158463531,7.013131823341791,-49.4100686378531,-24.96059765812067,42.801220664912314,-48.51956566643819,8.775690484780759,10.73704842236573,49.04397374082431,42.30202250078945,-26.611881741538237,3.2310571189497033,-48.37165605099226,-21.681901803333076,-43.46934460795301,49.635074010968864,5.868468916310645,-25.87849485463782,-43.397341198564646,40.34201521550796,28.05747280816423,21.99569183920297,-44.43362367163396,37.372709247893624,34.54879377691226,-45.00568840308857,-20.58924530549415,21.437061255213877,46.22814774284643,12.218408285713528,-50.25867943939418,50.881904184804256,11.113762931925125,14.436989617600634,-46.75040644615098,-18.4599610279896,-45.476468129291895,-49.77645424292112,3.8806042688467097,43.857085157488356,26.455925705189784,45.09364644375986,-19.496082114117264,45.2005565425842,23.7329989788194,-48.80137763239739,8.90937662042623,16.944050883810355,-47.154504078667564,43.22321662767008,25.650881062290956,3.09525765766182,49.717687254675894,38.188803498939585,-32.073759082436624,-49.52531032057728,4.548015463577132,18.60614295561044,47.47157039812985,-2.7497117738172396,50.39817306062864,5.280132443212196,-49.1805862610511,48.24937221314268,-14.012574072295402,4.509568136594279,-49.83414001986174,-20.706017732168867,45.81323256472012,12.98915580419113,-48.75138416746996,-49.859072572216256,2.1931539927804757,-13.61108562418223,49.00677171730298,-40.319363287776476,-30.75889494037833,8.997280419333944,48.4201034018424,-37.51077929589657,33.64777546574231,49.34710957337964,-0.43232174335987006,-30.158532392884617,39.1648835327873,15.828754349811101,46.042790296492434;0
-15.695803573087527,47.66275001804587,-48.02779633483259,-5.57825322811204,6.078115441200284,-50.32641661648362,12.28794191490958,-49.16230530096227,33.43529572679668,-36.360148562414686,17.039837237301697,47.93661960109604,-6.166133601069784,47.88771430101704,-51.14449835052253,0.712382069160816,-3.814303491187112,-49.54234642569425,16.549561151628875,47.75339583278974,21.457839519755392,44.57993365353728,-49.09445253096638,-12.578125101240635,-10.058516563249784,48.94394724408959,1.3514682600404382,-50.27547064843591,-7.507990874545073,51.532014366284784,-13.264847601741796,48.229481957932826,46.97613616963344,-13.31589218946708,43.33245509803273,-25.498577639451476,-46.39731736703242,-21.327757161070565,-48.933897892080914,4.380035469570241,-29.640035201786617,-42.045969082584435,-49.18556551157292,-11.684690994799691,49.85956283124597,-2.4960640466082245,31.58863326528376,39.767326776255906,50.03743638903589,-8.46809785431425,-36.34463887328096,-35.10120663461458,-7.761958404487107,-49.3413431498893,-13.931876767034916,47.065893124891325,-38.38759798747112,-28.71823881430907,0.01605834624902938,-50.67767770163639,-30.457563619925953,-39.41921413926745,43.56833998400385,-23.62482332925471,39.70958139925648,-32.8735926434987,-31.412420881155192,-38.73440577856369,-15.22873483246291,49.57513137069079,-20.94256069366636,-44.86224165470472,-7.645840453323862,48.828245310567816,33.71178561064484,35.79102035620614,-46.06843254424068,-21.253797005041008,-40.98961003397442,26.276770154917468,-45.248105302207215,-18.016131102750045,28.950119026598113,-38.48377391125509,41.64107826337758,28.340847243942747,-30.293938922010803,41.9482429783342,48.91321729983221,-7.951716104099369,45.86889777301655,-23.756857456710755,48.76751582258645,-9.573624620196048,46.870886853693,15.614520268977868,37.14623041399815,-32.505787573020456,6.76026286270282,-50.18495253182769,3.2639728550604503,51.04038185449924,41.14632606558743,31.60488184838815,18.723320842531287,44.73225554923038,1.873204545203171,-51.57354451464178,48.03431216012246,-13.999117258966896,12.514030848226774,-47.56786491294505,18.94741206047365,46.439516177731626,-49.05872896106067,-1.304750841205827,43.78054791920139,22.144933773181112,-49.105032320029004,-8.295236327964524,34.72610821518235,37.18379334967564,15.271703259023171,46.51226536586518,39.666396041083644,31.1616933387422,-33.32913667257666,-37.054980461023206,47.92231400251159,-14.082396767271156,-48.704974711015794,-8.801143641671102,-24.754853721872877,40.08248777440821,-51.54235592147578,-2.779473556816783,50.488267651745666,-2.3392258771466796,-33.50611042104009,-35.7628558400179,-34.06766782686522,37.782546008200995,49.03553295404149,-7.438688659300439,10.567245833237632,-47.20462954088396,47.48977361778519,11.937123923388542,48.978566172800384,-4.478849452536676,-28.931944945570027,41.510311152805635,-8.21226296554066,49.479179701576044,-18.219145666709526,46.591279796737766,-33.08215154561673,-38.71971738616947,-47.58562521480544,4.875880722112399,-6.895869931239842,51.300350520081075,47.22114264848252,-16.09140159022376,-40.77348609148365,26.913812647418155,-4.280243699000673,49.42847652068218,33.15024486212382,-37.509909201852054,-50.411510052579864,13.527946489013013,-15.844234136629632,-47.29816467486874,-48.79361357154059,13.751498572071368,-2.3077825424593534,-49.785743775720874,45.39538240106539,18.45096011051348,44.94030203341293,19.075491066714598,-15.513816503416102,48.19977956997733,-38.2713362011721,-32.22057597505023,51.11313113373137,4.142820763203739,-35.35666160803497,32.493112772641936,-21.079433434983198,-48.100696735600756,41.13901134096411,-23.754684714734044,-2.620940132519991,50.812339534790695,38.07067051560528,29.791536085682207,26.13378853049679,-43.565077009908286,-47.168394559598596,-15.775525192646827,49.748108794120455,0.46523740410281,-32.89162838618103,37.09608735817803,7.41414983318872,-49.63829756404799,-8.22093246494656,50.454301820395095,-12.654883749641396,47.73564466997955,42.8871841937984,25.213374512910622,18.943448401943563,45.39843540609496,-3.244451094249797,48.77316013380505,-31.71415520982518,-39.533504476440804,6.854219608407409,48.35110522845899,-49.80443127808559,-4.8548339839219325,-18.38384264570454,-46.3298298791624,34.920090313391455,-34.160963377435976,18.04890922680437,-46.1792302029238,41.81365055695775,-28.38300204320812,30.63590185795532,-36.899691972076,-47.45220193190539,17.832529102139638,-42.67105507972856,-26.194987558912757,12.252634202625499,-48.642601104658226;0
-45.76783636611484,21.26365456972701,18.469422804139523,-45.336293098871685,-3.4785919777927754,-48.28161602723261,34.528511808166826,-36.3551968587226,-36.444798414419175,33.35867121245981,49.35706774304326,-6.208180370753911,39.62872631528544,-33.25766402907707,11.273378170741275,48.69251179255028,-2.163364888789422,-49.856142195583004,-27.061455010790468,-42.06830733183516,37.28525524141889,-31.839222307750443,32.44805242377608,-38.09375864133833,-2.065240300344206,-48.498363655871344,34.45635398514138,-34.51534690886206,19.3882041047084,46.70836198661026,-22.763996898596517,44.17757462870707,-34.52827897275668,36.088593708387684,12.522450789468685,-48.006440146973375,31.489228838107795,42.643838216103255,24.23313154974186,44.41255870411994,41.89750842684394,24.10865036036315,-16.0067979364582,47.520076613061875,10.56376559571612,-48.34091298187752,27.4707525935334,42.66632796847384,44.02209016179444,21.38807238869698,-14.708213060564066,-47.75139008682661,20.480231227012727,46.9137559108399,-42.52341243340645,-30.242266160323297,-43.87875785327644,26.374685611240842,-49.7130265958946,-5.377639576757836,9.562372818056057,46.58865670935725,-6.755604935886039,-49.516632463715965,29.667828754065695,-41.72757478015501,44.77291584711154,-20.993872772296612,-4.254743300248061,-49.48921324347136,-49.7225101481502,8.633562592062153,-49.650962886575954,2.6068299044294947,-40.337990735800304,-27.809249871816615,44.5175828659984,21.19304788955751,33.64493092561398,33.19070915682861,49.14251719925994,-10.852693463346716,-45.022901773189595,-25.7594920719302,42.63871163422075,27.27893516433946,48.37980814606524,3.790951345286453,27.805193488073257,-42.30588027187309,43.62038844484877,-26.352506444270762,-14.381363965069598,-48.50370057057759,-36.953820948487945,32.067168048741905,-15.248925581702672,-46.73146185662133,44.93171446470945,-21.96338698807534,-8.739305225758187,47.96983524868843,-22.47883828243567,-46.99045376534176,-47.51458635743049,-5.764316532018778,35.44253825066336,-34.28734643050782,43.954792857239994,-24.395418117048415,-51.681399502423076,3.6774182515369755,-41.17999868492199,-28.297802184259,-4.090607586569648,49.94962399664769,50.66430407011974,-2.8537080741103757,13.403216246585785,48.33387485125613,-43.33318711427922,-23.943840225605893,-30.824615268502463,-39.6773999088103,42.22433203923907,-28.388169319564916,36.94148418759067,35.22286005543712,-23.344282177237716,-45.1371005837952,2.7460999329264393,-49.73784818286592,41.45379860366715,-25.94268500486873,3.1471542599821034,48.831003377941784,49.42207090427753,-7.57460083430756,-16.857500156012367,46.89572358759988,40.797077260436865,-27.202589861207525,39.170594387124325,30.6474814910354,-23.400315949062918,-45.657746630040954,34.70010310834538,-36.238957818666165,-45.4751549369352,-18.60494903382897,-47.94518560737737,10.47386795552553,50.6289122733907,5.0704267102402785,-39.82759272325199,31.26451556928698,11.167248669137587,48.21539366710756,10.319149663878797,47.77526597837223,-38.81624444713804,29.287244596367678,49.63754312331703,-5.2745381765902035,19.02525949929098,45.15170033339776,30.44639770430039,-39.49538744043776,-48.48179909622041,11.202425511901058,17.96422811221713,45.54393231171677,24.005284619877806,43.7729977893617,-47.0734877644489,11.347578975892619,6.797581992306714,47.85251770206264,-51.832698621079466,-5.364122544185014,-8.797707332769034,-47.219507917948086,47.78173997467233,-14.852692341918818,48.511114361055,10.457774187406624,49.377458990050215,-3.821608981057482,-3.552555969768314,-48.604033319795,21.586492603927255,44.348692558696364,24.225533635685245,-44.30843380957253,-50.73692436399905,-2.5887383757998714,-13.309810522648704,-47.75093683278803,-7.994545238519095,-49.85771493566744,44.511859491736246,-18.671098777464465,-38.368669419334765,31.59989855474965,44.74417418396116,-20.199135092030577,-49.19599010357269,7.481426247552204,41.987251922187326,-30.06536751279574,3.8398207286894355,-49.98728243193581,-38.85678751341623,30.379998524667972,44.38751070830312,21.07770727909114,-41.43367029767435,27.573979914640432,-45.62976191105567,-17.789994130204025,-45.60685281723264,-15.975769867511099,13.776321126650036,47.23924298317108,46.35127797235095,-16.32043988545584,-36.8377682885826,-34.17355633587918,-14.506272019111314,-46.15232358603574,-7.226617674200327,-49.434249995994435,47.05876473418196,-16.889798419552733,-19.66636867834961,46.08161431587884,38.49295987005223,33.75888116859543,-7.734578815532975,-50.5392534726005;0
-5.425737488379055,-47.46713138858116,-46.43427228221663,-19.184924032706302,35.32825616464898,34.49672040001549,-39.914352459635076,30.08730190362871,11.188370550881107,-49.87730846061898,-49.268382036301624,-3.0298763313822152,21.167513341492253,45.532645079657435,30.235495305013256,-37.51960138521228,48.63536914119383,-14.541145857881265,48.52404788610985,-5.496400881614028,16.56464482942641,46.160385917862314,48.12156293308597,-9.380492994148177,5.252667073381949,50.88741483554439,50.1819562177589,9.011238516712053,47.532254107801656,-15.290169573267137,43.95566311462739,-23.955003238085673,-12.785558129369937,47.810154956059435,24.86014075935135,42.9323825678928,-39.56539592039525,31.13172752600256,-51.488313910092415,-3.3771745649758285,-18.22526298676631,46.18934428107647,-44.2818384688346,21.612031598004727,25.632352490976476,-43.819557942443865,-45.91920605691787,-20.06303527954872,24.350705993463997,-42.79383690947939,51.75630637035839,-1.2760128882618864,-24.8766015864138,41.565381908053524,41.831093668578475,27.315919844881975,7.1891994448601935,-47.242717931402225,29.847814950243443,41.766276703023806,-8.571249605376845,-49.98129494226196,50.20645118641638,-13.783537437969215,43.99352768377554,23.665187600099035,-48.198870874302756,15.338459431597986,27.221900121496677,-42.64759965820927,29.19277681396509,39.68922615099908,3.4304971411015828,-49.9287024386401,8.970748089338347,-48.502252658395136,-18.680933351267157,-45.07575759005991,33.26994605131535,34.00494446956266,48.26382779652647,10.697548743229115,-26.93297827551055,-41.03316572291696,-1.5822005261066574,50.776216068373365,49.430274981792444,-1.70142957723343,-49.236716312807545,-8.968872046510198,44.34701598347789,16.437272860221857,-17.188843635862273,-47.48650293985502,-32.38801481116401,-33.867045872866775,38.59746803558741,-31.471927896115893,25.806660192405438,41.604009413694385,-38.12616144476212,-32.604205878426974,-21.978374535254385,45.9063176181852,4.351343721869734,-49.41311825624327,29.07090711693663,41.252452461845664,44.93778356120067,-22.392209891492843,-50.16160907230745,0.07046429316721237,24.29171740687894,-43.615896775408714,4.692912177580294,50.81567278704805,39.969813990863294,31.17314621192098,-22.880066302734825,-44.61612432012707,-44.02885415810056,-24.54969320174147,34.87220047689903,-35.32956362453458,51.1235625365886,-1.8559029725892944,-6.757221373936167,49.03636370722379,-2.5916994845863126,-49.143925701699814,-9.94643137246839,48.36824827038725,-8.516129667745066,-51.95090260170276,-50.23972162999378,3.220914004845853,33.459288436241934,-36.2246463770959,29.22879876382779,42.82358804905105,49.26251445096155,-8.403031991023619,47.272260748299836,15.026441565672569,-16.91828147940226,-46.45529614186413,-28.469560133547045,-40.67517885620992,47.27202899948757,14.193735536632339,15.276905448209781,48.42128867387238,-24.241902437900734,44.39670626791174,0.4552432011318039,-50.56865568196247,-31.92659851705275,38.67366116284724,-50.397712475503525,-10.996465723639343,-30.197043166696567,40.12146770539781,-49.168306158782165,-5.426340873529954,-4.445739487211155,49.78086491400707,31.59697386085766,-40.453395579329545,-34.40557348195887,-34.80488662878412,-18.41358965414366,47.753552555946534,8.016503960008002,-48.67380450532419,37.94091042969299,-30.46446055900961,-4.325870339224352,-49.677756122985855,29.976882996498514,-38.2031658504468,21.039089871794047,-45.50404377640245,32.91007954851139,-37.64932090671689,-37.225396651655956,34.121198311224106,-36.68915560525596,-32.087975181295974,-42.275708418034476,25.279228694252282,3.171242931282776,49.45109338992019,46.62872784043275,19.8786959826672,22.821102840301638,-45.669650615346185,-38.045118980942924,33.513950941565135,47.29542583380708,-6.185102699361455,-37.73249057214812,32.39166695273899,-33.92252602749764,-36.61827501088805,-45.69180004501096,16.633978426437867,49.897197619111445,7.697136465985382,4.135446928504475,50.95614742128913,9.108072861312497,-49.8695614733685,25.27626607348163,43.04903199647193,-41.70627733767037,25.09615130848788,-42.718992142144,-26.65879957275632,43.390757019323516,-25.001218065803645,-49.94116528428417,-3.5651930948995636,-47.14641389941075,18.789641577021627,48.83260882727632,9.06899336930751,6.849713499715664,48.25418678547368,20.961837486169042,45.797792222811324,1.9731394666570559,49.37238546597759,18.83829523535868,-47.19659946576978,-50.092767739533734,-6.370917485917491,-33.91535752604089,37.34286081971398,-48.60638868581608,11.676639978255638;0
34.663264250584184,-38.07959563775934,-11.047589941502823,46.49150419484785,44.23683143556418,22.40722251498693,5.865168551255692,-49.57321820911323,-45.928511274463425,13.725764858153974,-49.85359070398227,-12.60253976586541,-7.75344712020515,-49.57357448120073,31.308736518217156,-41.22771826982049,5.99127610464362,-48.572543583247125,-6.16807836176277,-50.90476460479779,2.756235913804342,49.22571575926423,-7.529684424477531,-48.4555588783481,47.82242312419899,19.0399097413738,-41.97759406164884,26.536675379269916,-38.29808598100756,-31.861122320767734,-2.5813894286733836,50.19778800743585,-11.970165862357305,50.00579525154472,-20.613427769722684,-45.024541299654736,26.9091040207244,-42.38873402073114,18.256944387651927,-46.31727461362659,48.98160622459334,0.5179883632511685,44.82349922798285,-23.51749597792832,17.879991575590086,-46.2270079214905,46.968604307263135,-14.46800412514991,-51.164090831690054,4.139782297399106,-26.655146832080895,-42.86478550350643,-5.6528081318651555,-50.52936680628902,-48.83938352548825,9.684357276282956,17.14266111896528,-47.027001231172946,-45.57807282947894,17.402313025723693,34.71740035032253,36.20908872566156,-31.202814003370513,-37.774384764245326,-49.6323496722251,5.934379544024358,-29.89313010135401,-42.398308578516634,44.06840848330097,24.373958905446166,-26.621001733976357,-43.07960075215797,-50.00471519246682,3.44049059517972,2.2186932513650435,-48.52646618641577,-44.881212330332325,21.59655404476726,-23.844456835760347,43.45360120004871,-49.05881275481641,6.26418533040991,44.10616161015456,-24.475778296129473,-17.631634755977473,48.21884410786507,49.59493928897284,-4.040672631771539,38.09454983600697,32.78375924704254,47.388526487773085,-9.946385543876843,35.676259449853696,-37.440099238616384,46.72889727485315,-16.229594365150202,3.644831153514419,50.40637806021995,30.905637470672133,-39.18522995331571,18.890190952819506,-46.9805010806055,25.33717905642116,43.487509446757976,-13.274657878513944,48.07249128990865,-45.29090235681125,-20.05410610902178,37.54603301296993,-34.1353529749829,48.933159524764896,11.53985115653821,-32.58531423461893,38.122584311367795,-29.53585049617878,-42.665829979230615,-3.0539345079886138,-50.571246983285654,46.09577673884402,-10.776448868196143,34.65740628421018,33.76084888776001,-40.59311802605049,29.66260127291464,-46.49493300823903,-15.827707220020804,-49.20772800614314,6.265232578135355,-51.41369333303141,-1.18261705550558,-39.31796187922029,32.14123873202434,47.9962249272915,-6.587319886716812,48.543965924698504,10.034293712857025,23.34490461030528,44.015425975615514,-35.595636142548805,34.0143033826497,-48.52345322396413,-0.24626838144740426,-33.19481860973805,36.55255309432217,8.947997045261728,-48.57017576253059,-1.6619215123699027,-51.55184859663522,50.02479703929727,0.9316305879968507,-30.86054381457578,-38.757432617587924,-45.426895609413705,22.45859394191493,-2.6721672444489153,47.98269960035794,-7.455519723805437,50.067686554429486,47.99489243756235,1.2675538932952728,-48.90941977118813,8.511731170013112,-49.3432452806505,-12.961694548897535,17.882588161026423,-46.53534284287338,-34.8300723465625,33.989249568124414,38.673227144789855,-29.833599836386853,-48.4557084261691,1.0733534117864767,-32.39576445091965,37.56014595226765,48.0158289474291,-7.868976769346316,-40.93589904077903,29.882726030590177,32.11866712177931,37.55552087523844,33.073151609801194,-37.61919704415818,-28.300545789450226,-43.49261741865085,26.324028440048835,-41.64564257216512,49.72640332405437,8.388087893430125,-34.66169962734076,36.05090093083873,24.516526262791565,42.527076103456956,-25.50103105296028,-43.95314895780251,-7.425725453514996,50.16234633868458,44.77933520781551,22.910517089040738,-29.28337958850784,-39.9230505008788,48.04804324920805,-2.0929725325148523,-4.5554627270181145,-50.51479439351742,1.340287584296514,-47.35960763130535,-46.40004741569889,-15.46813756882609,-43.294168708310124,-22.562557531197925,1.6207356484398494,-48.79824623997433,-49.889573041273486,-1.6363304965850634,-49.63965133598046,5.385485844768104,45.73074628839751,-20.90751889964946,-51.02982880599715,6.387845981986894,13.921384989651386,48.53486132125164,-35.07848216983194,34.898951139685316,34.20873490913228,37.95143786454927,-44.05143515164914,-22.974454740829813,49.457865671319965,8.402014753060548,34.07205294182817,-36.31522433416879,41.657953143953996,-25.515646107588424,-28.61784364768757,-41.84987135707652,-28.60062760931581,-42.64062578026297,-14.81462761254572,-47.829891813716145;0
-31.16000555312803,-40.406064601712366,-34.90427165391433,34.93299032208913,-24.975448869678644,-43.76545738970877,27.08403682503966,42.537759124795436,48.95807220483536,-11.202269287552365,-28.079404416771848,40.67837715975,50.71878375847524,-2.8488749137700684,5.619455599489818,48.389031656820315,-43.58421760088071,-24.93593579790052,-42.61187712733623,28.618162230215564,33.79502958289312,38.4995952777069,-48.499357053632764,-13.11140123854631,-49.25770269885642,-5.176411091610395,3.811638753960213,-50.31706831358879,48.76356592316767,-20.514508530770513,41.694222819132804,25.897637367223016,17.308369301362525,46.75292794107837,50.404427375639486,-1.3095952948085756,5.407152881288056,50.1878904927371,1.573086876676378,50.244762660745764,-34.04819584990764,-35.44122460068608,-4.140124039016841,-50.38258558274241,-18.659538171095967,-47.66299988710676,50.8213076433475,10.123059839592784,41.068076150849805,-28.592065821281132,-11.892853454840496,47.845590427331,-46.5052711392447,-16.737719952016125,-36.623322716204214,33.92672262275724,48.878709352730425,8.153240553890186,-48.44928733678466,3.0761058420051723,24.986241951857867,-43.18697292881558,-33.30281750196478,39.02316061798952,-50.69118302923746,-4.458227706998848,-48.653969035383376,10.708273561242411,-37.80823825344205,33.29627772876458,-2.480457905969481,-49.56802150649575,-26.01418214335847,42.80797233375655,-42.062551996531504,-28.46118868093036,-18.000383163599974,44.336622178974785,-28.832128405849147,42.16194551645096,0.7784310967911745,48.49724904606313,-16.003167149374228,-45.3566629365982,12.235508659445587,49.17316742869563,-6.088642566897373,49.710562351926335,-36.82946843887946,37.27039543453364,-45.02487164127448,-22.208440099956846,42.786192649325585,-24.443406733290935,23.10041879957392,-45.91791297916759,28.127643480553658,41.9881229598523,48.03159216956436,7.639222767497678,10.015961016181462,-46.85043471470131,-5.5645897682307535,49.47029250079269,-27.861042497475452,40.71172796129253,21.184210685208438,-45.22261707606608,16.962764688681634,-46.413373764168306,-48.888214211515816,2.4948861163321645,27.453711344887758,-40.779539418310115,-32.60632682859461,35.47134596829992,48.02140466862049,14.186911258698593,-4.026041688004087,48.981344249804046,-49.20765187008195,11.36726577418575,-17.13277270103441,-46.89353163596031,-18.570921598886194,45.2211754182358,-49.69205082462858,12.915710491092453,21.628847069844056,-45.67820438961429,-21.033449915718574,-45.37301011242746,-22.158437245952157,45.19210213885066,-45.26683306954433,-23.19249236860645,-33.63083496349187,-37.405560080313826,-42.050962362504436,-29.03281220745711,30.637587666726414,38.08394168462446,-37.166434205366954,-34.12757470034141,-51.22298466046333,2.216399795870975,31.87542414088717,38.260674300617424,49.53532931946564,8.688308331529969,46.63886503990961,-20.056469743914352,-1.9640647124121269,50.36750365720928,48.340633991599894,17.443792128030434,-39.22176088525212,32.511680986933676,-31.369648915009147,39.172066693637774,50.98821869337128,-6.208281232596516,47.703267718576214,-18.65958537105165,-44.365986092365596,-26.186322704336188,49.48148760340263,-0.8604604922440895,50.75761756007024,-3.7954031350545043,33.48643702576488,-34.648716154594794,25.710027476199212,42.85888455642873,-33.73471378215676,37.60045324226833,-16.13825223669871,45.94063420663782,-26.304509107488318,43.86423692183415,-12.019707558598226,49.02529345631616,-32.14399113984668,-38.70708127557648,48.3844570245931,14.38830691147741,44.778619288190875,-20.404689998020157,48.53184830966153,7.347628920744075,-50.04872962237074,-9.87402812465053,45.90243656271467,21.172676662451853,-17.441971309583863,-45.95335519782056,36.70001547418682,33.41033203006162,17.50346932595086,48.70903800115625,41.49905350057645,-23.98241213159339,-18.879665473709892,46.5336800542493,-19.88492342555135,44.099238927088265,18.168654328613606,-45.321272747812515,-42.21539509409423,27.607359286461115,-50.00075140318256,-4.153097858962825,27.16490116780734,40.53913458541201,32.48647915822088,37.03325274417521,49.50420844884881,6.595435151229918,-37.31775810975309,33.701075182124896,38.79363342832952,32.02613195022315,-47.42862541710723,19.436153777429,10.045590775238322,51.092783517764204,23.19447381611756,-45.52145594830936,-21.176577535003403,-46.88443491366487,-5.3493749279523195,48.71945787064759,50.24532438699727,-13.150813005983185,50.912395789866274,-5.313858828990073,-15.16088889816941,49.732759113459394,-36.24429021720008,-33.638968406341796;0
-12.83575028464399,48.78613838500621,49.6848998445452,-14.840189931659603,6.048253263938735,-51.30039273281804,50.41820295773083,-4.639120300310644,15.892776370654124,47.372290551742644,33.75534236292203,37.53516343045166,41.55681792242618,-26.709921711008374,44.20490364512038,21.658993104733966,43.879895578190585,23.38306502100865,-47.504530116765956,-15.63664965446714,41.5760889655305,26.574621983873357,-37.65754015960204,34.096810072532456,-24.205570535458328,-43.947096405144485,-44.46224490628306,21.47149961827778,47.44634525575883,14.46257271545932,16.90547656479063,47.730303836519504,-47.904371951634204,15.855649434647669,45.65499070697685,19.147820238725586,-16.7207883904867,47.99876906893776,46.556478625295696,-17.792328179816412,-11.680258684004933,48.91274978065292,-5.434824246997298,50.3676292793316,-41.987705008561306,27.922441255894682,23.440034526935406,-44.957746198339294,-49.94719124224811,-3.930598040060646,-7.427335506907507,49.833204212068416,-26.593966868449705,41.846104899791676,49.307513165056854,-6.779451611885424,18.791621109237887,46.10491339521102,0.45109158106037883,49.16046683188471,-17.89297371121391,-46.67110475366665,-38.42621067075734,35.02485856537852,-49.81987143563079,10.38088791907127,-22.56781517390206,-45.57267349471335,43.63341197067369,25.520789103074293,5.168254313418553,50.167401175139446,-48.46212716813589,-6.982227793495077,44.95100972841935,20.273687766421705,42.00556362845104,27.37037836189179,43.617852516363655,24.030089941827057,-21.790181487381126,44.00276251400899,41.821090857292184,-24.223079602059183,23.95286120484233,-42.10531299952069,-0.7051329817508346,-48.91851627027494,-49.15049627325743,9.725548926148932,35.50235607957401,-36.48110167457138,-9.637291653125274,48.505598492691135,42.86935966764988,26.000254179799796,30.503720476563434,39.76402923641988,-49.879472764541894,3.42728772397455,-16.438004773250757,46.82944172955951,-14.014042980264312,47.64423372944039,50.20067498756788,3.7542409005806023,-42.334056666101134,-22.72921274808955,-10.591823290947733,-49.73759372705922,-42.27537156302487,27.881222337822507,25.18732812083914,43.37744389116934,11.313588478250946,48.31583237720672,3.139686444655455,-49.24259865109286,-32.40033064297771,39.00552559357353,-36.62064054277028,33.34635052932396,-0.3421729583450759,-49.16435168825552,34.89499887088609,-37.79097682626682,-1.7557085903673693,-50.596217860384414,-39.50561716572702,28.067177561854567,-43.91269691546228,25.80820650235564,-47.81379297024826,-15.98865374484029,-48.16946578777731,10.373095598710128,30.15392754054822,-37.74135603716652,22.386769701161544,-43.661850449253855,43.66527893139357,23.42341541570522,-20.852214836855516,44.877081572738156,-43.25295718367535,23.25169173054551,-25.242838916952316,-41.62994346289875,-33.01969641552419,-36.457993957501394,-49.993365057571005,-5.938797176828714,-29.833693376487123,40.36421454162354,48.73021057859794,12.929818262624849,50.18572642155478,10.331652885937828,10.382198996945837,-48.9701534090117,20.679419878679774,43.518513618250985,-41.972479882642006,28.233135784983254,22.510124273519576,-43.21575053969336,-44.326100393671254,18.317175038796613,-46.83633942411,-14.291544799078038,49.54421892312534,5.396275319540557,-44.696585109834174,20.07184748623025,-50.23852057720073,9.130930811151583,-22.615787424862148,44.83823233692345,-36.10836075891956,-32.70679016243969,6.157440627824777,51.46795516881017,27.942198823671614,40.17063614898473,-34.36806555669073,35.39075346865554,-34.56242771073283,-39.678552184305616,-31.757446998831803,38.14152077425999,-47.31653446447813,-17.6497090476155,11.145583693402543,-48.31983678594601,-20.74655904721269,-47.33731214397848,40.99257360909171,-26.841809843213078,7.527465280127526,-50.559298457011145,-30.141743818378806,40.91979008135221,50.6556208728557,-4.714065479116283,40.44305873224128,-27.422892334134843,-47.76258543128746,-14.268497031178986,-45.286694481862725,-26.541756632552957,-46.44252830585463,7.695059641662554,-23.750364196559026,44.78085102377235,42.69162926799296,22.632988723445983,-12.114924388335494,46.796476946135556,47.198332377215394,18.52633508631772,-18.658314860828348,44.790065772921544,26.040961538001476,43.548496507545494,19.622963321119745,-46.469612349255506,37.35266294058846,-30.54859585574002,40.53253006109104,-26.18749855485763,47.56076384941114,-11.557306804892248,-48.74534502038868,12.34548203256109,-47.97738113591724,10.05023800185275,49.12167227081738,-3.5913500664270224,-19.66667816361403,47.439707168429734;0
30.80649807232933,-37.814989741712616,-33.14208215313484,35.9746588390835,-47.31101347365613,-18.13475269052949,50.079563058610496,-13.75848999723514,-3.5885716246984414,-49.73794246877885,19.894076707156028,-45.34894620253742,38.937595064612275,31.532957081577297,44.45328292325866,-21.78143865878477,-38.69949400427546,-31.88863576546339,-39.76292994611697,-30.371695887620703,42.30256929185879,28.722674636401596,-28.512861441480787,40.868420465798955,-24.681424669239075,-42.81933299629201,-48.1787437908686,19.65423961396627,-45.95714368508247,-16.901513801521567,-13.078948899553241,-47.371120416703754,-42.83112570036526,-29.01106875280479,47.91644489079754,16.944114047040646,-46.8652017843597,-19.620097534532768,4.830294769220968,-50.08311076018002,42.95893680420133,-24.790414189564352,40.91573077305129,28.083323644324796,42.12616517425907,-28.81846044181874,-47.456558092133605,12.288212175437527,-46.94815729430614,14.412596317757256,49.143870313021466,1.1321502498915752,27.354670644125434,42.358802752465465,-12.142272083567134,-50.11861558199309,26.173442165820546,41.8270857720744,21.368891513323756,-46.59284379335093,49.39445488881117,12.444282305238472,-48.70892236713205,-10.780889743753553,25.263610497688795,44.11451631696949,-17.549660024663762,46.28109512456741,47.11322347086731,12.896464244075466,3.2399013118758564,49.36251532014353,-24.295521216559184,-43.96867040572642,10.281780400036478,-49.101125671528145,-15.788056279996827,-46.08737666127744,-23.168726282579527,44.06400675518139,-49.876994229028334,2.1759130489096354,-46.85403558221629,-7.936401187495385,-14.682670121469403,47.689687928056706,-48.416393917367216,12.641211971996926,50.08800344000167,-4.485923836662918,-50.78531075679607,-1.1362953455387743,-39.843840287058065,30.18495895245305,-5.810185554950511,-50.93231805768965,33.35820731435649,-37.11289366808657,48.204774488540544,8.239408536344751,-9.871297277528646,48.069245084167896,10.444020361659314,-48.4165438586007,-49.9510047965457,13.245553553293039,50.06756817570781,2.570405360794893,-42.73274958613277,24.691940761208325,-23.984558837701197,43.586393415606814,-40.55843825089409,-29.549753827993037,-22.848674684543056,43.65386882573404,51.41100317159409,-6.009558151279403,-43.74445031413895,-25.40398673589624,33.83725423381434,36.22423059525624,-47.92544857671552,-5.385252191150305,-30.927577093498908,39.57028266863062,49.32288172847064,4.246660704535811,42.48464083386865,29.512022571283946,12.124225406325284,-48.77521064653224,-43.49636823346896,22.646765644675966,17.397836923513285,46.85423277592184,-35.16976565759614,-36.22055814503568,-31.825891988240702,-40.320231145001586,-5.383433740553163,49.07442990475025,33.10896915445343,36.33496184458698,-48.88075274747897,9.493905688475943,-40.68833759427548,33.52011485321522,-42.273425979770394,28.00489289850591,-36.7846150085939,37.995726639904284,-13.29277487751868,47.15639858030914,-48.19760459202187,-17.54135198947239,-44.60867611080073,21.707256436248713,9.568856887017748,-51.09194909216881,-15.354581961945215,-48.06703530920775,9.072694148828987,-49.82430593325362,-11.834863264533267,48.6149822531835,11.706361411925853,49.52342510403317,-49.17379790522407,-1.0883508264788524,33.36916798859772,37.92444569341489,23.593135104141336,44.35050260393292,2.9018564234345012,49.91885786423212,47.21612903715119,12.889269270970006,7.323934540923406,47.662132300409446,-36.60344880107173,-36.264688589764745,-33.0703761998608,-38.27831775843071,-48.186442871739814,-9.782889437447936,-5.869486476024937,-50.64336190188243,19.732591759872868,-45.52102881675148,-35.117012839712395,35.88125898248569,17.991147232712535,-47.04855722791467,37.599164344533406,-34.19496085622464,-44.15271861237603,-26.344814208560685,-28.00208939145642,-41.5121991221407,-14.938271611811142,47.78893270786905,-38.24745905046026,32.07535241586198,34.10427230679422,34.91233984054134,13.621590966272905,47.898140800868504,1.0017868887759183,-50.06231458251509,-43.90331266733853,-23.055347284738538,-32.49162672450817,-36.56399526582818,50.213472492889856,-13.23395102618256,40.78103207911708,29.505323732943424,34.78727372090338,36.224018686301434,-42.1923551061409,27.83653586906028,9.570090934713196,50.69586928102057,-51.16244091890611,-9.784518951680887,24.479169544993756,-45.389656891826256,-40.14993034027982,-31.445865692312697,21.404009246384994,45.81126333509765,-37.82824903428887,34.50056188693329,-9.517828101438523,48.7365508454128,-15.27941703439537,-49.32445196165961,-1.0262324953578201,50.29179010057122;0
0.6187728041558961,50.015556214370456,-47.54355370133525,15.787227930918355,-42.96140385709569,28.292893706818276,-2.9252116811834306,49.00105288534699,33.54871041054818,-35.494026440120855,20.217262861520705,45.26434972364034,48.69647674915083,5.257728527903951,48.26473492488768,-14.814939740961593,-22.816383106690576,-44.85171048656159,-52.41651140870014,3.4651387120964374,50.316706852476116,-10.149043539201164,-41.46652002542724,30.28068378906395,42.9266229143139,24.889741423557,-29.43066261341692,41.53028902006995,26.49918822747499,43.41151457276095,48.60169746015789,-5.825130935352324,36.042193661937965,-35.55009757892237,-48.641370219353455,2.2090308417462077,-42.56142435729977,30.050591841559786,-48.617758297643334,15.771723593903696,-9.769163701015254,-50.335688759690974,-0.5381152591440055,48.29573806391379,-36.663567767428844,-36.70916550580681,31.671822619484857,38.06523921980457,14.746550160327054,47.940247257868904,42.24370387630728,22.647041021135347,49.562439859684375,-16.34400500866748,45.98603028545202,17.541326311828,-40.190034813563045,-29.720952434523088,-9.79822378642899,-48.09006211203638,49.70968935702841,-9.383374650517496,21.573011979402327,-44.134680782608804,-47.96195856398838,-8.504133180959565,-24.43883702454207,44.30087244303344,-32.85677149926608,41.39657136811107,42.71499241515492,23.627588070521945,-46.35164727681662,-17.3731958997097,26.509535747181616,45.239630802589964,-13.968805136412048,48.734481125951824,27.55915298398373,-40.89458173418486,-32.48635825665167,37.861497717873625,-27.26887490828385,42.18767199221259,-11.294326507144142,-49.604937049829,49.79289260126525,9.721538798007499,-49.59092249551211,6.751597758881757,-6.7688990160691045,-48.64352482211272,6.629931969289721,-47.96198537489249,1.7313292625211723,48.47825366915888,-17.074446103523627,45.78773995398771,33.114225659764415,38.844724051740165,-40.78592382262666,-28.322250215594003,25.071206709999192,43.12972530809301,16.618315681786758,-47.62120353892081,-50.19029772947559,-0.6704991217657336,46.743793593776054,18.300068171476042,-39.12148746612724,31.849827242442224,-35.88864459058258,-33.81761290967862,18.989993213275,46.04012329011807,-44.07769614419546,21.94450871123842,43.5183189038629,27.11103191460348,-3.6918423741070328,-49.69177108540038,-39.20499286315202,31.571510900095667,-27.45659978795431,41.545025233958356,-39.70360165794434,30.921093849235397,49.80915093941417,4.146146784613459,-49.8341800651049,11.473086002721773,38.565387071340545,-31.17466831842475,26.11862964531994,42.21330705917593,27.985345455683042,-40.330483506347306,-7.756198172326297,48.98633368413322,5.993081715159156,-49.04348348874616,23.58994060372809,-41.50180892244732,39.44846564107678,-28.736200361194395,50.693169143180974,-7.856000457023209,-43.8729039674408,22.28393481001816,-19.828035669048372,-43.81201784761145,-19.3201248168602,45.21887783184366,15.194601907858623,-47.40991702357739,-45.46801778189167,20.20195769941735,-48.57401076005977,-3.5827390089078968,5.959928557885729,-50.45151048657193,21.782264654357,44.10450603967635,-47.53184946363519,14.49834060006641,40.44397999998102,-30.172585561282382,-19.153605085897464,-46.66719201510458,-12.220757296052101,48.07129185567593,-44.30579443037587,22.002102142829955,-43.87168456697724,-22.735847958037162,48.715810047608116,-9.651633667542754,-46.31597250808447,-17.47635426172931,49.59754484050427,-8.936301713194794,24.18868348861568,44.944026957314634,5.992291718998549,49.734990358922445,-44.82125643008821,-20.056919674576616,-29.704154411238942,-43.09249485345523,47.975523966117265,-12.348176157395615,35.220036467731624,-32.83388964404193,-33.10230276865959,37.30076756149823,-28.68269532790598,41.02113223252024,28.016584288630256,-40.661230769231125,-38.6637963403812,31.959819454025222,-25.56807990096418,-42.07780375235646,-46.77322557922017,17.338392896061226,-38.64288824124356,-29.83052867512074,10.667320567092899,-47.98904712545634,48.31660020559488,-8.795876512300001,-34.63295941835219,34.24369504238352,-21.98287976180858,-45.31773469846263,16.90168646557938,-45.935901641173984,-15.218964230369602,-46.97346386067167,17.488978417678236,-46.9241805795249,-5.115904715695541,49.52991277466556,-21.384631163812358,46.9589745941702,26.894251430954753,43.87230982762339,22.102489852673116,-44.606094923578326,35.691277239450024,-36.62108441129732,22.437042963704982,-44.987910259429675,1.2382394739881666,-49.056825134326075,-50.766272119305576,-4.480159278589285,-45.91863997094574,-15.482498792041817;0
48.33170245664851,11.494889382158966,9.342847679600322,-49.90289837725934,41.09110185304201,26.69052680970833,-33.63540387592024,-37.12831532908099,50.01889231926752,4.734287772098002,46.62640003928967,-19.069934767369276,-44.96495596591382,23.493376968643783,-1.2365503539093177,48.70507905555145,19.9034459322433,47.63445855855394,-43.327706555774434,26.81714438384377,49.79860578197926,3.703144939216555,-31.005074050937488,-39.36390978621023,33.2208736713886,-36.450893718478014,-40.0771229037413,-31.58460939300852,16.335737944205324,-46.4440696098176,23.105031281478706,-44.257900847966525,-7.721531432127799,50.32601796122257,26.086283614570192,-43.78567656968915,-12.134817772843041,48.93770079697839,31.150841859958017,35.8500859276811,-11.42548639242804,-48.50013848700011,-48.325820561762505,9.205905317279438,-47.19975219939478,-18.325166580442584,-37.85483105323964,34.919229556412915,46.52782372147917,-18.87623251044601,43.030560509021456,25.502590546731167,44.04409932522155,-24.801461567996427,26.683366623125213,41.291426496383586,-46.43518762927581,16.979520271672776,13.613413984540927,49.699206846610096,22.810282446992492,44.27759739920701,-47.4399994656832,-4.247043236843292,40.31458798794011,-31.521164715414344,44.965204374556215,-23.135303530490383,27.268534743658535,-42.08825166683115,-50.30021470305111,0.9425140063193046,23.385281599734284,-47.27918421333132,46.56922271309474,-19.795879887794605,16.21630028848486,-47.455676489849125,-51.36051954998307,13.331427551907156,-28.861917677323202,40.07263409059605,40.380362323705135,32.217302944164366,50.1535922813383,-4.677062489246273,27.928278334123,40.52439669130713,-8.930422340305475,47.8860545016212,-15.132217743162034,-45.75030166265627,-30.833309200329822,-41.301336099389886,6.923172703293651,49.10161112548151,14.936938314292854,-48.05352863074553,-50.02455119697443,-3.1863331449921732,43.261803246964405,24.16046985588769,50.013721721213244,9.070762846545655,-47.58036708278373,-20.59505522057489,28.900997547486583,42.016827465427994,3.3732647669382496,50.96160238630212,49.982522855701916,11.275656992582645,-28.362075780710462,-41.2195715175924,30.78857042387722,-40.56305082627366,16.522773839085826,47.089034430125984,16.70829207597413,-46.05148918484484,44.95370332969104,25.304033654762335,-32.62593052808318,-38.131565359706144,25.21301284630394,-43.9899494493839,-11.914938258069581,48.01001607679995,-49.062322537831044,7.359673779606462,20.288892567504973,42.202201305595054,48.18245862657853,-14.260305351324808,47.263858342890025,12.92411396976884,29.215902612261456,-40.19678982300389,26.541048551754614,-45.02184269800738,47.64100710019602,-12.671600252426739,42.15553362912464,27.40404608917336,49.4277794478103,-10.839179650210278,36.516302389461856,33.84178339577999,49.07169356704206,14.001370801957798,0.23580702952274168,-50.5142901492787,32.8219490711141,-39.46461898181267,47.417392360880356,-20.483477739415708,-33.13831650666513,-37.3153638722645,-24.742086890527478,44.23530895998686,-50.5583962036702,9.153128495512247,14.558714413203017,-45.17613210046711,48.681595715062564,-18.39967597852186,26.42259559951125,42.48768299761533,-36.04581069152137,-34.93643864955844,50.14730107685166,6.789995828445419,44.65153850871246,25.22287650419638,31.609391348368376,-38.186758017901916,49.083333201701336,-9.253094797450748,39.14639177393162,-33.74542016674676,-40.87999767832445,-31.524684234452838,8.362272363353588,49.476867185365876,-48.85435689250242,-0.421610427714697,49.396849019553386,-9.554167392872463,18.299494736646366,44.9905933140825,11.730156338211527,-47.59197214145275,-37.50414162121916,-33.39278973964055,-41.453796884840344,-25.975608740380565,-48.97832391810287,12.12655608197211,-8.246918194417296,49.15356344891838,22.836198206599217,-45.814083452116186,46.5555658853473,-21.483188811079263,-39.6287454740287,30.676962838773797,41.27915046269928,-28.396745889776575,-32.25335860334117,-38.35680713188597,44.68599860531802,21.99467074072121,-50.43104483535576,-1.09164212179718,6.411701446149573,-51.507391747436365,17.43644372700775,-47.26838151326106,-48.346340432799366,7.376289769328766,37.46819784617389,-34.205344332087705,51.28229457388453,-2.602610521266386,45.81680461892464,-21.050900117678072,-42.244905100082406,26.026179657179977,49.04908008892482,-15.951473648552984,-23.470190362474188,44.468312142598975,-29.004833873036777,-43.110926507322205,-47.929594573835416,16.288534034607125,-23.97011207297768,-43.037930502480386,-45.441603309893125,-22.118036693735398;0
-48.36715426291143,13.265438660432,-16.71979978161595,47.811500111994995,5.376522454577809,51.5498488772101,-9.300464066824828,49.87663673801565,21.208545777297932,-45.583721526943656,40.138850919035725,33.26134459417596,-34.068611735149176,-36.5258897221038,-9.945950449180394,50.60685891549403,-21.668170513516458,-45.969574623542044,-21.002888404962746,-45.7042728181886,15.21312693987214,-47.96379366162023,47.95568585054275,14.212371313653732,42.1940089637067,-26.901128674360663,11.862069648741233,48.195941250879144,-15.308370422311471,49.43131862615155,49.91867870642462,-4.335859999367388,21.166345637475505,44.97799278849286,49.23028931231522,-1.657355397400791,-0.9190332600042219,-49.34727145351331,7.820797268589086,50.20274937228713,30.90051622188839,41.125921675815285,-48.374972371123185,-4.457331294972554,-41.708732630765034,30.89960272627792,46.028099335502105,21.384834632312415,-26.216706005548772,42.943006290950876,50.50386476609939,2.0110051541212117,6.470122010325547,-49.30870353448947,35.10745142814268,-36.809745691967855,-48.749867011643374,-10.49990633336136,41.867097486470335,24.23068510698823,22.04757305858124,-45.4601941681781,-50.8494773320364,-0.09978909340464481,37.18982748860863,-32.99145689896576,22.896882904575467,41.62919544898305,-40.15182468622589,28.861949794853462,26.16147361308593,-45.125957514654225,48.60880012641886,-7.520278556856295,-35.737496184067794,-36.03699868766351,35.29635118045193,-36.52559947112213,0.46715520329157,52.24021741207867,-29.967847391230894,-39.718311066826324,-15.055301392785193,47.893560162706585,1.2109937482170623,48.51910733375371,-48.59970172838418,-16.59098960456469,35.93876712730542,34.52301607431987,-26.325362080773285,43.296247107359555,-33.323404807649894,-35.80553628564313,27.356300976540297,-45.07555173465858,-32.49361654778071,39.473113475778476,4.088562000687946,50.298102944214136,15.149103040267182,-47.5490046605298,-39.13171153289462,-29.903573307363985,-49.50524817260763,2.7748270947767053,45.56677815188744,-20.560821335386848,-28.574853145885278,-41.18022881941346,-21.05908356350947,-44.25147967703712,-18.333875420064146,44.781236850287726,35.38821426254379,33.22825873741974,29.439204090648847,40.69876811982385,5.502068442993236,-51.17167189924244,-48.752074057701705,-3.304607283753725,-48.52618745059122,10.935234849296556,3.1023510390020745,-50.714609019124524,47.015304542800955,-14.690377796256897,33.62449911017914,36.59187326786966,46.03031887818671,-14.687545948529406,36.13250735760436,32.79520379692506,50.062444960370414,-2.6420410605524594,-47.42266293551744,19.3266252381488,31.0344605110614,39.33129141274932,-25.317813431988686,-46.21226277777053,-6.113506433543962,48.63003882728369,-43.84676996002166,-22.74705015459353,37.56179123807682,34.071601922523,33.52249925205372,-38.348570040248454,49.381218553276284,-0.19325708879113623,-48.354822198683465,-11.132640884573542,-48.18986753018622,14.557741632298992,-49.20537432279326,13.397727187831315,-13.226025406457387,-49.370263395839274,47.67294634140679,12.244838297936152,8.618945718238816,47.644543733798706,-28.679853385198967,41.09051156753429,47.34440789000225,-13.841435752086985,-49.59128995262194,7.80823156204899,-36.389976969163975,-34.57083134806177,-36.40015836394622,35.999163558563446,-35.077522812028135,36.10786807601379,-46.42201083034085,-15.142178266085297,-48.29965117480945,-7.310292907353876,30.12977397932048,-40.10224260033436,-3.396459993604425,-48.9519765491024,-45.04257360461039,-21.43807771018987,-28.304891605693204,-40.159515183491436,49.04267606635163,5.021962623884993,45.51300224150975,21.64316973989041,-41.35123492623905,-23.8165386839469,40.1204644560874,-29.084236301047632,-22.99575074715678,44.392843518317946,-10.994098996933586,47.78590976890339,-31.521376345304482,35.84207737142533,-50.10669809603966,0.19677600517869243,-36.435044651106374,32.37822705332263,48.77862469796985,10.427469690772684,-47.17726445889301,15.873694667553444,47.54494366902414,-14.471081316924304,-40.471276496043814,29.045569591615372,47.58567413264356,-6.035014624234144,-43.747098193855535,-21.80631013428893,-0.060847055778872505,-49.64259901422273,5.777463893623345,50.3909161819447,37.2044341446919,-34.6058356789716,-49.30758171886797,9.96097079876199,-49.62859638111385,-5.108061412232486,47.60314643739704,-21.93414114888885,49.304614310357614,4.7560005564998855,-38.23481563472584,31.9857752623472,49.497415241917466,3.4570585061912817,-21.320328160375077,43.90277684627824,33.94869755171992,-37.69018201575387;0
-7.940283240979419,-49.7458713261899,-40.122465940763234,-31.2971492392741,49.298494045736525,-15.353815601948162,30.630555805572843,39.61805772283975,16.051066510099822,-45.19074918002902,-31.52276991812824,37.31628099828123,20.512739267230508,45.40668228967442,-2.3033771298174965,49.777800217898026,-31.578350039125326,-37.97936911369301,48.549248658269775,9.01503336063762,47.18306733511964,-15.093162232979804,40.63852933203003,-27.150255262871514,-50.30058803964035,-13.943023842645504,17.472882270334804,48.640967636080454,5.413097312440464,48.16680892257558,49.58776987052471,0.21231829667036817,7.36949515864413,47.59526688812949,-33.723032632288586,36.971257456859966,-47.49099765018902,14.831372217183652,2.0921919017187056,51.898001650825044,-50.050766175338005,11.435111958936107,13.674689659493513,48.298486421753175,-23.775755916498785,-43.92082144616601,-48.895023035776205,14.336070154282565,-39.707167188688544,-28.250097469817472,-23.62501724663499,44.34641613717247,8.701496383171557,50.03745061699385,9.661935887894998,49.11883956309931,25.151149155057887,42.44854466395043,50.42401535546046,6.40878435404602,-35.4263057020361,-37.871929340384455,-48.367153630472686,-7.1139503986462636,0.6284959513112978,50.500163305655725,-49.28935331383041,-8.58079760090276,23.748527522297262,44.10808709207881,-26.998497974610956,42.30610492952579,49.07134741991941,1.864526632274469,5.896488362857814,50.30473277507406,49.1043980762473,7.407378933053559,28.967330476530055,40.2654120105969,-47.99439110655277,6.886238270738487,-30.624012309822305,38.76268018327256,-31.719084288867716,-39.73261961321947,-44.42147609722017,25.357244631529205,21.51871793624543,45.87185200507517,-30.07158844646976,40.62274020802983,-49.511148098112486,6.051577296355924,17.213169317626722,-48.22923887948299,-41.202373433707905,29.28116804370958,-44.91931048539487,18.732078668552234,33.712722460033575,-36.734896520113715,17.376552058194775,46.81514892034878,-8.623907110585494,-48.90836225684785,-21.57026548044745,-43.743544096003944,15.133002157645432,47.669641177469444,42.84084194202621,25.6762434752544,13.354544141052834,50.03769111602878,35.57788607810038,-36.83691141660041,-10.43697270611217,-50.59360256028353,-25.366467565653977,-45.55372266402899,-40.85949362426897,29.66380328351157,42.952910012517115,22.856409776733877,6.2975378140990195,48.49846394943903,14.626542969258214,50.37879779621097,25.999640607174676,42.598623439574155,49.11551559837799,-16.08652232904438,-0.9892299540809649,50.75123237194205,40.05440713483636,-28.132195437551154,6.957698930471785,-50.768459164672926,29.3422647507611,38.553530558116776,35.80929740801946,-33.2442820434885,45.26034910362189,22.381237432822378,-26.369451274530114,-42.477221272102014,-32.99423866643621,-38.1140891156005,-20.010998235248902,44.3697052041128,-47.944794330151325,16.265193897787636,9.820217406142177,-48.06227719583725,33.11435321627974,-38.21143628485704,-11.719232729623032,-50.74246367591134,-48.87679563764723,0.4665366719036612,48.7482055957577,-11.36984478702843,-25.398002811591706,41.07570677219888,-6.073893755181806,50.14834208839176,-46.38388320521227,-20.274624804067017,48.82669149483632,-2.110329882554905,36.408750635156,-31.538536318549177,35.74684735268759,33.32797325309307,-37.046673495193915,32.05170031943,-43.80235598395112,23.169627806835315,21.431645595900715,45.21154082754631,49.03297122935777,4.20588891260047,6.560497412923368,-49.80161972252842,47.923097688896,-15.385273710270194,-3.1997803677817904,50.9204876766364,49.21266068280958,-11.76984337193643,8.403547844971317,-48.83708625437652,26.146692240777064,-43.10077979502981,-50.84833881535744,3.3348955343246516,45.971970203535214,-18.836087164427653,-33.605924848735114,36.242906995239494,-48.598934357106124,-11.505841329083431,-42.36876144961645,-25.58416879125101,1.7977609655125222,49.585164875775185,10.867626732623245,-49.81547131038222,21.74674499029822,46.02062325639223,30.497015101583013,40.70896541142749,-36.17948494392147,-36.20308869970889,19.10517753886006,46.123395286275795,-17.986873629568088,48.15105304427194,30.719046770275803,-41.34319321913452,43.66329126773635,25.938882623695804,-42.66618852961677,-26.01643786246157,-41.098151794198586,-30.466638095805035,-43.29947536893229,-25.081589364140708,-49.99042000830299,-3.1689551415448562,-6.467016607183615,51.30050793822247,-4.396196035245843,-49.11165486787965,-16.52304593999638,49.238280777702045,16.49493531148197,-46.91726714468894,42.35159881242819,-24.06430192038474;0
46.55601167798689,-16.68586882475068,-47.60137135317462,9.297476485838114,18.439150432331278,47.90346897839603,-43.81469032128515,-22.39646926773956,-36.9979258712335,-33.56918334035652,-20.59355971926248,-46.43540120511836,39.97328449743571,30.818253705882753,0.24318872238712097,-49.76847220113375,-8.651435873995695,48.970298696885,1.0261095891044458,-51.333837697609525,12.48908084103233,-47.911186045302834,-33.020015391640236,-36.7889018524112,-45.67767440155934,16.455753926862016,50.009109117425005,-10.793139277452386,39.80499827021295,-28.346302578541557,15.260378676221661,46.43230142863475,-39.79517570792382,-27.715030783382897,-44.76401829728709,-21.864169196424967,-13.012615629196317,-47.14092897986459,45.278284796966446,-21.906668480008626,45.96082376899849,17.533306759517387,34.25148757529632,36.046343537005605,35.81426937340571,32.01808820508742,-34.05702441932871,37.34410029679439,16.006870128300353,-47.666514230798434,49.53434566860285,-10.843832302481394,-26.564717054903223,42.15567593654955,-51.03118696949667,5.962898813617394,23.215968381571816,44.32830954513448,40.873631215440234,-28.274878569332703,4.003413237639377,-49.59414151277142,15.676025028110958,46.58187511304607,-34.778465175719454,36.45223944593836,-41.58554103420803,-26.436797899802645,49.01437987875167,13.584838658921209,23.22445573455437,-45.07466486979444,-32.89230203360084,-38.68192613134391,49.553861912397466,6.5969883963031455,17.93871253097565,-46.833774426819986,-43.62777547119782,28.439129223232907,48.8321949448461,-0.7730999817368085,-48.06724286962851,12.23765780166384,-26.590688296275125,42.32519503911741,-49.33435063473639,-10.613541869010746,45.782488499994066,-21.145933525235762,35.694834328128486,-34.3660871691985,1.4975090012926922,-49.96737074891793,-48.02680084087869,10.651218502435311,-13.977877510053998,-48.30164225345145,47.420163118697346,13.864145181826608,-20.491812164832126,-45.464007042921935,-43.83305266681132,24.306474664176914,39.179123368428826,-28.983888206449524,46.846984925345886,-17.558155678194737,49.98886568246504,-7.7044287104111016,-45.68063181382157,-23.641020805617387,50.35856173057659,-7.310280188672394,-43.26320801044529,-26.867573911754285,-23.7001822062887,42.36727780008563,-49.34063436656107,8.551015853523332,-46.18006800517144,18.57378233951326,-6.8582116420016925,-51.12228995470095,-35.15959820444492,-36.57753392135294,33.44349102553353,-38.78631391840489,-26.978626049681118,44.130934807690025,-18.102523709746755,-48.20538294862887,-43.9077180314052,25.36305068688956,14.095648128235524,47.38675657889145,47.82826051210822,11.230210992701616,-40.932881094025994,-28.973014313607976,47.24735583461516,-18.201842531355595,49.029390044312294,-11.52402347024708,27.247293737011205,-42.00084871776364,44.952784784622104,-21.95094080144435,-42.42296317030428,-24.643096754626296,-42.76143831827788,26.37697361172177,48.920573172043454,-9.102787849174986,45.882377688533715,22.212828731693953,-18.31474439172812,-47.253010559187146,-50.1132841850714,8.688765247267986,10.977030241771734,-46.813189662020655,-49.67458845761787,2.9763995525665843,-22.53961493028281,45.80005312043568,32.744557511471385,37.99537695392445,-46.40170647965839,20.55960157346852,49.69777441785214,-8.422072297779465,11.883004462551124,-47.132951830536484,-22.989850117013994,43.83873525412711,39.09938234351193,31.11412280663331,8.807237451365436,48.87950571832012,-25.747019135406447,-43.75016088374324,17.00458753620514,46.40530396537716,38.87448155636121,34.629614493839064,-48.51353339921283,-13.88572029939916,-14.406619570407639,45.20913864660022,-33.95939869823253,36.117007152589245,-37.983646594171574,-34.06550923649008,-48.33391287968314,-14.017751988429781,-42.33803685091299,29.156419584960023,-31.76494710997879,38.59726357826958,-48.43146618768584,13.28125161069868,-38.686219149205485,-32.003177484068125,2.222378778383333,48.703966644025826,-15.824814222665614,-48.805133131370106,4.086916212455122,-50.54022331943216,-4.048707873147486,48.99094289811318,19.115032279571782,-45.32736408288389,-18.640441415767473,-46.28597720598646,27.13383714826311,-44.87768165002858,-22.993068460628916,-46.419287083263576,22.007905085728563,44.27208526535439,-49.54378120622556,8.244884835067209,-47.681169981897696,-3.180503258601534,-19.90800413220344,-44.18630132467078,41.77252388793678,27.31885848078006,50.10872241234082,1.894016378943307,-47.10197860586137,-4.781021997111583,44.11292735513244,20.648693568458118,-48.81472001739655,10.538262175542007,48.59292454007812,8.134195635647464;0
-37.497514933597586,33.43953432039605,33.33655816068708,-38.88163399637355,47.16022473325032,-17.021482718725824,-12.672596451775831,-47.95488363258413,-33.393752231662916,-34.20617220221735,-38.340825403400146,-29.825019320186865,14.337448366061697,46.48181584942431,-37.02505338684715,33.73444444652475,-2.9176698625360418,51.685772658538866,44.987271063401046,22.523912840450905,-9.019754967297953,51.31368665026213,-48.42127067838272,19.40938322949703,-50.789842259906536,4.104951460225989,32.53270778305515,-36.146174927597805,-48.506096862877705,-10.892821393173234,-45.09593002685802,-19.3049581920649,-48.71589172839095,8.794251220844927,-19.687283440416238,-45.62688621268336,-50.589046361304014,-0.8258295622761418,21.840590592936703,-43.849342460327044,47.79457041849629,-10.36579412613134,32.0157073914948,-39.882356475118,-17.74234588027651,45.33501713845473,-47.57023941237259,-15.584646554250027,-28.535254279148297,-40.50715422943558,46.04920361468851,-16.3928945836885,48.86082099854601,-8.403535732536545,-47.01302364323883,15.8012221747799,15.47710441029772,-48.97313220670824,-7.182317728515747,-49.3980665277716,42.610671270311876,29.21881253031565,12.91408301755183,-47.637136334855356,45.20543778399125,-22.771226395341856,-38.28172059596405,-34.31275710020096,13.021012451498429,49.185324772541875,2.3079483982682905,50.002518214263254,-42.21407111212719,25.854576753792703,-6.871559961582618,-51.18851609946767,48.543729628026334,5.231226166290796,20.513670892490712,45.980499641491974,-46.05946405039245,18.896196647197517,-39.77163477936669,-28.043102679052154,37.35551321833318,37.34582456464572,17.247902951102194,-47.01006692234086,9.459905125036014,49.427843713808514,42.39244429639719,27.88640836519366,37.367439925096846,34.480549765470165,50.250206575189104,-2.1251134636022604,-21.812006713792698,45.45918644263421,-41.203139862599556,29.152481663733905,-49.37155743941589,6.581362354868433,-44.06432136432487,24.46143526330272,-13.79327471184199,49.54222438229229,-45.95180957284516,-22.690204343729995,-31.88694230129973,37.128985010340784,2.4990161326234737,49.500416300083955,-47.34661605269328,16.499791071216162,-41.307161546896644,-30.225172230313717,-23.936167020084884,43.14023170419294,-29.56948202679169,-40.78682275718408,-41.51101429206298,23.918437444867585,-12.923012530651212,50.41444839398517,-17.324722245267182,-47.57011916920335,44.30249845355894,-24.56725997913915,-43.498567625413834,-23.85158320630309,-24.20175118482642,-44.01950297521178,-30.57722921146862,-39.832273300790035,-26.6954837045936,-42.457759150587094,-40.34765480997791,32.23370594220113,-5.500422697302106,-51.8698157829512,-32.087435277751965,-38.96349181423783,-48.32276142046997,13.795237857674922,51.14545651014805,8.819218335422878,-50.44454743024979,-7.567058434019098,-49.25059023497786,15.505498004577204,-30.782736849529314,-36.51905902957291,-46.10994795156157,-12.66560610468008,48.749482189096305,-9.683832657325672,10.311285131529337,-45.72992235085052,-38.02035356085591,-32.780877973681534,-42.966966975705084,25.34387395795679,-1.133113888041032,-49.76915548604938,49.4755037850374,10.412125952907262,49.08488398606709,5.942413540148449,-3.0147207750511136,-49.354759199787445,-50.2963035753834,-5.338168884372947,-16.35525735586826,47.885709225414026,-47.97944846193892,-12.9448168949886,30.730943552820037,-40.37161004522408,-32.814377184130144,39.08973941393287,36.703095804337465,-36.64185164790669,30.133704093874194,-40.10128248355923,8.5263689001978,50.09799392726311,-29.75391540283627,-40.24468131553407,49.40446968455857,-14.902158877446427,-20.538391406174753,-44.10116561472959,-51.206686723576865,-3.5264643772533075,1.1949310052517204,48.84243632398264,31.484728096768414,40.51913675046154,-42.03137400108837,27.377329567078213,37.06413984728924,-31.521537445306784,4.583058770142139,50.1341256240519,11.677100713963327,48.145800288885006,-31.268373281637672,39.28319217933192,-49.72135555387821,-5.873970317601958,-42.99438195459477,-27.23024910072857,-38.13233913833483,-32.4431882301553,-14.34929275871326,47.30804526840055,39.52078111357903,30.80616743174076,51.17257141641545,-1.0613103559593442,47.514862884425895,11.9902447210778,-48.74133921599689,-5.407207571517089,-24.68227455796376,42.56673274284749,-29.714869993396455,-43.622607840879425,30.062545695702866,41.439012289960026,48.78533499667451,-15.129195971633074,40.978751151050226,26.366773934124012,16.81070412893869,-46.988161443693386,-49.06970227813844,-7.158545147816618,-51.13133261272212,-3.5957275528202617;0
-48.82709187874454,-15.010117176508624,15.713933589556765,-47.293799672413826,20.25044935843938,-45.58670050685471,36.30444788530613,34.735641452067895,-42.62993611912571,-28.692253130571267,-49.13512011330509,-7.583166490941558,-49.07563663482966,10.82115644127595,-50.1004435991856,8.745358715043182,-35.03942544660051,-36.4502695519879,43.803418252072696,-22.21810269990273,19.16730989697564,-46.98017651548774,48.018061899581085,-16.550418123074948,43.2661917005365,-23.26564786356053,-42.64859135298568,25.909004342707554,24.007652071991078,-45.272914122056406,46.52959601780162,-17.32789153435675,-35.18300082768883,-34.34495656061847,-1.2425583815077388,49.22987400892592,-41.89375021505413,-26.822395158326614,30.39327236670659,-40.028298598402415,48.037148932053306,13.48706966144721,28.60117715561111,-39.96647026208941,-8.836663050023729,-48.238861840440514,-11.528320849535906,47.40623807166207,-49.92514155580232,5.988768038967421,27.448847266627357,-39.54787113224812,-39.154081469691604,-30.893513696209435,28.338977815666173,40.16117420884434,-48.546345583645916,-9.520342137290484,17.559011951302537,46.88236507743809,-22.915834664692742,-43.27370427448506,-47.56584675555766,-14.484811277708234,26.978573761954337,40.671008744136806,43.9686147282277,-20.490118889923558,-46.87642271634666,-12.424466897099478,-29.74528195039012,-42.43167141523704,-23.175870571116747,-45.180137122344064,19.832052288796415,-45.42016796187062,52.231953120507605,4.679533148791698,26.97652159255892,-39.0245667604394,-46.54260611661798,20.572346527487284,-50.67143258936236,6.9733397028663004,-9.494543372017914,-49.27169915327447,27.69485971216057,-42.1368521392334,37.77603846324329,33.44712059516814,-38.360712764839356,-30.584048173898925,9.865007971931254,48.35426963040292,48.964164861910334,11.748147999505598,-9.49076960902092,48.390801235093086,-13.761399279941953,47.84243908861157,33.50512527344381,36.872661937799904,-7.940354854930722,-50.754115230326065,13.13215657880314,49.640069215788934,12.752026020578192,-47.451540461736954,-6.16291993616745,-48.71322682059701,-28.87212936986702,43.22548035052128,8.91395877462441,50.02866666465742,4.745402645000062,50.710119360223175,37.71145317172337,31.59075673388743,46.83960739244884,-17.73363025176814,-48.426366708621956,-12.572399619980667,39.46292508606159,-31.921920391186887,39.08925089249251,-33.886182819386555,51.085094613962795,2.0877260466718326,34.94834970381813,-35.70628177750382,-15.759873817012151,47.41965318837934,48.01099399595325,-16.018295974667005,48.44034154497414,5.279966974534194,50.106445190015,-8.01330202521343,20.43168336923149,-44.82439570320142,-22.67256947484326,46.01770235103818,-15.842047614503436,47.614261000346225,-42.4918802860688,25.787429250952997,-27.604838326205872,42.18299046865943,46.717510363460605,-16.52896292813497,-46.26212824196543,19.63693440630785,-17.063521729117294,48.328137572775674,-18.379238433071787,-45.580600147472644,41.26726861254464,25.88649387730236,46.450112118858996,-15.237105161391062,25.357436341938694,-42.416561461966914,-9.53075952251856,-48.414674730362435,-8.43198795911708,-48.196805522511056,37.1690125764626,33.37467749094158,-51.12575901075368,7.2492288871499975,-44.96444819018735,-22.576326365169706,-18.367456697318303,47.6583232291337,13.970430244115756,-49.17374817178878,36.64799508692807,-32.86354478997973,-14.87991130403151,-49.134234506296195,49.88871007045088,-16.122730107910368,-39.9393992269018,28.48924540648829,-48.89408030089855,-7.769846953955855,9.79394850768875,-47.366003596947095,51.17214737320594,3.9695050231334648,-46.84132328022939,-17.722273120855185,-52.195311498839864,2.237798356234575,-29.664743536992827,-41.09599503176051,35.60102633589199,-37.40214776861155,-38.80703548153783,-29.12296720591242,-28.26118292456498,41.08776546989848,-23.633531609872094,43.11798849485405,17.82685455467212,-45.89232449560318,42.16429757024931,-27.582253666650946,-30.305149642208647,-40.23688573449183,-6.968074607225467,47.62866758116073,49.9784318420532,11.373696366530242,46.28367140031222,14.766239172162413,-47.96908825452899,11.115408474756913,25.982953544735444,43.91341869486325,46.104115201262836,-23.588677165713616,-46.648213758004374,-19.234750951327225,25.253196720836566,43.68299340104501,-33.086647175983664,39.08779198251426,48.13378837811542,14.272371992045636,-40.12776580000065,27.26397739327451,46.98853099368643,-19.313636548405935,4.840500531430016,-50.36668408986045,-37.475058235120926,32.07798713856942,11.71584562544377,-49.91479361655707;0
-40.453070335215834,25.69928133770998,46.48617995418137,15.810344374476818,9.1071579834861,-48.557295135733504,-13.305432152223995,48.01311249713508,-46.71242042394963,17.065581824824054,-16.580705138474002,46.31025453426692,-49.04489714429877,-9.99705286568947,-35.491718974990995,-35.24529104925573,9.17907537058493,-50.18540119545957,-19.56335807382994,-46.17751380093873,49.46794525966882,-4.65229449821407,-41.868182901218574,-30.174932600448248,19.99558820470775,-46.768370860734436,-13.770406847031063,-50.75860585100321,47.66550143967967,7.679177217774481,40.671026831222875,-28.506823755130572,-48.277070058416214,15.850004729812555,37.70976073210295,34.284301837546884,26.106292887138082,-44.20760843620289,14.006127342040571,47.41382403008809,26.35987497291559,44.79374880027561,-47.24470753042821,16.022784456432447,-24.356412307395374,-44.09781237415411,49.84923330459081,-13.050797392831596,25.114467417311086,-43.21321980891005,-49.627906880654784,-2.988964077997089,-35.1123367949312,-35.56497578650839,26.319319851798756,-42.2631446061419,-46.683513142108076,16.504565204762898,1.9072608978610952,-50.49083347581246,-33.02351058924125,-37.67060760647639,-33.1536151504882,39.6798749162799,48.27347181521582,5.028335740771318,-49.13057960699911,-14.09654941756679,-21.505599796417062,45.29864270520134,30.321031621883858,40.3102175956197,-47.45126655840728,-15.15754742310807,20.059883022206492,45.64785461176019,-38.39368696528595,31.41687718996731,2.6776064791876633,48.56234803865018,49.62823296154576,12.941765593614079,-45.69105092419579,-22.269298815808604,44.309871259118424,-23.583131494782982,22.001990602933414,46.00146253620484,-15.831080336219946,-48.00952389892952,-11.070938838532777,-49.335484339398704,49.596905486115375,10.51721306055786,-43.6844796132001,-23.11990305658132,-15.267039300241366,-46.527193508648324,41.800154538684524,-27.956346382201072,50.6704427422679,-9.385399968668827,23.529129980904973,-41.01182394464295,46.608029721364595,-15.034099459538005,-49.0134319410371,-2.52041722789463,17.09867964809077,45.55204340063462,46.302028281466065,20.80730459848034,44.96888819670686,-21.286541593052092,-38.30845755219165,32.38424623052611,-40.67958721108455,28.996472889392912,23.626757637139804,42.73561892667146,34.32631942928702,35.701284881021266,-49.87034213341208,-2.577668677204034,-25.43213331878494,43.37475174849164,-48.70468559873492,15.821823595673902,45.98047795220383,15.482313052047562,-3.114964566840457,48.4802710863268,43.46111678861436,-23.803590154346793,44.4422834105015,26.721325937320206,-38.89093768356173,-32.24139968741372,-0.22143115040046496,-50.24497514690346,-49.51911670343868,9.580684732093827,-34.881150013082646,-37.20422033795421,-47.97912369968954,21.260660452494925,48.877489061120684,-14.827206117238697,33.55368817459366,-33.567651807805156,38.04223386074526,34.47863597278559,43.58064915123146,23.26055052380536,39.94874986261113,-31.75570025873474,49.81411648363172,4.144029580800503,-3.8472949794651123,-50.10171636580949,33.799099434992215,36.809221018349945,29.703367292771127,39.22082217621587,-49.70847030790828,12.859752234820412,22.72243484627905,-43.64074457024359,-40.304542074310405,29.779266939929272,-27.666745715014237,-42.946194580508404,-37.35644479339811,35.35767488111126,44.9580137418353,-20.202694799643155,30.027103515563997,37.132863645818155,34.320465204456546,-37.65255637366455,-49.1173056919747,1.3842210848989551,33.86351987927613,36.64557083489227,36.652969148703086,-36.51687235244749,36.25076096438093,32.22039012793209,-50.95184921989398,-6.703585321117144,-10.568689247050072,47.85172049262837,21.57817714796797,45.11244846734885,-23.543146897059447,-43.152754280194095,-49.63444144173525,-4.664865093510071,-11.901848373983569,47.6382815151612,-12.076678499470363,-50.15278510566115,50.44159748913338,-8.393388743483838,49.748803920657494,1.200100369878263,10.923227978158652,49.08335341301273,-47.58324475292478,12.244428221784277,44.71502095437308,-23.39365742821464,-41.017682099651196,29.773730300566797,41.47519765827366,-27.942869837042274,44.194768617713066,-27.064043290534865,-47.900116048272054,12.70080567500735,-1.213952643917792,-50.20798929306527,0.9029442811706146,49.91165787245881,4.622049704143393,-49.603704658839085,16.594334733686946,-46.35129934270307,49.47205862720906,-9.985740034760525,11.663838796062207,-49.54240114969547,-36.0612323096474,-35.38859867011716,46.73750049162941,15.71325092225926,-40.65614280475844,-27.420824512565897,-3.3293878036497375,50.05624889275853;0
-1.3157288031437786,49.74460533479143,48.31367693965355,14.79650797559657,-21.43816953229385,-43.65758271829334,48.385227948803305,12.73600664437481,37.51893619287003,32.31855845514892,-39.68865984942316,-30.657450460300673,17.863198676786748,46.4668013362081,-25.5134745576004,-45.506758302361085,43.040510884955225,-23.15080799387277,-45.13299234409938,24.411405521957498,-23.94715278421911,43.96352435119151,-10.213885411739003,48.592244335369536,21.847600235077213,46.6564860218194,-19.356699064989886,46.549539544524215,-50.54864685289282,6.199159348833671,46.602710715782926,21.435603875049768,-14.146632374524179,-48.80156009543042,-19.332441020959326,45.987041609528205,-0.011016763675374186,-51.53225369152872,-39.84565757035603,29.275952848519523,-38.17369679093363,-30.98035107379713,-5.871960941975597,-48.4970583756225,-44.103655762287076,22.430008469124765,-38.88157848311056,30.770090768097916,6.194532491728169,49.01591456243986,-46.00865557258364,17.423458159222463,-34.24338251758141,35.6981486521553,-43.29633217677316,-25.061302819812404,39.521871210939736,28.72547699679057,-2.1728664316249624,-49.597438408514854,43.07488671467494,24.585649406389116,35.342623223912284,34.14234388130567,-23.211186720516864,45.91956320132393,-28.79191203951531,-38.35440496727773,49.91286001917464,1.0490548565718725,-10.441124652692533,49.384662263100566,-41.99235172112153,-24.570977612283723,35.4284964899373,-35.42349089666351,10.998714028717073,-47.00956950967232,9.650405867329887,49.396547382577566,-27.792290749465483,40.09901365803205,-8.26430358384524,-49.13746127392223,-31.12609509143397,40.06541042302907,-49.68796460741544,11.035367064352128,1.5139360458904234,48.03508752081251,-7.225244626483152,49.875567712219,24.030618768927358,-45.09488598732863,35.51251729283873,-34.94264725782569,29.74470838608756,39.72741745245174,-9.640593376019945,49.060013463028945,-49.76068565948817,-7.723704585356964,41.7363910069969,-28.279886872941827,-39.23966184560748,-30.66202224671391,-17.88417615112297,-47.481637992178094,-9.83948644634451,48.66895286534249,-8.495325875431774,48.16442685838411,25.42647871854519,42.09497932755415,-26.267216227565644,-42.96460309274186,46.80933816904986,-19.07883260561362,-20.017022231072076,-44.333748761281356,31.476261863516665,-37.10711971795558,41.72738215375428,-23.981884775981634,20.46740618210342,-46.05789410388677,22.273096129397977,-45.5419379360278,50.26501246340174,8.045034815805806,2.3637145760140483,50.47578633190443,-4.035288007367932,50.38721025187049,-36.95025986026464,34.42421972917649,-49.35751276747039,6.69052606891998,-23.0839857983433,46.03814943607516,-46.327914082015255,19.88041357321334,-45.308660833060735,-16.694300361482757,-40.71272702634983,31.925491045623207,-45.18083083318476,-22.395642207811086,-36.75949088834572,36.45394060073219,13.059293235776526,47.89482749626249,-32.95327185548676,35.57543766592004,-15.563316876527693,-48.18563364013516,-4.387417899334752,-49.63682304409676,-19.16576627118365,-45.05693532265024,41.296942728357266,28.279250582413958,18.71311148837323,45.2146075229549,-51.01971788091394,-5.05137870869099,30.222048178095463,-39.26436993702253,48.201689513966684,9.61603248914894,16.31630262003595,46.838286501801825,22.517265052324607,-42.95871057646353,5.446586125590516,-49.8754259004261,-50.170899939208034,-8.622561475693677,42.8785085566607,-28.91105580144458,-46.018301109121744,18.67269971879331,-47.99062546376251,1.533615625443517,-50.444583586096485,4.863465886537778,30.21071950690318,38.01755758895734,-46.082011714280114,-20.30589919861437,-49.99699444493292,-8.74327464210295,37.7688693103561,-32.96641509878319,35.708390628264034,35.670419193741395,45.51894048223183,18.983172603634685,-24.46665953425239,42.762800119872324,-30.160360548795158,-40.29153748524981,-28.99732032509593,39.402891393293174,-30.831706862215686,37.8812162205777,-20.470048308311217,45.38751545063193,24.12224214020262,43.88771191023999,-27.586589902028926,41.77987376946153,-45.21437173783573,-18.95401177177198,-16.537357637330942,-46.61352809387124,17.75873621388043,-46.821308250100486,-26.236126030282396,40.539144715293645,3.245031766238237,-49.09192668335698,-25.103135956739006,43.99534818293481,-1.1447864993303944,49.77893807232988,-29.92388529547196,-39.90029422190255,-42.355029921846665,25.686543344847586,43.191694466726545,24.752353434265544,-42.80343106033415,-25.06891664129109,-9.42192605818927,48.51609566880297,8.54214541733702,49.9119155695637,21.408447464264327,46.580456752973944;0
-35.95508479266687,35.129689080533424,47.229583756705146,-16.700787002031273,-5.348590039415129,-49.41929542548556,-40.69201823375892,-29.281849864553926,26.423545865579257,41.11241045348882,27.502496151549035,40.72655901173475,46.545792902548364,18.249184852545643,35.228037631626265,-37.08560097346726,-39.98641227778385,-29.7463765697672,-14.938833520199818,-48.301538241849094,49.64261658059762,8.912037487664044,48.91668690862336,-9.095336022254148,24.722567369537078,-44.60917906628674,12.864233347219535,49.35860474680235,21.559843522287785,44.57309780878755,21.71919685799798,44.28451219306053,-16.12586511527046,49.314599292962534,-50.38686576854969,-8.312434671150958,-45.39848698475782,20.23102233108523,-14.358797557163456,48.400247201697,-39.21431633460035,-31.843955944460543,31.07413193420861,39.97404615397955,-13.869192740853752,47.935147155139305,-32.571785938503105,35.9903867800898,-47.87992016730933,14.93358688802551,9.353620741029157,-48.599115481143265,15.808168404566613,48.302879410747195,-51.037106806960956,-5.7863778848691165,-41.28315569588438,-27.131720052955004,48.136059829449515,14.7329861908801,-39.69273346966028,-31.040874642315085,24.23633464529915,43.1800696006276,47.74706624682779,20.34610175627992,46.25216471268066,-15.126897351716766,47.864085865391544,-9.926214869425491,19.095766690369466,-47.492492788074415,-15.859305539101664,47.497782588670525,41.69843088747836,30.691277109814486,-20.323685871268562,-46.545241481947706,-47.395953243123856,17.54586580645758,35.93001644966375,35.03246849463476,-49.7003520903723,2.342169717904666,48.850385442767426,12.173140781850641,41.83695483564586,-24.25119147544151,-2.131246365299584,49.066778854675306,-27.18985128359964,-42.15319331146196,-19.128418795953053,47.002256437001094,-49.1298146042571,-6.360690996378125,-48.70880667857749,-15.97955307610437,19.452834816404966,46.72595164577401,49.303837083603305,-10.742954100302653,8.036115401690505,-48.99255480436449,45.54678929132694,-18.39876918629147,39.53269234868452,-31.831162524255927,-40.477315940300905,-28.29219345555435,45.17900117186293,-22.516246736346318,41.09059396450376,25.45244986438932,17.161089391732816,47.66152059514949,48.50976167798709,17.870842235570933,-22.22105102890382,45.63868239457875,-37.30545670114623,32.8416667703586,-7.002169727347683,50.30980535808401,22.966540735709074,-44.241846777169236,-31.5640840505913,39.24963041813158,-7.342628679673557,47.19123868840265,-47.52531920061173,-14.865776371565815,31.1750100198944,39.79904061603281,16.170057799793206,-48.41276270418326,43.89893443790531,23.253249525907368,49.10001910410159,-3.8984724450179056,7.011241255502532,-50.16401747293502,17.978019379313398,48.060515565934644,47.944764280394054,1.9209305175992881,19.328563992466762,-44.97753381113263,-14.180805802948722,-48.28893932051054,-6.070998336874083,-48.699922579669256,5.46210567346774,-49.88863727429324,44.21083432726172,21.778369278825938,-29.732878394861213,39.236090904569224,36.06355786408691,34.18775889524556,34.73847642345576,-36.864442989148024,-37.25074166487902,-35.45949785333346,-23.06761392023711,42.97105406936548,46.509537022451674,20.215561565297122,-19.61973980118859,46.314808918047476,-25.992092384251855,43.49976265722823,-6.641957652570018,-50.83785982842962,-30.82625974533796,-39.4621630664708,37.521582729912346,-32.4102314282823,-47.79871623191885,7.248804334834302,37.69873675551119,34.1445545764156,-12.426132998129491,-48.21048196717582,3.584690108905551,-50.48546025337498,-46.269819331405216,-19.16401128826636,6.681514063300308,-48.90460634852393,-48.37599532357563,0.710861732110448,-47.35779025383339,-9.069557614964607,-45.05883157874448,22.573702718456122,49.644639554426085,7.329047902239615,38.73639382963955,30.865007090323697,48.43888599658432,10.659323196477878,-32.374914232514975,-38.49000970763018,-18.771948333225684,46.275007654678625,-49.11465649638256,-2.061632001381759,40.972834875065665,-27.993865046960313,0.9696456428700222,50.60987585870218,-42.301634948360956,26.807018033715295,3.021252930153472,-50.56116114867296,7.188167042838084,49.354806790115816,44.046819818029086,24.350743421273307,-11.533432639981712,49.26202717439227,27.772082305734713,42.44174050719448,45.88278120216189,-21.685138153719187,18.18008997139939,-46.83309790430859,-33.34308967259475,-36.57688451858938,33.74218165302056,-34.040403792210846,15.537777629914885,-48.39790239858774,20.561865382957734,46.8730505955518,39.657226326620794,-30.619319942936635,-48.4923805708918,-13.13149431206515;0
36.33051229460008,33.647389624270325,-39.17457027836465,-31.35734038483594,32.46573457899549,36.946917366974425,3.0515675656289356,49.724240580115804,-21.70461478770413,44.82703906521266,31.86562560957582,-40.55433599300525,-24.77848188570042,-41.974296930904565,-49.02703783967798,-12.986163222900492,46.14573320184759,7.818933096111209,-7.1807947128579634,-49.63543088496589,-39.64835819223444,30.551941818859884,15.624245310924874,-46.33102600901628,-2.6215622543543353,49.90658522418876,47.43654247194307,17.313464261299252,33.36152663478644,-37.986109925563504,8.716360047234142,49.892260903531366,-43.371627504650455,27.948881548715498,-20.757271667272786,45.679532735513625,46.083937521685144,22.717068099262573,29.130518010664087,-40.56463085338925,29.14888165423329,-40.55873890887681,49.37976167778312,-9.741727581080893,-36.956916165035096,32.36398126429928,48.005313738949624,-16.299870558263976,-47.987489760576814,17.24764279323278,-25.286914257016605,-43.43963011736427,42.924337531185515,25.76309715453637,41.16633090883551,-29.94413883857832,-14.867996626734508,47.78333666155828,-3.8832688509572257,51.04229664674072,52.478897760080656,0.27775525874677087,-49.197436711333545,-12.04323305952179,-50.55565351793591,6.26459572966015,-30.62528115546015,-38.0638193114038,49.2817216998547,-7.334820386012102,42.571144911605444,-28.278198067922666,44.01653397338756,-25.997677161940842,-49.42358850326185,-8.452751281823165,39.80415741636489,31.44521116185077,23.64607445813463,46.871711878715125,48.85218101098656,-14.496673318340592,-41.30946042313423,25.924889299428816,33.40151100373135,-36.331300405879794,-22.879270007578636,-44.8054423220945,-36.03719803034604,-35.68475372954997,-7.860421862383887,50.28664122251826,39.89969003612101,-30.589365608798513,14.431938166692774,49.17337756061964,-43.357909244520215,26.739395372668056,50.08906601445839,-2.083950089017044,-4.6649467466269225,-48.9751423831437,-45.03507190354509,15.887293921105615,-46.479243342258826,-18.62515924491448,-42.22113007037623,25.23384709068261,-6.736842339879744,-49.441561502353274,-38.26313438901745,29.977817993811286,-24.74823742354057,-45.33444077801089,-14.13327458351722,-48.73933093748451,-39.03732235024717,-31.418886028778825,-48.19144649283322,-12.25108063314593,15.01511972755041,48.51635165782201,18.414651084336356,47.63209681707123,13.765412539479367,-49.446500811648505,-13.850099390122914,49.30986801569128,-27.204547421494734,-41.61298936876616,-15.560682895909162,46.70228669621059,30.608304761156038,39.530589124929634,-43.18659175757918,29.099850648003226,-20.51217328819064,46.79456526892079,2.028781267847255,50.24906239557262,-43.181048055759426,-24.593063213394466,2.1808439768686276,50.614015172026996,-0.8792956624083749,-50.07034907203361,-8.438108929053154,-47.820683772554595,-15.459589443132012,-47.11812339008855,39.9950930365819,30.413049391271727,46.63607827249081,-18.046819696445358,-49.822533502644156,-0.5757769730078126,40.91420002720543,-29.54768937908096,15.216496656289648,47.91233505489797,-41.05004775783811,-28.87992722911201,49.77250733992936,-10.022028018706704,49.95646051223627,-1.6631952473232163,48.21046344091774,7.9981038787812775,-50.180834124453526,5.586124127152872,-13.995789876551743,49.139332678097404,44.154089936738686,19.44019971076663,-44.93627270793336,-20.570201348254532,50.456752204095125,0.3771585114134197,-38.68107558315244,-32.92396076262504,33.09679695383501,-38.16965626197634,37.69213238018029,-32.21429465543329,47.38318409419989,-13.388150400389609,-2.6456091695671566,-50.80283297463829,19.825641026327748,45.89339836191098,-45.1083443970731,20.059816166940518,35.94891251594635,-31.02220263157872,-1.1960606210465883,48.980647023625195,-48.39919665255487,16.563180303114635,-37.45094619520883,-34.19877060553776,39.3475554597516,29.21527364544884,-49.348014694692544,2.0567477739573845,48.57938752455775,14.539166210159683,-20.384325330303586,45.82578498300883,1.5500440676864697,-49.838065749991465,-9.887773439486327,-47.74609422928612,45.539431187990914,-18.387591981793776,8.698587405421486,-49.57142562451479,11.167271414479401,50.27362633597012,41.14378582829756,-27.89874929931423,-47.46159947820368,-18.189746367917643,27.231534654247657,-41.59469395999981,43.71667690196724,-22.615753979290997,24.870671607792755,-44.677308673810174,-38.2974290667956,30.307079221680205,-40.49241592034706,-29.335230792659296,-46.956430377160906,19.723276746645183,-18.853565781096684,-46.155615439904366,-48.42105037684308,5.7011556633473575,34.305675949866924,36.7652485161502;0
23.51244537361729,-43.927274729760285,39.489780881826086,31.825731468573583,-2.2169756284178344,-50.30762713876908,-33.54799965502718,39.643816515032384,-33.96172269203572,38.88432492130719,-38.73290838893219,-31.40529023025686,-38.67294769848679,31.97458060914434,-42.05262631696543,25.283567223848234,-48.354021753892276,-3.754303773850712,-11.510118030538091,-48.75908144422381,49.19736421770524,-12.339883620759801,-48.605329778088176,14.313305938853278,-47.45798256804802,21.566717344624184,37.80190344738073,33.01824503746444,9.386812557781798,47.006716214177985,48.502239476663185,-14.438559762599615,47.439337841287596,-17.104996819069285,36.75963284055918,-32.330140103773715,-29.16587436861212,-40.8625091291531,9.41603929127613,50.047109269054715,-30.390776482051905,-38.666742951923425,32.32094528846326,37.34409052074334,-49.04396303249806,15.729263609360798,35.4878386184019,-35.56715159422627,-2.545984027531567,48.64500428002114,-25.15034415276355,-41.18145743435172,33.96337292927693,-38.51282751136714,28.770624006892625,40.888279522788345,-46.1233483888271,-19.40148036061398,26.23737594646963,42.870433401254964,23.32508176280378,44.18613225332202,39.702622267441406,30.787027418549272,13.543844953029406,46.74999072878986,-50.60565295938738,14.197035722704538,15.713741758659582,-47.0355214933701,49.87315808102008,-4.03911842232971,16.54633345491817,-47.71232951174749,-35.56802962484113,34.51913937382516,-49.348391898009695,-5.380794111168577,45.22417319762015,19.759778266567494,-13.481423377045488,-49.790371368479235,44.124238375046495,21.405898989709407,37.76058576850019,-33.26384950322272,-7.986486785194179,-48.9593129054338,27.21310293456694,-42.92943804489774,-12.149574609030271,-47.74079099264219,-17.12059937099105,-44.50166391932867,46.77190234371573,-21.831118335025383,37.36537271718497,-35.9411633572251,41.68527892112538,28.098985018792952,-47.760952120456984,12.845584544577136,-48.86153891180925,1.341312626117928,39.92642939092454,31.206654828347588,26.575690291150536,40.62895632693361,51.54214789344492,-6.566623162937999,-7.831433830042905,49.86140595504765,38.91669027364556,-30.564689439143397,24.84829178447544,43.54815536720365,33.4235637268116,38.14867109849856,-22.17202316748997,47.01778598715715,-16.882423887782572,46.95340024226582,-43.740406488788004,23.01165275729773,-25.33535271004483,45.37201405901891,-45.63822983582885,-21.932682670704835,41.724111520980244,28.38865178381185,15.638939726171932,-48.23979953993269,-6.771780612927634,48.53156067101634,41.35492125926496,-25.75675169682602,41.21898716603631,-28.107819013203933,50.190336009263106,4.424222053061722,32.64468935215987,-39.955255148626705,-24.29799492733519,-43.81972681108518,48.20990078033285,11.43079347058251,-18.342466161763625,46.94012745357371,-47.17066724818415,-20.08297122571222,-41.519083284865175,-26.568271399650033,-21.92141626776499,-45.951589235830994,-32.496688133426126,-36.37478548166685,46.497791077268815,-19.532047731779613,-3.001920873415709,-49.879649887752116,-1.544580107230137,-49.896409468103926,38.83796261341826,32.43228849312782,-50.26873930829104,-0.335063619312014,33.11395713178843,-37.20507930662366,49.7741963339482,5.000758347380858,19.10166699664738,46.13541064238107,38.72277177260809,30.83038875983594,29.905171876140546,-40.63133942680012,47.98339839119378,14.597839911708679,-51.52454118363029,1.3214125592785413,-49.571800186087195,-1.4159703301149928,3.5790277466513816,-50.98294617354452,-29.008677140779977,38.9823308433733,47.135477600910924,-21.60045874165422,-15.283132127067619,47.203211783791154,-47.23953100726505,-14.884092486307487,44.10614327639551,18.384778677859803,-41.42944688852678,-27.102820829169605,-30.728471850384285,-40.68574459884221,-3.9954727319443784,-48.72418509372188,41.468930735525014,28.83277893591584,-27.387884658371632,40.778873882682156,-17.6387447048416,-46.68366838480589,19.888308892990793,45.69152170472667,49.7474227387168,1.297654309688048,-5.9437150691511365,49.59546368224738,-13.205752200005684,-46.52410336672356,-43.948421274001575,24.554581223915605,-22.159737919088883,46.853431893522085,11.598266956431996,49.650732538698705,-18.30414121965352,46.98227072073283,-33.480462168957224,37.34337548598323,35.75750730817026,37.32360039701485,-21.557098382831576,-46.84291166681746,-50.505574795690556,-4.283899458632746,31.55343072397269,-38.31625201285993,50.56449939953311,-1.2405732961490774,10.341395357577655,-48.5454087549801,13.126705409003625,-49.38343345075117,46.12724124784753,20.093824176382036;0
49.67686398622959,-4.016827234588302,-47.94560830130113,-16.344946943550607,-9.22945556046871,49.39896355678592,41.812032133231966,24.302027891939264,-46.89081811958191,17.522377441187306,-48.67467484147854,9.231214494769459,46.50279744410311,16.52316601938197,25.206093707957272,42.44052757982839,38.09053313917105,31.601916558723993,-33.40365799386264,-36.51178015140968,30.421733673296316,-36.83246584373793,-30.945425815606082,-42.275390118268135,50.29305876531016,-3.936804090187316,-50.092867437883456,9.059733336602356,-36.50919149255839,-34.073380601205756,-9.631118603795604,47.5715861109501,50.80255489571509,-9.322691582098038,-23.10696377455171,-42.511293598500856,-47.0790488679734,19.22918318074739,-13.400354015023975,47.08579812156853,-51.749785291965885,-3.5633225241667494,39.655687387925006,32.78556831019302,7.91312983895868,52.47039247454877,-49.31824593590941,6.438470708191157,2.5064999280912414,50.93040765200292,-38.09533708540689,32.68311514875441,20.689767174618158,-45.47848560298293,46.08680492941328,22.09911424929546,44.593242972371954,-23.37619361363448,8.054830801145147,48.4866314749736,-13.339403194188709,-48.15883843529183,39.33905636485819,31.715032436768226,-39.22679978238133,-28.2223757828466,-41.27298001622476,27.77656747233087,26.210710775173276,-41.888324346925906,-0.1111104639249725,51.21482785482532,-47.152460966902034,13.253161101857623,-47.1811114625532,-16.34560402388446,-1.5439952110612611,49.41432282183424,37.3383643007083,31.405474109047695,-6.18962659751856,-48.927691125783205,-18.2275586864626,46.96036275553954,24.213014778017545,-44.864377750333276,-47.23537013045264,15.465238172228506,41.322694818040446,27.083185461512418,36.52822438264712,-33.91497728661015,-3.0919197672298493,-49.237916481970075,36.4762572200394,36.34616628112101,30.54195358408893,-38.46057847316067,44.704218779308945,21.311937796640706,20.24697968349025,46.94140940651602,23.54718433723372,41.71216888163593,45.032257993751095,-22.66660057611548,-26.766340774882558,-44.23103376516621,-0.944918572002332,50.52278118985189,1.3048935759533342,51.29284955688385,49.751414454517885,-6.604231336190129,-21.833911991393443,-45.177093803167615,-40.8350291860376,30.309888325271547,45.06239158628854,20.543142308932026,-44.81289415361501,16.625666200615896,12.727752649395645,49.05704114162363,-20.845361784182757,44.64078288021773,-29.386395451192374,-41.6396657726754,-7.368898497774555,-49.93038912597269,-48.95317111728971,9.613623895955133,19.917982711895302,45.741892474205684,-15.293047127551072,47.844810034532586,32.91926566244126,38.3857612970737,43.214444941112674,28.706613566712814,-50.22141890322405,2.5246246229417055,50.40656119249827,-1.6691110489963152,38.582119543551244,-33.09297663716511,27.35146884762244,43.224681341377284,-15.723037244246354,45.75862891034507,-38.55970316182801,-30.63897999101719,47.706367653205156,-16.77430134582246,-4.885779958707566,-50.940354313011966,47.6501888010846,11.013811441707432,28.07574119012869,42.237473537553626,44.1413144426532,19.102348644160532,-48.59461205438309,17.27711411516038,28.23232803375282,-39.15262562312367,-46.07235233667231,-18.41027056977723,48.81494792783831,-4.999549656043249,5.161737045252005,-49.65287469921404,46.27682753654734,-18.55017769708394,-8.204530947262105,-50.73143594101155,-1.038798338727014,50.314963440039264,40.82002341978597,-28.040022280563864,-19.009291512584372,-46.43104512175151,39.92846614553126,28.36959318388008,-41.46979023801856,-30.945696490713082,-2.915476883867572,-50.11587377052617,5.149488198797053,50.517112272731666,50.98425520546486,-1.0990231027811914,27.841822424814193,-42.41898213945901,-45.46375384216769,20.810068995081316,-8.297973271070838,-48.33010605056102,-24.203378721452378,-42.787243413328326,-49.63954306820004,-6.731641138984087,-15.37387887831186,47.84303471096373,-45.21898607378499,-20.80824137561735,-44.3526865753469,-22.45874027740136,49.11004832263928,14.526066055605348,-48.68591605054622,14.277881979338966,50.24454317134561,-1.0775896804266862,8.557891936492497,49.0563992810217,-50.239345141180664,9.73831213498115,44.09911080699375,22.696506185426646,48.22783591543855,-9.237605616743458,-40.96931777701703,27.300561579703118,48.15559264611575,8.840532624692544,44.17560485800468,21.28072257625279,44.40409052748129,21.670202710846482,-35.151955781907596,34.543434624405585,20.55540676156668,45.49163020701257,35.33239864090651,36.59600672529813,4.266397844832328,48.80877614603706,-41.42991128716326,26.3306999165297;0
11.732863492545096,-49.49286086358022,-33.410078488919225,-37.144155293244204,0.48181529404549467,49.0434865471431,2.328305277245584,-50.48838178396184,-19.007574730790918,44.151994919472145,47.23929802637514,-20.228272032153093,47.5966357137406,12.857455746950773,-46.79470735578714,17.747651782720055,42.83635683637836,-26.421987440828776,-45.9453260150033,13.719010846894797,-49.65510192212205,-4.465822872308649,43.00157886095577,24.598654788944568,-42.762750157045794,22.510029969726794,-0.5148322900736662,-48.698612985633254,35.5905268339165,-39.02389229001414,-21.920248775170695,45.18747243505578,40.79111304567279,29.96686477651209,15.734800419793338,-47.281933552120734,-38.80474415546719,31.437614459465745,-36.5606743157744,-36.46621836936234,48.82195982032879,10.816587503997395,-14.100325048866436,48.132838808820544,47.274091985693964,14.321823512211894,-33.94560284056392,37.39746488492659,-3.85175951166763,48.99445356554842,50.67584447530226,-4.92202526897785,-40.30293424406902,31.685626682351263,-18.450196371299366,47.612459626601975,10.40569086366318,51.02376312753102,-49.37357033686967,3.2777049311826554,47.77972099494777,16.526568017094327,-11.15248177690053,48.19157903107218,4.175053684069126,48.180261823355636,47.632695783913285,-11.243089292874496,-35.66842483131228,-31.70724396480663,32.88796744552959,-38.49651873964745,44.011144138984875,26.615094725233217,28.62048930595499,41.90281560649466,-24.108207534190885,-43.715722990821,48.844470984868465,-6.628672142765434,50.139968620501236,6.279424949301557,41.94142147848448,-26.186251900819205,49.1997046138517,18.84266094336866,3.3049251540145623,-50.26267206675265,45.56654986741197,21.615609899635107,-0.2603132337723544,50.61229067959273,22.98458737561477,43.52665842575121,17.09518947876433,46.67579710444004,39.83806231892926,30.86575722842438,-49.54216049351415,-6.7143920586594525,49.75408420110398,2.2568473734053445,12.588687778880292,-50.46610371561104,33.184282776809404,36.48617484670955,38.46319647145083,31.089154652805615,-46.14865719127331,21.29114155819166,10.620651128171524,50.1599111259608,24.12759755008882,-42.72375005930806,50.47399415508947,-0.16376900345389322,29.49775856867156,40.33003911025508,-16.71619512700487,-47.31561693498399,30.226691153566648,40.49730253010249,34.052364765771834,-37.700185251297086,-49.47582290878977,-4.656050961293915,-44.82310713379653,24.076244023617818,49.05645155157458,6.995694170223145,-50.46968837141475,1.8330481410413129,45.70793731076347,-15.845633305190146,-28.10279888648994,39.66505884937496,-42.39102274630131,26.80556395689662,22.939172903789444,-43.67799447909274,-12.045763804431711,-48.47370706331447,-49.341535510780744,5.486080892288628,4.921145820656317,50.22976274804849,-22.12810422784321,-44.81595708392759,-43.41538954510019,-23.881032917669106,-47.57246854069673,15.719409644102523,-45.14255426595068,-22.4377965112002,-18.753347594093082,47.6551726075404,-30.34992129721736,-40.403677416940276,40.88494519740809,27.51181264944299,-32.39199816412485,36.19445992460952,-44.32596029280787,-23.317515129497277,17.258199684479074,-46.62316658194927,-50.05465098166205,11.340882004129131,-35.76918416610128,-35.56805206182454,-47.194549711810474,-16.58856265439059,-24.520877208390633,43.264548059926526,33.99825946328734,39.52988051344375,40.644407804827274,-29.17569335121553,4.697408404763653,47.435381371419545,11.843576671672647,50.02587353902838,23.045904916336752,46.472921813676116,-28.142393167909617,-42.24117592348471,47.47496070306619,15.657134902832674,43.920363239357386,26.806915503421806,-14.49676139978,-47.51515308167876,-7.646728348552946,-49.89137710086031,-49.752988530834095,-3.823347012130019,-27.537130482086145,-42.038561862310765,-18.2891805492712,46.37524576414472,42.8021826070374,22.592917412431138,-10.483961400789553,-50.06711617789383,-7.606939727073874,-51.55355346157061,49.14768951733582,6.882242958221755,36.77541506204103,34.92483795808425,-48.63476313610938,15.502034200241704,-16.771698837731684,43.964089767980255,-48.85109072364242,4.56802937871257,49.82059917041884,1.747237237750717,-43.78787442214956,23.2734076364798,-46.47389421640336,20.855388694591753,11.808732297897986,-49.15681773706159,3.019994505561807,50.19673787766625,13.120829528247997,48.87088731198325,44.82334127201136,26.574256003366568,49.3102634126561,4.537018038700153,-23.259027037813198,-42.94813534226401,-26.025353579050297,42.55201730188429,46.559744737521164,-17.58736812683365,-40.40779610722603,-28.35724366364488;0
38.80588140927254,33.52839587319242,49.939876993400524,-6.204622264577946,-7.645446721256587,-49.151144021714224,-28.828209095764276,40.212650941857405,-12.79935868129463,-48.66205207569923,16.067944010974543,-48.14060102846531,-30.61711191991443,-37.35003902986329,-41.5266718522251,25.520167351820547,-14.470696779087888,-48.63628033163613,2.812421321975805,50.20287964501733,-1.0713938602005386,49.4273440228414,48.960013132700816,7.888459275617733,41.766300750051855,31.378029961611826,-16.388632911971822,46.504655697858745,-32.77759809855469,-37.34752818976308,-20.81645783755323,43.48832299085359,19.695319746137123,45.88470863833525,44.21723239972776,-25.68438291771826,-8.232487727976173,48.418307628983996,-5.188511712237022,50.35204718896654,48.34753295425961,-13.97344307988426,34.514159245841036,35.98083745955308,-0.36919299337066247,-49.39118921199152,50.46673742690786,0.6270408805420815,30.878818870849525,-38.070838796419366,-17.39072903021681,-46.652673783703946,-46.708812435217176,-15.847195344759438,47.473930873135934,-19.840519540231192,-49.86401474299723,-4.145497931929497,22.216008714076057,44.39027255555489,-48.44751257157618,-11.655318417461544,-12.990990478109703,47.577040520789446,50.34969132944555,3.3667380327307304,36.28730335180626,-33.09214101484724,-28.715109700612327,-39.9250687368832,46.03532394986507,-14.793370330990086,-1.893013274624747,-47.14554428754377,-5.57573612631824,50.279344293075724,-32.331386544278125,38.40073678990339,-51.565035286200775,-8.694339296296423,-48.98235389852421,-14.47197270376263,-3.0477193236899445,48.31861733115743,23.039206826785467,45.0258978457583,-31.588277743781234,38.1432037700689,33.56953199566675,38.70587060749358,-39.80909416513212,31.84979506072274,-49.73314658187165,10.066858189937616,49.41867700409691,-10.438427487705482,30.480925283897978,39.82644883349097,-51.217571953374,-3.7307303655130735,-50.18116473349228,-8.276527598965519,-17.231077239564,46.58694547410338,26.49722554685949,42.971778532769704,-42.041796874238855,-30.0071848721735,39.39305047683772,29.89032216720704,-47.40151713503612,-20.992898027832176,-38.728973020425215,32.7801881356302,44.05776214291323,24.35749905477432,-45.914189391247504,-17.76992111278441,-30.143052790494714,-41.742332697896785,-26.06324627140358,-40.933889126712224,19.81010560569667,48.24908323108153,47.559209192560495,-15.426337841720127,46.86399654688032,18.48151533155366,36.706094686994355,-34.306709506147236,9.890142162823253,-48.10359154457729,-0.8433736010453032,50.1012392156735,43.796954408019815,-20.255387294446976,-46.69703948731475,15.915468230944652,-37.21678818722143,34.52026787863792,38.99449161683184,-28.877315659308408,1.5061990403809489,-51.59602823591755,7.725359029686518,-48.744431528855266,36.57527263935571,-34.781149943689904,-49.16419301369792,4.0102959357416665,-15.968889471919173,48.623646667910855,-44.48661878919574,16.837694501496923,-48.06402094843909,-7.002438131188369,-40.5617244498296,-32.71421807467162,-50.714579198109156,-8.437296852765769,50.01734834073095,-8.053345977938683,-39.5622403017815,-30.518302498076412,24.39804312641787,-41.759681393890425,43.267712323948594,25.27897397481188,-49.53667048171921,2.3916093581141604,40.431954736047224,-28.298647931623112,41.64428407484232,-25.417813311742147,10.088592719185625,49.30918998732293,-42.99401564681661,29.04753445138861,-49.6059904022881,-15.652328558091499,-30.91231422234485,-40.24627219617366,-49.61137412129834,8.86007855061963,-45.972847618345966,-19.657744560163405,-42.63098052335036,-26.72703369629435,-20.488440682294872,47.10666076093551,1.3086435836834498,-48.40801969240825,30.25459534586821,-38.3934434765461,-48.839424160783565,7.486984635760479,32.590976019020445,-37.304316947583665,-25.372270477834704,-41.35427928592188,-48.91645987237315,-16.07157766697702,14.728805245579311,-47.72438290342593,-19.845658846727027,45.70228956578437,48.7106226154014,13.160598679132239,16.70528332297875,-45.65700620070038,14.538129361765062,-47.14253483972594,-8.498877007802637,50.02483096017333,-47.298711418807585,13.841407293902332,-41.51528175961345,30.972606229857604,48.53855537516259,-13.760617728411253,-28.879984050344213,41.615628484521004,46.93106866198503,18.855979585515374,50.40653707812861,2.0888994502635083,-36.939234674757714,-33.38493652987135,-26.848000944163918,41.040896045596654,-49.02845052181297,6.599936443383448,49.29364353031307,-5.3596396057341495,16.987035310471494,48.00492987775221,-22.496369213720786,43.300431351535565,50.565138583191974,-7.153046663282214;0
49.822173830426486,5.498595506439462,37.9427096445067,-30.22839233558916,-10.806633016580646,49.2641381944563,-16.177303572760664,45.78673298084598,12.795163866459854,-47.67368232425428,-24.262968697305883,43.70626703009447,32.45262222116262,-36.45684407926719,-45.151830699656635,15.712406625325436,-46.76945937187701,-14.530923995272968,-32.11047615884465,40.075355824278006,38.700261309698355,32.60369359972665,31.16083863709957,38.814869939404666,-45.64706449308591,18.02115094729666,-3.820197164906099,-49.33132860032873,-46.89694482631082,11.448911199666906,-40.720507220658604,-25.345831131740837,-25.530138778804634,42.65488833396571,-47.25236196953326,14.376396778631767,18.610932329741892,44.89285557800428,-40.49029695381852,25.75328504687569,33.715868420183924,37.357208472690715,48.07671813841616,11.445123817979365,42.585084289323454,25.036932822882893,11.359182406114487,49.654588544815745,-48.81441978528494,-13.768502326489562,-28.70527230906741,-40.988883933572865,-40.70897575584932,-27.246082545569628,-45.107666659230354,-22.036870560580187,-26.463186402169597,41.513853382022106,-36.15185088464786,34.093388225258494,-39.700949803630245,28.81407741216289,-21.42520035180312,-46.02334673604762,30.35157147429219,39.59820099495031,12.257626188910582,-47.96824301179634,48.71635337933014,10.657190318195907,-37.81006563700073,-34.62361954035898,29.21871958537005,40.9341426034023,6.148605753779257,-48.132905279585096,-4.718828550471348,50.93525764629451,5.722096734012372,-48.33276805998888,-13.006724361738845,43.96637795696407,-30.994393810936387,-41.60684717445519,47.299641968991764,-15.981060211218763,43.607112337408154,-23.71064179909713,25.43243472272283,44.689468511861094,-26.43984028697125,43.400727687367684,41.72605687424013,26.719504026054828,-17.94906101329203,-45.77400450094028,-21.753008624149025,-46.21307428772595,40.004737091041505,-27.583957825579834,-16.959754396807565,46.690649350046954,20.51016506249901,42.89211192209786,48.21476467521378,12.030542105645859,-34.522686054218106,36.80827846213326,48.93327192042947,-10.497817308627406,-42.259049507529475,-23.712986169272394,39.00416433023462,-33.0147274911632,-48.87754054756429,-5.294599150341871,-6.862208991638124,-51.37430474234223,-37.463191002979336,33.40989888452339,52.138405671498255,0.8782335412472086,-39.16518413198505,30.78655726417527,30.700207162368613,39.05921437826252,41.145250507000796,-25.306996251903666,47.12898258736058,16.568719666365457,41.967694187817045,28.798336965798754,-49.41434890673989,9.09595364579584,49.5223935406378,0.34006462208658345,-18.195031793111454,-46.23972487330257,-37.113818946297,33.99321980823643,-12.1276791199281,-50.34376954836048,-38.64286089542864,-33.024793519271526,45.044287820370634,-20.123738267754547,42.303936646583246,23.70903540467912,-36.964657935759284,-33.75806707153461,-40.68431629830709,-28.852463017598556,-31.45323720519711,39.899662710362485,-26.780762652384556,42.83973462505472,49.232398722397974,3.5492763678444623,24.684385599939375,-43.242662584735825,-3.7025941446260404,-48.43010653637586,-29.011652776167324,41.659694511627016,-49.71659403735551,8.81210110026506,-46.65224618223604,-22.412901894370883,-8.240408827874559,50.36704914242785,-9.369776069711166,49.14123449820121,50.271291703980054,-3.265918855473296,-47.73867849316537,14.15657102914837,46.77074665182373,23.29629826083723,-33.869166683222886,38.74030287643122,49.424486529653194,13.093249677102087,50.09852537485561,6.362784797981522,15.630903062622416,-46.48618301872915,17.57676033713774,-46.50524333354696,-5.514936960056753,49.31025847444913,1.5541425584752069,49.62796040990355,-3.618870969161147,50.48470245753293,49.40163737960831,-2.983818693412071,-11.318274505508265,-48.90670526857441,-40.04443542162551,-32.19066674858435,46.12750936696288,-20.45403473211441,-39.01131159642408,31.079406958009006,17.141728248203744,49.124979657722584,-0.37803404938395346,-49.736203856445535,-46.798567162219285,15.43958419351666,38.889552291311375,31.646093655295324,49.377801862128855,9.129561959993378,-7.883010067915028,49.647680412144,22.91534877394235,-45.502190493540894,-1.5518610184145265,48.976463799523444,-46.908765504929136,19.058511973217673,1.894793749098404,50.18988190787192,-43.700836339715195,26.65201118815312,42.30673582975387,-25.31767229833095,-9.281718986054372,49.34012380767246,46.574166582696066,15.820135966833632,19.73023394898079,45.808039904753414,35.013227868148114,35.85772194802614,29.265333923851376,40.974401658785105,44.70827869767976,-19.301310875563814;0
-16.975573950409196,47.11010951725161,1.6994425448239112,51.33091558750756,45.18128756228953,-21.864410550847786,37.91475752462946,-31.150239749076405,-20.236255621378135,-46.361035339305744,-46.64075620803866,-20.917080657383003,-47.98975490896447,-13.504843743357638,12.693918248616427,47.55774353886479,6.2675141564370795,-48.98102549198725,38.47287841554757,-31.089002395197546,-6.060039263241426,-48.91482301824612,-49.774643708405314,-0.4761144980291013,-48.00406748786408,18.33199313403357,14.16641022241224,-48.06412962292009,28.226524933464674,-42.05912429226818,6.369273335075463,49.877423931164124,47.084185027869495,-12.484844550323828,46.215667865143544,17.83735981390446,-13.347318300696578,48.746289165647525,-20.14622942538193,45.414886685198034,-13.3057800318408,-48.640760365205644,-12.710279258848395,-47.92926121920842,48.10889510896435,-17.816264592690654,-39.00894987855761,-30.106435999436723,-30.170628356698085,37.93721281417259,-44.39752570479884,25.35943934286798,41.01063414984395,-27.658522647806436,-0.2547180328357363,47.63622984305061,-15.624765587217317,46.499852663874876,44.002590404398624,22.54287699899502,0.26586159719248675,50.42483344535275,42.93069894228715,-26.62809551145389,27.644776333585995,-41.618788232384354,-34.02676700430256,-36.71717757507041,49.63797583986948,-3.7193758376537724,46.39444035099298,-18.742985715504826,31.677512843617336,-39.30570666794822,46.11834481737326,-25.808933552214434,-25.733571580971613,-43.3935414076467,-39.61934844056108,30.28134731171791,-43.43765760172578,-23.36307525981395,-35.98578132369175,34.178250738786424,-47.944416601416435,4.735655345260864,-32.021020093674935,37.497083217780585,24.25808009124629,43.729604255719956,38.92343654210176,-30.103000566951962,-48.451316356656356,-13.934972881174113,20.95072986193321,-41.86906761953311,-45.502013763426525,-20.412598630061883,47.65524010060025,3.303767261211014,-32.890777722206096,-34.99381030438552,6.345894117749189,-50.15546908536898,-20.369432408054266,44.04689642865635,49.256600755327945,8.941696851788135,41.72854860442973,27.06027075304205,-1.1907015916209787,51.466131377517,-36.25730362721122,-32.64895290475333,25.569108982712855,-42.61974684459911,49.51236493396124,2.8269186338972006,-21.375446225285287,-45.946095957264305,29.58418753834802,36.68480568077607,44.13555537253457,-20.447837165252103,-35.19516679986046,-33.519936476695015,49.81497568676183,-4.446738760249246,-5.535744060501485,49.932527947904056,-41.59867538697458,-27.521385493873833,-47.83753363116798,-6.6188833886295235,-5.110237842646997,-49.46040786350515,-32.29191520383904,-36.4862776220031,-41.69660184097617,-29.251465916402704,48.6267072617679,-11.11754426459464,-38.56736506971102,-33.14868474024214,-26.422074021005148,-45.41125182408533,2.5741632286588367,-48.80138749671235,46.331688591828865,21.033721636444735,33.830380811443206,-33.60820405978533,-11.643491628904565,-47.47446432988897,40.801938907072,-27.382950357530994,-48.140339072566036,-10.690320176101329,51.05379458468164,3.076556481349709,16.958599067098046,-46.22743317920555,-44.753227946233444,-21.610161516616365,44.76343618565675,-23.19371333284208,35.29644224643329,37.741128652874814,-0.7980798830082001,50.35731260167903,-0.6074684790238318,-50.43877685003109,46.01096953502173,21.857344257989087,-25.624563722210045,-43.28499267133551,-1.5517623659310242,48.64454537661225,-47.50714571654361,13.259294300091137,-50.87975139459903,-2.2447894625088787,47.501370578617,-16.996430238165868,-46.590140969024674,-18.114604103971875,39.50372628946911,-30.178162371824225,-25.098185882060083,-43.27191192549984,-49.44286955089019,0.9589065644837143,-38.80623238863806,-31.74293931127451,50.23060717680655,3.796395147206848,-35.672478354201075,33.796665511841894,-30.58687262457487,38.899164505962965,-16.601341956164735,-46.38307690522448,18.983199861335688,-45.8062506873138,-36.62905209557961,32.90599257166459,-38.50295511269408,33.15480929390655,33.556084116590284,-37.250566043024186,25.481878142669668,-43.274164739795964,6.958847239974029,-47.97765787064601,-29.46276888402525,40.55881911145259,30.466738095141547,-39.771439408357075,-46.852485479383816,-16.83153308799984,45.04065481831837,-21.49382249969137,-44.00672962674158,23.39221462912488,-42.21613031709746,24.871894421052854,-16.03221184494844,47.58726848681529,15.232701775070222,-46.87028130300369,46.14247070027938,18.807993150730944,-46.94067266105196,-19.120959270469964,-27.822866969309672,42.244640551219206,-20.69459301761006,44.94282695821942,-50.33770405538274,-7.159000536535332;0
-50.023791313203965,1.061336813357625,6.500723491128839,46.955742205885585,-1.5818301036415177,49.25113360169409,-39.03392015749515,31.935902627720605,-34.34420369487787,33.5305579842136,49.09864927685863,-1.0708864927718171,-41.04379537114809,26.732274000282633,6.598379245914901,-49.480492903299236,2.880715465754005,-50.01169886270723,-18.577532879874873,46.291844109340055,-28.69664697477242,41.37657252029055,-30.59623837607187,37.67776575556341,29.99879380651975,40.43981953640396,49.09954902630854,-9.829585319869325,42.2777083128773,-26.16039490388345,-48.20362898033626,-19.97736612367554,-20.550793597881313,44.90450187121005,39.9708036419777,-33.4160364839703,-21.948534366694783,-43.74030153751823,-38.03299287059456,31.9233752252114,-50.727284250355424,-2.7921543185137554,-50.60152422162374,-8.47822138682513,43.87035034104705,-21.883519984378367,-45.69662819355076,-21.2542451687949,-23.381165658622518,-41.09697147352422,47.19212023165169,14.548177252427744,-21.89076122723729,44.09388477706517,47.677016321092914,16.134472044322347,20.812049469043764,45.38024759550973,43.75928613222628,-21.1751914838988,47.89068122611112,-18.652317275044027,-11.741731677579725,-49.450620351897356,-5.754255022176708,-50.08777034171258,-49.27556293704537,12.562403120132714,44.572934855459295,-20.98716767815128,-40.08338087316342,26.857113648239036,-20.371844245753827,-46.216499353815514,-29.079202527001744,-40.98291837065967,-42.55504136153487,-29.760103874717444,7.905274115974398,50.11553078338133,-20.842363782356987,-45.55849063878424,36.03761274425041,-34.74227145108471,13.203053508812792,-49.348615901812586,-46.92975149566407,19.71210196098209,41.89377444395728,-24.51421918115048,12.513782662969412,-49.43271776817595,-10.389804703924863,-49.4015212568984,34.09645814327368,36.06795064546792,43.29302750275358,-26.485535508719735,-37.33774045942727,32.214393468936485,-14.072065435246337,47.495173525657634,-34.43148289371083,-33.54953409315646,-48.90098482441312,10.097157359408646,-2.6073806992720177,49.90729422337372,26.439125396904934,-40.612894351652024,20.715092911392116,46.425307612602666,6.597764884615743,48.414800122797836,-26.2590829774972,-42.13832027816253,-49.32859815950502,7.028186831346371,44.406217627871925,22.752846821584097,32.75749944515046,39.118023353686965,37.661190190730984,32.08137123152809,-50.94588433383956,5.685727041402579,-47.96697256973826,-12.369376214238793,47.79065763527448,-13.323685625883929,-43.28768524615329,-23.627792101747694,-48.46191886562601,-8.101918679210284,43.27737253772577,-23.705659135582,45.28027877394902,-22.55154873059387,0.4584220987420162,51.21818786902615,-20.06639959926034,-47.043944221253554,49.31003685131365,-12.235423699780194,6.074139140615998,50.042358226731324,-9.880416764415838,-47.58429846664243,15.15538457992993,-46.76376583183071,45.364097313690735,-21.034652376821718,30.7557140795513,-40.21465719741308,-46.06886837973272,22.42007333476816,51.4301721172212,2.0608658386689793,48.64660954492615,11.274771951665826,50.570461801200715,3.3795489409085024,-43.00704038645655,-27.931970504402,-37.333922865560766,32.02566482225583,37.92693384743276,34.14723328212695,32.739997525784496,-38.49894204946655,21.517530104413016,-44.60963170974763,-4.3266115125070606,-50.401190557400625,26.606617591738086,-41.476642524365104,-41.230210374169786,28.15698742452239,-2.2390720117656753,-48.14975665911881,-45.63849926368846,-16.095859807901377,-36.9723744783323,-32.07030920728012,-15.288135824881666,48.36840424097703,-40.45571705878609,-29.301099804563123,-44.24517991247429,22.28572456402735,-46.21437804736953,-12.766173642185901,-48.959646935033696,3.7338464271721534,-51.10578743615757,-0.5186353207264455,42.84002758464156,-24.143451816668488,-3.1949644134359523,50.512428551878564;0
-22.894180424501776,-44.32179586921291,48.40661587953875,14.534972127804766,-27.78793106696629,41.33500119069919,-30.114834961994248,-41.036556129498535,-9.535856025701163,49.20009132306951,47.15988263508287,-17.273782785035728,26.38217444170124,42.195094656191536,-39.08008301062415,32.098951156654344,-44.18956065063887,-27.854406437345514,-48.664797029365204,4.183593674056622,24.965776862147468,43.26334791215545,9.172790954283872,48.79601693041713,-30.40164240586279,-39.056695511132425,-0.6939143190816279,48.94513178683899,-41.592298370162155,24.124339636201206,45.58047841669749,15.136024303834807,-21.156400929708532,45.952784179156396,-12.176692861062007,46.737044640789684,-47.19231175610779,16.597003768812122,46.52398830028882,17.491056575396264,1.4662637900298654,-49.094165833050596,-5.715733116796075,-49.58229898166729,-45.91109908022247,-19.139871993349402,-10.917285744726662,-48.042281616832526,-44.632621904852606,-24.709620396526613,-32.56813355607155,-38.43750987631943,14.05090626980458,-48.54656008978148,33.84285156962,-35.562054354676036,-27.432837597098697,40.0190949371739,-17.098473081416664,48.29163056829971,-38.42176751908174,-29.93449869910182,-36.39405213621358,37.54085393800187,32.35395846277546,-37.27935523191268,-12.472777780804742,-48.93336775697478,-43.96563760795121,22.397555689030003,37.2493929506158,-34.94040007475648,50.72905009078342,6.311332231937282,-47.546988517978406,12.9937066445156,24.61428679778167,42.60993521816229,28.994093651098623,-41.20155661486941,36.44082297972638,32.916076249726,-3.757356176976857,-50.26859200799468,29.76473635181888,-41.30498868279228,21.973609331100825,43.35532625263352,-7.407693018686145,48.958681397060786,44.849965209178315,-23.498644638928752,-30.963948879799897,-40.272415421696294,-19.2639590073411,44.87462693687842,-44.449978648859265,25.75866678099114,25.05557291890497,43.97173090179264,15.94703376797751,47.560394836388376,16.52606965950071,48.32135569591838,30.189211589455027,-39.19465784575723,-17.52179011974387,-48.230380086275375,41.331692372594716,29.61295282468954,-23.278968341676276,45.20650894574975,-43.45012224241535,-24.58731759560359,48.35672055744266,3.3030923665511964,9.98772778562193,47.75488318129707,-14.524273473459791,-46.30849451014364,-8.10304475601858,48.124235660622496,-37.99714028787519,34.483757900916615,46.55288687738552,13.662256592215396,42.49478179338636,22.81151699386115,-1.69475244571598,50.06411141860319,48.367435243777045,8.592603671394238,21.82349581258417,45.0482301292006,-49.49514020493471,12.281020237037822,15.330440908406251,-46.3434372868329,-29.871347206936857,-41.55580831307345,40.37238462423858,-29.69023597351466,-34.239292645666985,-38.27919211699007,-50.66182060740567,-11.07944528909034,-19.56441518713474,44.59902348141544,38.35533897999697,31.522037138840663,-22.62473331390708,-43.467894533588684,-50.25607213553076,0.12010633835761722,-47.69693951173158,4.612023290604616,-39.893344893949255,-31.182709092008842,-49.37839706732745,-5.431855485241173,37.61636622588589,-30.51523865536907,35.44696749428647,35.55014262650219,12.35110768163532,48.15030446499667,39.54904261923967,-32.260401733352076,49.8223442874607,0.1951989857773464,-29.741314442550696,39.96291618161922,49.0638464792117,1.1075602409166057,-19.213231462671274,-46.85884880660341,-50.47531394144581,-11.652812360847715,33.06198335442078,36.430703915300896,-28.546090893263475,-41.32495917238312,-21.224048402461012,-44.99373736943899,20.249430345535895,47.64944684909663,-41.86523968253546,29.495783551505248,-39.75414849279186,-30.58342359587569,-49.658025752329635,-9.295876915274773,-15.292303300827022,-47.26777909015864,12.909021356530602,48.06006780015324,-46.87974436854881,16.250928738866406,39.867266894730136,-32.86331672751617;0
22.690584420282192,-44.39758894093178,50.62235247206482,7.729828438380325,11.567886397726907,47.75887003169494,-36.60355112328235,-34.19716031800581,40.573312111314344,28.05879216232742,-33.95507100563635,-34.12464026455321,46.963668009329275,19.273595112364067,48.92435076788829,-12.730987897884246,50.173634074318876,-5.044545036938789,-49.350715663120575,-7.648991605398956,-33.67169707368615,-38.712837159534736,6.185453814384308,-48.38656914180602,3.4637419829505673,-51.610509408815595,-44.60213983026423,24.286649184142657,5.8370483959260895,-50.167464696670876,-44.779252373625475,24.242132510989816,44.31343932553262,-23.288881432887052,-20.232973866878492,-45.6071658299921,-34.810105283957355,38.50054534587906,32.712705949891564,-37.71877835091774,-37.22742091899275,33.28214744970411,40.89692733641876,28.56427827421128,-23.09636299489346,44.83713150462012,-43.68558835725619,26.618139589207146,-2.195417207447397,-48.942008033866585,-27.37781904239739,-42.65885632582845,13.543173093190795,47.785267935916906,17.87055210829209,-47.367229713658936,11.822065255250108,-49.440910413004836,-39.48328842749567,30.766122525466614,-49.702092255521045,-2.6801788065254826,12.644362331646823,-49.32756325198135,-47.42930584538336,17.4609241567855,-2.234467211312245,-52.551678337070435,43.41607527900992,23.71565724376161,-50.31553088115906,4.024802002031353,-43.75922427017863,17.9859180520906,0.20581628184555067,49.12124146882347,31.834305211889983,-38.16425043234144,50.03986647075098,5.943829973424965,-47.120456709893105,14.603363244823184,45.88732709008609,16.560453633110974,-48.13765915619372,1.1432985522430128,31.866220185964874,-39.58741203458451,-26.4967666298144,42.77517102167104,40.90833565669712,-29.981629725408187,35.54450889366673,34.95289992866922,27.525957859422785,43.15326311604326,11.398752819091861,-47.38169624336948,-24.32331288949623,-41.40213932293431,-8.666243918259859,-49.360221635234566,-50.69015258444965,-14.086668581092159,-49.54103319505563,9.38829422352977,41.13363773151383,-30.10666322041212,-36.525199970039395,37.09990862176802,-49.60676446058663,-9.669909297976528,-18.908387639796704,-46.33248982083011,-43.5841053142494,23.52166605615089,-30.366150310895513,-39.43079618200104,-40.28145508502178,-26.539003895578112,-47.458607356482986,14.793729888326306,43.43911875491215,-24.284431412939057,-2.3320121230962068,-50.8085654902989,45.89850905116465,-22.590884263837136,38.02215810684984,-31.41728581722205,-21.66203131547086,43.71868444357936,-19.131285989188623,-46.627868857511395,45.673162685883106,16.787365863487995,14.085181548136582,46.132293981368726,-7.753315608731107,-50.10140767603489,1.6632477791420044,-51.17257046317817,-14.646004552050583,46.44988952728418,49.96163422897562,-11.836413767995559,51.29737908096484,2.659874038375714,-29.79447564734904,39.72757415744267,16.73677107767646,45.33261253347267,-46.15668793389529,20.242733256276253,45.58153594924613,-22.27333382631571,-10.178178528982604,49.46472918967144,-44.80126393188488,20.030738628139993,-48.115318721684275,9.909106272694263,31.972408861643473,-41.53707371314088,50.57626979960009,-5.361789147924786,-48.84572435861999,8.317166671079368,-48.66378979945076,-11.417761082258904,9.404289674218397,-47.65358007354609,19.086443176930707,-44.59305656512271,31.049040825576014,39.77185704200719,-29.094373463288893,41.679856738385915,-17.06471277820982,-45.89854498943943,18.27220167798765,46.54771489265549,-47.56953005139311,14.928157693933805,50.276694320352874,-8.623239900245308,48.156204589280144,-1.7432045102783298,0.5958094245987673,-49.35606918845361,-49.09113561874516,-3.8016100073805896,-50.82963063493439,-3.659527944233674,45.216104602731605,20.441458377133902,48.85296096074619,-8.990189488342942,49.009229696587205,-14.311108298197812;0
29.153352922477133,-42.59923203964983,-45.85022540358621,-20.334421311360654,-50.20677883860218,14.633725795691314,-29.521115482411133,39.80262445607477,-44.002333079161346,-26.247165946757804,-48.721292891858205,-10.88926026308275,25.199083617079857,-42.78065678533211,-4.971923344635793,49.937539600998626,-48.9822872691677,8.330134890405294,-29.607294657581097,41.02579769647459,34.462824412604,37.64962862075948,-5.216413519764576,49.21695252799893,49.921172608531116,13.487388333858963,-38.74959254964401,31.030303946856602,-34.14502490635053,37.55161430611405,-45.318016531074235,-16.420780552417614,42.20400078963408,-29.761340363240844,25.501112709292634,43.84085716723209,-43.46297502174085,29.477853477704976,-31.225524384321094,-41.05064059529396,-46.529059734820734,-19.431891975670393,-45.54955966720086,-19.59932885457581,-49.65484395051137,-9.526600927851717,-38.1801592921887,-32.586548451149326,33.01711419682519,35.95812472143963,20.380454504019955,46.296328445985466,-46.90968602674423,17.608268079385564,32.76065284627982,-39.46232677148998,40.14798985328032,-31.02563392956834,5.916372620532419,49.84308495630838,-47.94213476744397,10.907536669477802,-50.01703485432297,9.250712575781305,-45.88036511916725,21.658435836358752,50.07852798986398,-9.528533153723465,21.485730386331703,-43.3201450221421,-13.479973463885193,-48.08510808480498,-17.23012140539676,47.37336129923031,29.952750270741276,40.1673786482368,47.134196819141906,-17.699229465868825,10.032346938119776,-50.121528901383805,2.9404487492349354,48.00572784547646,-10.59792240571642,-49.26599592467035,-5.321633603137123,49.882150368661684,35.23432818572341,-36.58789007566424,5.328376410863451,49.69625669968428,9.593451048145944,49.36093945679953,49.74001327317446,9.188505626173407,-50.7270662414671,-0.42414154470328724,-7.031327341312567,-50.20676910458103,-28.930411036356997,40.2820327875318,-0.12296624772008369,48.62212301504895,19.83380247305901,-46.335157227557,23.30697950429555,-44.963237753017715,47.980450319288536,16.161916838938474,28.541070653419816,-41.89566483971988,-16.962084608951923,-47.59097911783953,46.87321034537651,19.81068638153622,-39.037480593706185,31.406703757066285,-48.364938502973615,-9.320305456515591,26.298615315834805,43.255195660119476,48.77787245989182,-17.30186303346711,50.066305213202746,7.590938060959266,-5.810581741182892,-50.217209872659296,32.96950419942177,36.576979863518424,-32.265893887456365,37.90787652613742,46.88556243959874,13.289840396641248,-33.00317316238527,-37.0745612064778,-5.4814384828275164,-49.515569070676584,-18.18383592583319,-47.38242813064568,24.870211805416282,-44.673304262754385,46.147689548277796,-19.238440653127437,23.16055213819346,-46.03538841803581,-14.196385719465274,-47.88450620110958,-47.928131541172206,-13.99844225507911,-34.52830307457472,-39.17970008151938,38.7498695028388,-30.499261914396698,35.12024081950452,-35.207331683056815,-30.97229861168322,-36.69891022447255,45.547061699754565,18.30541783767536,-20.541951959098373,-45.35935897197473,-48.90755060442652,6.033734893654363,-10.973373113310526,-48.37746837984545,11.51584435944193,47.608885441005945,-14.177922298756643,-50.06434751347567,39.00397687240384,-31.548714705262686,-21.420735408303152,-45.146702233832606,17.207615936909377,46.29513303582064,-48.84168301462336,-11.507814664500016,33.13022398700056,-34.22474172819888,-45.0236225514866,-24.499331263534145,-25.37924967435341,43.099488468669534,-46.75560023163862,-16.762225614500576,20.578619142685245,43.93634940908733,-23.64776985480405,-43.628236567234666,33.295217620578796,-37.36265053162037,-48.00690536849885,5.635713014195808,-30.939182013962032,40.12154129583695,49.941113458161496,-14.501874715355253,-7.873577299564168,-46.61433511384793,-15.564109697562348,46.47409854539043;0
-43.27472345661581,24.088507001446516,-33.548974557508316,37.888662226384064,19.9615485939227,48.01913312456885,-48.53521657560318,-7.28108634566995,50.022766132473365,2.812772500741873,48.36191199458825,-10.400417173150911,17.426879805913725,-46.05743243067421,0.9722914498641255,-48.63207758310523,-23.34990947068705,-44.068087973135164,48.94860706037861,8.785682091115047,-37.36397452687237,32.34554598747221,-40.46446607300612,27.651937794996126,18.30405035878693,47.30303639087961,5.209775223937064,-49.35352210124781,-37.527949704546955,-31.745205306214196,43.14782287183401,-22.226388948205503,-22.976304724305255,42.53874657287614,-0.8303759882153117,50.45274903807762,-8.595136871594157,-47.99812199602326,49.04583992916837,-2.09809976904197,-17.570449999815956,46.69874167701074,21.602888621538575,43.70936768925448,22.086664073886446,45.07251962007084,27.188680233514276,43.48455759417462,-41.1116907929767,-25.957423225859007,-49.94823322881328,8.992666622875827,-48.181506068746046,13.645588171759135,2.6767450962018797,50.579680862139156,30.659778500719746,-38.486584342515215,-49.53054483690647,8.599961684655453,46.726639293797966,19.10202018531573,48.68592818478336,-1.0964039946296367,18.650906627686574,47.00472202749332,-12.218707752788564,-49.81806980391383,21.143413128943237,-44.76558060132138,-47.866569572207936,9.077041339866252,-3.266299386748254,48.93005983281106,-46.328833030044024,17.63794473430154,11.024179242234652,49.760069322426304,-51.729182782529925,8.882285967278326,5.8641853650925615,48.573068440351754,26.07416903885104,41.938192384673776,11.97344631155786,48.07712916076692,26.194513543058953,44.70844230264414,46.757563474512395,-16.929375786744128,-37.20341143151517,-34.74747939568101,-7.10320948381788,-49.21965701558603,36.53619786984122,-33.88295721367886,47.00249153487975,-17.330024355541696,35.608794656863054,34.758187161977496,37.60525286966561,-33.87370682393396,42.465573679191046,30.076994828460887,11.380624372748276,-50.23733002629115,-26.533396980475594,-41.90375888800881,36.8968509115532,-33.068191204787745,-29.692436333642295,-41.648025191837014,49.009731235923,13.015631139909877,-35.023774695940624,-34.635119951634536,-14.16965465590809,-48.889951028048635,-49.01492702111054,14.725512261596363,-24.2424447671171,-45.19511905442619,14.357089254577716,-48.00765711909062,16.350722450377297,48.222753395803714,23.85561909470517,43.762724585429424,48.86673846071968,4.0895407614030415,-1.2924823308905158,-49.019153227047546,18.973468285470986,-47.5744447823266,46.81439239915698,14.52714456380135,44.406363896163064,24.38150534117933,16.46716734538096,-47.39235774731182,2.877803651045682,-50.83363652727859,8.94764165694045,-48.24250414214323,-32.77244810082254,35.064050984474456,-45.87076620834186,23.14253783975435,-20.921423112159843,-43.45713410005435,22.659532164560755,45.05456969610099,-41.633051831698396,-30.767190573141335,-38.86616878130025,28.672806302597706,21.75532862688179,-45.75351643565845,-12.217731025801948,-47.30274986150028,49.862149648496505,11.113168435324221,-42.14812631521632,28.551265254887102,-49.34405532758974,9.418661182262365,-10.414283648047176,48.51684560767828,15.79734547270602,47.53007659168417,35.2504774232526,36.804371706479344,10.02075001169342,48.226927135643486,49.7139769212204,-0.06056352531604925,13.53879426151511,48.23911924680882,-17.15311421519075,-47.190338311076474,-42.676648442980046,-25.99659311955523,51.18666725360259,-2.069447713815978,-6.504389480543701,49.617242212397336,-37.32261135683725,30.953838204510262,10.356822361911362,-47.57004573995687,-11.366963568114892,-48.07602332664038,7.249236808313216,48.90162516282721,-11.099407071513127,49.15027784571815,-8.167581307450915,49.0905743896241,33.53395489563342,34.987247538451655;0
42.26638178788299,25.952637072613307,50.84847854647037,-8.91541983263476,-49.33703127117927,3.2882095917338656,1.4381004118546346,53.20323812938442,-48.92025465608021,-9.19325423691275,-12.575141136776585,46.75225111386439,31.67898155758542,-36.99226440215538,49.368277386591515,11.816127074933274,38.27535053514131,31.47508065008638,3.0303023482308706,-49.516341924348765,48.24863214555186,16.83211023455638,8.219938374409564,-49.83507052085107,50.10430245328553,2.46526319275968,-38.03273295102395,-34.36078677079413,20.51588373522425,-42.99696038494377,39.49728461994567,-29.743116485630548,49.55509359186215,-5.430092082220961,-49.64135792158645,-0.36059303503007367,-30.584956998157974,40.080167431365396,33.878447991127736,-36.00245005232807,-38.963703026428405,28.35553993481456,-29.086785727400976,-39.609171108622704,54.37505011401214,8.212739764350836,17.088671536441915,-46.893106372944075,-44.748971574995615,23.592849615731442,-46.032573607613344,-18.47694764834587,9.249012832642997,-49.270271934777966,-40.93852542202643,29.430375822506587,42.87716888774255,-26.726826974951834,-30.558149296628844,-41.29858931762004,-7.285616528710759,-49.42148728663094,8.594926269555938,-48.368316063276005,-30.19452595892157,39.696513993755566,48.727923838625884,6.330726567695536,-32.436302565023496,39.35570105143985,-16.272856440654177,47.73926516986729,43.50907444304511,-24.756486138620488,-1.8649164929660116,50.371405124334224,3.814875487662672,51.460429531252274,42.202419031103084,-28.061949593384373,7.352158154582413,-48.54338310761567,-45.011597121975825,20.30389527351522,44.780650549272686,-21.31305534930144,-14.697945739658417,-47.80508638416899,44.79536196875999,21.448138527910352,-22.811614699828592,41.842710386773135,26.520780366333206,-41.472865383920876,-34.243365657293666,-39.024883627011185,-34.94975497183236,-34.2449729127228,19.850376028818598,-47.768999907851,-33.50166579865964,-37.82376119602693,-4.2822508827275,50.301203153717665,-37.8116888788225,33.603206300777536,-26.34757126806799,41.621657799710924,15.83345141442873,45.96837547262678,-4.037581216967483,50.45583759521528,-21.607169887916665,-46.06647839022526,29.219907305202472,-40.10470599665897,15.742376984148951,46.32883344387542,5.644044105292256,-49.03478520877493,23.168751472342475,-43.708069407826315,-48.54992895384346,-11.741632511435315,-35.18396916563645,36.484521818034544,14.58005847462455,48.871344872615296,19.03685009581115,45.46259716175239,-21.997961079463035,44.866468433869095,44.7785675257231,23.4930214144835,17.48007881091701,46.466103324909376,42.81432493663441,-26.496033909172656,-38.12980068363538,-32.960343105549654,49.19375913974851,11.414055994238673,-8.676300042603325,49.71340911913234,-8.545598252025524,-49.639587948397,47.092981958591416,-19.6436883230961,-39.542987746281796,29.266217193682422,-11.475857192272741,-49.30513191143444,19.589348672043783,-45.88037883166191,49.88650702583816,10.260093393230047,23.637945129580327,-43.68172831025772,-50.505797705453936,8.124496368226538,-9.559608332891047,49.47169121361393,-40.6809698104726,-27.915200915685542,44.420355663705,18.41001898156171,25.39704100641113,42.55222001320932,-50.82260272436561,-10.642775950942278,-45.004011898092486,-24.82942202791238,7.191487673158432,50.457515001577605,-2.3149191781403955,-51.1774784432971,5.891181958227661,-51.01985552456417,-29.603333486549676,40.30450149721182,-38.105905718916716,-29.083664679785013,50.08832311433564,-8.157431239896718,-11.897528437569528,46.95809936020147,-35.31158940257761,-35.320712877064324,-20.026483296453947,45.2217303660465,44.53970365871645,-23.037965630120407,-48.72152013716073,10.138193367753196,32.53444194776514,-38.81263610540264,21.014587490751797,44.52277293092607,-10.652561858194906,49.309680796980594;0
50.06805746832369,-4.321817208720067,-24.934700753558662,43.17107451767464,-24.33807761412803,-43.45690865678319,16.53132909828667,46.338102630291466,-30.008173593459944,38.101285661997615,21.389516643305374,-44.83035973257474,1.7157170062901455,51.04681805376565,-47.34725109633434,11.27018353679136,35.35229038906422,-35.7193861787253,-39.99119581407607,31.96502964097588,-21.505985538834818,45.30827707732329,42.83979037246817,28.033603668051335,25.395488261901,-43.15244924338761,40.96420104146053,28.79200519250344,-28.687537404032632,-38.88445630742946,-47.89343012137648,-14.338821824461263,30.286796117137822,-40.25982677275751,-2.8701407916905914,50.260768714218194,-47.87507987488279,17.191721796572878,37.62107647973927,-34.39376197220363,-2.7567564715154607,-50.25618750585413,-11.880999665729286,-48.33978793212064,48.253055789360545,10.32454317610508,49.59557609409967,6.161100752137598,-22.543575714966217,43.56400581734021,-46.93191404640743,-19.543742486198312,-1.9610210397755046,-51.3445139199021,-7.212223191681099,-50.67343034693702,47.83387000090305,-2.6155294959958804,48.20331383510735,-10.107477203375058,-45.95599605955377,-15.965107932025361,49.1465092452526,-4.777252267929237,-48.49709798121294,-1.7499859470057826,-28.72877084816093,39.681540039704075,46.11574192299165,-22.863951512428635,14.143000943606735,47.87652370524036,-42.54729004211784,31.61323239548447,-49.264604819853844,9.067328784456505,32.28747354646603,37.87242471049557,-8.633418488603025,-49.412951217477804,-43.39289895764095,-24.79484040431834,28.7215941585008,40.702633947137436,11.534266507164485,-47.832374847229026,25.268512678421892,42.65728995746254,-0.24053976430042545,-50.320397594258445,-3.9169969536540865,51.61256031310451,1.2694555627962882,-49.04052313403362,35.63320829795056,36.262894576209085,46.79210391027404,7.231415267815442,21.79048645166787,44.04287850473186,48.73483175482777,-10.830230090492261,-10.106637299781422,49.67682751091347,22.651539188367437,-44.70450934392547,-33.96179961565813,35.70752211835357,-49.909867486845584,9.273759509251185,17.76812972979406,44.88926854570839,28.188293451905572,39.482313821971296,50.49565550748703,-0.12002460044525753,-47.01864205992053,12.408955821759815,49.312397166329205,13.20625582821691,-5.285022357789409,-50.11130739789553,-20.52987883712231,-42.63502058521542,29.562692632238164,39.1199003158082,-51.16116112328719,-10.452517099629363,48.31877276159431,-11.776250054665015,-5.076605194034681,-49.92887120264783,46.994456809622605,-20.189905548048475,-22.639762113428787,43.925528071813524,29.104492078021295,-39.60689021474115,35.392554653755255,-35.586738292010075,27.4526414267566,41.131867760893556,49.365348286269665,5.943805546870975,-44.83655497711964,20.46359580589008,-41.24327617479013,29.193602054336157,-24.220543329236,43.08086321123133,48.041584085367695,10.742420934934158,8.603649027188863,49.139026779833365,-31.597996223026932,38.2842069807321,-48.78043890448384,-7.642409593916158,2.049423843391659,-50.33334151341465,-18.62864970642079,-45.40895679649481,40.144030638945644,34.72070287771626,51.67954736155341,-3.0947335442576107,44.35056636540859,-18.127816127155405,-49.56025428905039,-0.7059531644917393,-18.454300550914578,-46.63792202198967,-51.22502346819343,3.2410529282028504,7.938951282186332,49.91961064879893,-42.23217308679408,29.701115877663295,-49.309097637281795,-1.4905959580759967,49.23978066037987,-8.62004393685534,13.658983936025985,47.844243134968565,-48.98586399499119,-5.144794582164072,-44.267940573974464,-21.657689836690352,38.396879151790614,-33.9402055628471,-19.762800810433212,-47.830166959634724,-45.65473354063449,19.09953667854111,-8.309311617908579,-47.53115832085584,45.68275758896639,18.508698468194464,49.6735717112676,9.653667172675547;0
42.308558558671265,26.39783675918764,6.939321640322621,51.403086364104,-43.352838086870364,26.164765719078236,-19.069346643557488,47.09909209342075,-44.16028954183916,-20.643322608701865,-48.376042673956896,-16.16096066526777,16.29353775973781,-46.261038343449364,43.75753570304145,-24.152562964142536,-49.41214210785267,-4.2747709764623725,-42.69752387110136,22.716970905363016,44.35390265659897,21.74920972600245,39.372053542247606,-29.689420897528823,-42.58196570542582,23.439147014109817,-44.71192010894469,-26.22243473741735,10.426421471442403,50.69505558683463,-48.24422531600386,16.290147849778105,-50.07034440325134,10.932649425452189,40.648454282557076,28.373714129657536,43.45280526017275,-24.280373588863654,24.39596685637381,41.985354561232775,35.896383786376234,-36.15502943480978,47.540426781240406,15.99925756079856,47.76919409955677,-2.655793916019054,40.42659984332015,30.318163518296014,-40.98007710565667,30.308011490286976,44.12540930556526,22.387544680913994,49.38736800872245,7.76630421845509,-8.356370814812081,-47.372195808445674,48.04653703704695,14.4254761977253,49.25600177231618,5.234492736277857,42.70899340890883,24.666774570106725,-8.906305181878775,49.60739119219171,-45.817192437641914,21.171306594116242,49.71910129800696,6.115865836966451,-48.9728279949349,12.044012322697428,-23.973711272348357,-43.96986612641575,-24.02423093167063,-45.56255059369791,13.006423696856464,-46.385065334647784,40.57518783221284,24.332122144888796,38.52459294791039,-32.6532732054615,10.9300091587119,-49.57957022882735,-25.5373396392416,-43.67134442961163,30.001340928689,-38.6087905822225,-46.89322038882745,-13.74666150916783,15.019316725044197,47.781072213991976,-48.64762158549452,-11.127803400529423,-49.30158427841175,-2.9735140300287064,-8.73295763940486,49.28023785717194,-26.658269821153652,-42.64021375963065,-6.712373582677392,-51.45295073756686,-17.251690943015955,-46.455279611521135,-39.26903543112979,-29.240886826058897,16.774515738962577,46.76749594776046,-27.728282720303895,-40.04180886766091,-17.946204812623858,46.6328697946347,-34.950430195423465,37.54553928838951,-11.63299392075572,48.49109094721534,43.4401661102472,-23.677708184272337,9.863910397601492,-49.89191187451404,-30.638877805201357,-38.669364127519394,-9.924211129626984,48.24912110986137,-26.201944457577692,-42.80726377041912,31.88819822511395,36.86243310772248,-49.66157227401982,0.40644482797470904,-29.395869766302308,-38.53343426951325,45.39272309424834,-20.88243405378393,49.59866922681879,-0.6234194301038587,19.843463674177336,-46.93399303827404,-49.65145554603873,13.377330231268235,-18.215092773526134,-45.187123849958155,-13.341245968548714,-49.19216861378221,-36.73874925204232,36.84979144572573,-44.18478506185294,-24.2225772444779,-34.64476964361112,-38.49958528964862,37.92056308948449,31.713097324760252,-26.32346101484313,-42.9086412005274,-43.273463558749135,-23.93393384424727,-18.21207523831277,47.18100475687128,-39.18153231957291,33.282794907253546,-43.151844363229834,24.89297935424328,45.671570457306316,-20.69800696462074,-17.180629745677575,45.24199142729494,-21.18734538181087,-47.11136237428264,-1.113554579192324,50.65463473219083,36.76318744964926,34.534040305321355,17.16334057984979,44.88843796191002,31.81431360399531,-39.7430119747704,-17.988586508417214,47.1304325604714,-49.378536820137036,-17.1661071704441,46.38291426466686,-13.23209473991474,38.75358284387372,-33.08847330964251,-48.277362233549475,16.916231123357928,24.53808097968803,44.740541743584195,-15.190889460812935,48.13832384860356,-49.467706889700544,-12.946987664499309,4.162385477186326,-50.92962685220768,38.932099557246325,-32.7489649353173,-45.64782519644286,-20.095486407633793,-49.19717339183836,7.7778283177668115,5.35769898758309,-49.387724198549975;0
-33.764831079264795,37.316022168840256,-48.394651809520916,15.997768042852876,-49.60311513662199,0.9338235544935488,43.75318519336901,22.783393099137005,-43.95314994834081,-20.80221310325592,-11.513776701989457,48.37797084511577,-15.712070242273603,47.15378316973085,-35.7151625502848,35.6824694388094,19.849493087803843,-45.753180293492576,48.74173587935722,-9.023137782046799,12.712230322984814,-47.623118367807095,-36.40709919956628,33.45884806113813,24.22825454896518,43.25932433876542,-48.06303456691911,-15.223900940528424,8.543190279251403,-48.4200734213584,-15.673079366500916,48.17936059681971,-28.8502467235057,-41.216242046576035,-14.545876808819491,47.91712127386299,48.52514066763369,8.096582623163304,47.663877197701524,-15.414574175819507,28.836217229735226,41.72802254578414,-9.778689954767431,50.004750867144175,-43.78698662440674,-22.72620622865513,-46.524158149025496,-16.278299034322348,44.82121502503388,24.472144133306045,24.760455908210144,44.190371219315864,-6.094620800352358,-49.3877354698735,37.90556879617165,35.15769057272562,-33.12841781148938,36.619028785367696,48.98325163166396,5.748428528647808,-50.93418618579249,-3.953148419533453,2.430406100346564,49.60918872057482,-48.478473801089365,-0.5054226898832792,-32.91470619105697,35.14262106654167,-35.05586147938122,36.24784199779452,-44.24300734384388,22.019404752696094,-43.04019796363108,-24.35504946724562,-41.17088017315693,-28.952753283217195,-48.16668353146479,-14.607664614882236,27.16725004566315,-43.2530541014078,-10.065925702184973,49.55786645612858,44.72491554008989,25.11079363200534,-27.464188387740247,-43.23548314464952,9.179118679462928,49.08094327623866,24.01812879979562,-43.65056139413737,-41.094572426907405,29.713242498561733,-21.519888542852957,-44.23977014097418,40.19515970483993,-26.51763655505145,-20.303520095826094,-47.86663246581152,46.61678916318637,-18.876165881537087,47.89461370912593,-7.406742104407389,-45.300564881791075,-23.39348722490331,49.67361232239564,-3.7487140515131987,-5.99714841327788,51.51339360237296,-47.227017507784616,-17.514413672031925,48.91959993208504,3.9289855071147755,-0.7052715843500292,-51.27945381549842,37.20313409012598,-33.260246177771926,49.40092762271174,6.66848751450766,-21.550180155339014,45.97095867373822,48.022816558641075,8.891474432850643,10.034734737314825,-50.02818953214714,-42.40102969169218,-27.53754644659665,-46.227426402310044,-20.326360973392546,42.42369077684201,-28.981953851930516,-44.60576371385821,-25.143024003199177,13.317127191286014,-47.93567528387838,-40.186068859392236,-27.295725677859693,-18.3420718757733,-44.84617419885688,-43.4903111691644,26.00988725655559,7.192905917522636,48.2011092210665,-10.905198923174739,49.36306366921226,-21.21208721119738,45.656384961729124,33.78511061448893,-38.54049238186456,-48.52092551756727,-3.391476087541533,39.43713688681929,29.93995215698147,-27.904844902366268,-42.432190502943904,45.950508910822606,19.508546407710767,42.50414187687907,-25.628534072506067,-44.88468245934908,-20.342877097298565,-0.07288272994570555,-50.88717784383441,47.46928808801494,-18.188693515029144,47.15152939537698,13.919334921508963,46.536374670452666,17.074679893800045,-13.15554783998365,-49.942264486326145,-48.15047117633535,-14.854287734884638,-26.82616960397917,-42.08932542716952,-27.11593056822694,41.43779139865383,-42.52454274882281,29.39057205558101,-39.798599737280185,-31.680551585686363,47.88963245081117,-10.244045663668919,44.062002944265835,24.372401660517642,30.86975850315767,38.28319561531477,-42.798868101457614,24.189035328576885,-5.750703891833037,-50.6895341768912,33.61191731991029,34.88113171074023,40.46731839666194,-31.709443004971668,7.869425088836819,48.844025331350615,49.381516069152816,2.5996183890024076,20.23132262217915,44.086356707856766;0
44.55320550390454,-24.10268350058817,27.98872309307764,39.69490790770514,34.39581558072653,-37.85663720005639,42.45171857734458,24.40546264442348,-46.305484101033926,-21.980296070427787,-11.470874315898737,49.24724523244827,-0.8547668846433703,50.55167495006611,-44.08685019673762,-19.176457139185796,10.139149122493977,49.02046339376966,-30.546645550628334,-39.886293706906756,-34.518098632478335,-34.62832294166615,-42.172237122464196,27.136818972377288,-41.431834568941866,28.87286104325693,-48.79550594099318,13.263000082539829,3.81193959283711,49.995717207640034,34.860277240529705,37.33165156398162,38.6520535742025,31.334044150522953,-46.73881406658105,8.984648786779612,38.61021735534878,30.895221269807745,-11.317975417514061,48.86750362585987,27.414508331288634,-41.11572061029903,-19.619671709232563,46.999448841803854,43.49255533754793,20.55962491963035,5.851939585305612,-51.14194229265623,-2.5756881947274883,50.94234509633938,44.91618644505725,-20.42914363773096,17.568484260298188,-46.290728675156316,-24.748438648039368,43.488183567746376,-48.10626277373565,3.8966846868813896,8.071700619838113,48.85459634966289,-45.659159448599944,18.250670243381563,-30.19315507781003,-40.217194660158505,47.909162836567894,-11.254125452648898,-47.12997452821034,18.998316978094934,-46.044105622035694,18.270930988714607,-32.97323611877372,-40.152774319833334,42.74742979597455,-26.14308461160869,-45.44896280768847,-16.864857460958206,-49.035602274172106,-10.569433237479394,-46.4186036034434,16.23845894886824,33.827935722509636,37.210161712509645,47.7130132406742,-20.146422588799894,-31.136000099348887,-38.785474410503205,49.014173514981074,-15.750287779109879,-48.42252622084736,13.236153046895424,-37.35736860311761,33.64394685116557,-37.53657101465463,-32.72824604097605,-24.12993713952018,-43.04399911372384,2.8193667213406277,-49.42201799118862,-16.756294485728493,46.58319304643706,-14.11958867000994,47.93389322928287,15.470938871616399,47.73496633066819,-10.795422075398694,49.03864242935098,-16.444763846386397,-48.9159117235462,44.71855414077286,-22.45750397948759,-27.227983762359774,40.98510909539199,-16.329987051903416,-48.01053947527395,-31.41805699863103,-38.46777193777883,47.562715829215726,11.974109059849892,-2.1919804433165218,-50.685704487089744,51.14820222081604,5.459151712643095,19.60315223046169,-45.7786887776023,-11.745382603724904,47.50081499617067,-46.8468804004701,19.809967332022197,46.00260227485996,-21.143440701865153,-47.42118756431346,-12.945074787261522,40.92628043785003,-29.018238297105,-37.23343752970746,31.423544751063833,-41.3324636107828,-30.976622194170222,40.50003201391192,-30.823270799332555,25.3580537208861,41.939350891782176,17.95327790470405,-46.504477180674314,19.528067741618496,46.6465438801264,-32.94942127356972,-38.23214943380652,-50.90512953183954,-3.9216720428339524,-7.036712344284009,-48.75999419227366,46.8560741474637,12.46490169200649,43.78388156592186,-25.46289831652236,6.445358933877919,-48.38624597762771,47.233717766432626,-12.921537516542925,8.302026701523733,48.592467032127196,-22.166816795071803,-45.58390049456579,-32.511501683316496,38.3924342747905,-5.368412577882057,49.899705065853944,-39.07093403399546,30.155351194037863,2.0878017775634525,-51.73269597283913,-39.49929948237456,31.38888611201555,43.810826396189995,-25.82376061978356,-34.23526290466357,-35.45165869301279,50.87851141366554,-1.7009660590460023,-9.0275061791351,-49.189693314808416,-49.926999967567916,6.376287972536608,8.200525041615641,49.13708879893349,-24.906232874938702,-44.20985038702299,-43.4710787806095,-25.172912654328748,-41.76798938741792,-25.69084294294312,25.691085469812375,41.95479595214296,15.710896990229209,-47.865087326739626,-35.89919039901695,-32.548128534655625,34.125754057490724,-38.331158566313626;0
-15.138855636283791,49.48997947465258,18.867075666891978,45.736100958658874,-22.355656484185992,43.34299783812228,-24.505595680564426,-43.38521146438628,-46.17249404197806,-20.84492785991995,-39.14016671353359,30.309146458898564,-36.429499765566966,32.75979487768381,48.75720029270703,3.7961477943363824,24.04852135799442,44.2547328162574,34.433882665531094,33.98250014389962,-17.286892768373637,-45.12785454908245,36.295367225913736,-35.98180315820481,-27.714759138605082,44.81699943395909,50.57366097064433,-0.8536747379681975,32.36979588358003,36.52954509480335,-48.79775839662815,-0.328372042317115,-11.237343798744233,47.59266315703734,8.77792288670397,49.67268590047313,-51.05576831798901,0.09514291182087853,-34.15228363236673,-38.11645708065475,-33.08867569949292,-38.718590408471414,44.38805866190168,23.188895229300904,-44.8020944931364,-23.916051018551887,27.027442653550057,-40.54463886562668,-14.473618950297515,47.654755914497464,52.491570747713034,-4.674702455710804,-46.46151709360824,-14.754504275350136,47.397131109003205,-12.649816800303585,-31.24876675780325,37.61211902938188,-50.97571851697032,-6.648821621353265,51.26370316932345,-4.87187907524652,14.413394781543717,49.387563273954854,49.286929758529865,-6.0112516896308,47.80183384427533,11.711334065618933,48.51860681085967,5.222604570896796,15.855967282775817,47.22294508654924,49.00352212682743,4.3668470406480555,-46.3617020827827,16.746425124943713,-29.13875711567621,-41.13172192974166,-12.559404254713188,-48.510004329990466,-2.755907849852803,49.519704266854504,3.925315685874752,-49.28781904140698,50.70138867236998,-9.019648246620939,-51.03638961607959,-8.897614890734275,-45.200173495258134,19.965734699588236,-50.03024249270512,-0.6626086406689673,4.541374172008082,-49.36771467997248,-20.78685691321722,44.825699595650846,26.34594476716948,42.9684471446233,-36.044590326009846,-34.384316463927995,-33.103550457955805,-38.53375622386091,10.850341422038026,-49.89071332565705,43.841677845758475,-22.691495702441102,27.181464675656397,-42.61032348576827,48.46421137541777,-11.982173546751067,-45.97117670564786,-17.631757419333873,48.04552375742084,10.280279909260583,30.70052514969513,39.15583769225617,-50.498130501413165,7.956877067424637,-19.62373446964188,-45.48171135227456,-19.02309287215289,-45.580140559742745,-8.199156492796924,-48.96764088054392,50.40349148716179,-3.9145782393075192,-38.32467220715603,32.26081489586897,-51.411396786557134,-5.537603407004161,44.690157381183255,-23.177063842317033,-38.5958258027285,31.51783075431589,-48.76854168310155,15.473101287291865,-48.50148013601733,16.077117285386112,-3.2923362922347517,50.267840931794254,45.04079627406222,-21.96825311024798,-49.69487095695415,-6.102118938577876,-27.14817412514134,-42.870603469370735,26.031263919857533,-43.95972406154761,50.50947225108923,-0.48458387331239505,-44.465833907592355,-23.818583069199388,-49.0688998225972,2.893958206561303,-7.574759011316963,49.68025558900095,-8.371184385640941,49.44297011539622,15.38923844858698,-46.08541900178603,-45.83346210490877,18.26497115596418,-22.47811864620671,44.83403595611525,-36.54735894594172,-33.54957036588661,-38.57775960497346,-31.441392457698107,-50.38794996864071,1.6922883984503128,-11.962544868806884,-49.06665165123714,-39.78869570442068,-28.226123605262284,-49.30277283853821,7.431709758076952,-44.002977024046224,26.97168340032741,1.4577907853593697,-48.267079165414444,49.07512866592627,7.965229316145298,-39.109552389162374,30.20235326962867,-48.466435263488265,-1.592569151631515,-2.7494896421320534,-50.63586646132453,-49.59001838425211,1.732972311613473,24.62923305560123,-41.46711756249375,50.160100139677695,3.6620062488931,24.50407399317241,43.20565534833045,-40.81307667526778,-28.822990429783466,-29.622446730746,-41.81784949190023;0
21.256334646939123,-44.558423483032186,20.35626566406671,47.250936404284275,35.69247925558464,-36.35959033298784,-50.23616503338686,1.1283213242924455,49.568501075172755,-11.320583003724659,49.352076369181134,0.010970633053349665,44.94272721510897,-22.45494235917815,-33.54067472842611,-38.80116996072637,-16.788559021314324,47.29847555774464,-25.181202450105683,42.463818570776375,31.609307617370163,39.053775217218444,-49.43043016306505,5.88514322028076,35.90944332692035,-36.86790945441325,-48.93654077119351,15.21560288569281,-49.30126281601942,7.730432626210513,37.333100202050765,-33.03070891611123,-24.762997134484987,-43.07070536252699,42.31559323744636,24.66131143779849,48.333211475564404,7.689842729103208,-8.790056166545673,-51.131839477927386,-12.340265920472808,-47.03844524016719,48.31702664837164,12.28362444123444,-48.09019592314238,11.316267906468216,-34.68462731377752,36.35227757326525,-41.47583813367239,-28.978163659381018,-7.438289132109814,-49.849407434387395,17.43934933531253,45.969331222213995,-49.849604903672535,-8.588082497914332,-13.168370420777963,49.911771527868304,32.73297757207689,39.607665214004314,50.06877042481097,-14.282882822924709,-37.683330193692264,-29.346152114037313,42.56282581102598,-26.402538522235524,-46.746072249319134,13.717868770751695,49.04892091986889,12.554430844340038,34.444068554878264,37.064924303289395,-27.044877223806683,41.99049009860246,-47.848026095703766,15.534197678595808,-47.07138911658263,22.09235377625722,-47.794432513055945,-14.717230881298237,5.435777107154012,-49.873656930466,43.84702858473563,-22.45851449220883,-0.7912971509834995,-50.93671453205258,-14.156143746449402,48.178749668991145,17.981961153907747,45.70998719286027,-1.3265454493337128,49.763920918565525,-6.954050397352363,-48.734450161247864,-48.74080738771064,14.199497664096143,23.697377812957797,43.34692462294334,-31.210233005567286,-40.183677227931554,48.778758830275855,3.0709079638951464,5.564600707547636,-48.88074970546024,-3.9699757351419582,48.15921619644989,-6.078119680116933,49.64353123474782,-50.00655016878945,4.636031121729108,-22.122757823486747,44.29018996910282,-36.25427035081607,35.94531887051699,40.982526793795486,28.820426404214178,50.406703340046754,13.49363864635404,18.86498783055092,45.39781314989384,31.668584768850778,37.422124698534596,-28.654333956637597,42.3840186260422,47.824389797998315,-9.617775962521405,34.824608298234935,34.38472091132052,-26.323688754731876,-44.352606160946294,-44.534802017934304,-22.38569196554742,-6.114931942247082,-46.798367938322976,-48.273866902856405,17.824710740272163,-48.289643751510795,5.3482459962139,1.603542366191599,49.90570984695332,35.5009153477963,37.39537408317907,24.841870971393345,-44.095698121197955,-27.334203193248637,-42.829875317914215,-27.10467017023386,43.27018539806806,21.670246895118044,-43.97147978190405,12.101596378242416,-48.31207180993135,-49.8161150435457,7.942555381230819,-45.922917138242035,20.293138524280565,34.71836691370665,34.62762240518666,49.51826977455963,-5.561387113340395,-31.185085789448422,-38.931579358748266,15.582872752646507,48.292911551826684,-26.63830848120607,-41.82376471851,43.09055334955173,-24.381498752145966,50.80975534632838,5.533083433918602,48.23106352115023,2.9002838744394612,-38.68500930207549,-31.085493834119543,-37.299694675742614,30.88184961151038,16.035062052976627,-44.84897308016243,-32.30057857961401,39.80121517324608,38.04983936453593,-33.10816008270626,-21.679667334221296,-44.66158873351085,-37.26528022529388,-32.95946695344989,41.3707990788191,-27.004897101567632,-36.08269261902567,-34.372407073268796,31.001399507279935,36.95676338224832,41.87187122688836,-28.25171075448219,-46.56781901372128,-20.29359537797661,34.91976296734717,-38.47952812196983,41.88841879968671,-27.966882002836503;0
49.80156859632349,11.709536139123149,-49.644269141305784,2.443572639861122,28.28669648848607,-40.84411381659769,-39.906929694102885,26.061259311606253,-33.49613200796396,-37.07228468639399,-12.307176864805282,46.99756657202123,-48.387556515323816,-13.52589543944001,8.633587595361783,48.581481592421795,1.2121760753686093,49.188061125641184,46.36770319533765,-13.620708557158533,-29.788341620781402,-40.264049903650054,49.439855655695,5.602149557536998,50.117645827154696,0.29424402711083064,-5.593809410080496,-50.240945706599106,-8.336369346480915,-49.455224897694606,-40.649601802047584,27.14571447860352,13.064663294352995,48.05285144413296,47.5677857836648,-11.216615010901533,9.593356814068224,49.60604158844706,46.512487463538484,14.232672174613047,36.17849451780035,-33.448060830503906,39.26954895696917,-31.85876860700742,49.63020644478661,-13.633363958207818,-37.39886559321613,-32.74259579234406,50.260742817719446,-5.490287120420037,-40.38474197275436,27.404244388489808,27.694236534315635,41.87719205581739,-42.95705176056389,-25.908124903177544,-38.58829239574804,34.55416817835676,-12.173612328969497,47.11001449919332,49.267408029589376,6.222622008646904,-50.094234410697304,9.34111603419285,41.58401276412565,-26.809643830749508,39.97005799285689,30.94368816020748,-44.93558645954011,21.835196639829675,34.82278019845062,35.78849926320774,38.219942955831556,30.672307711641718,46.14411718127041,-23.190095066897264,-37.01485400565245,-34.8192189653826,-4.716667229285884,49.68790628223914,-3.9385479710585094,-51.11357002991503,19.865071441267723,47.03002735144277,-11.26781614696869,48.88296467320393,-11.23235747962211,47.27433750766828,-49.64760535594594,-3.536106871204909,-37.05352259847403,33.83900311460534,8.021197829491285,49.02685808506769,17.728578761566563,-46.61242337546916,-13.894208584070565,-50.0145123741215,29.84997922367576,-40.49906008881546,-31.591452280822747,39.265945993710865,-23.785004387936542,43.20124910476311,46.97680431056025,-19.93878079000899,5.601920292934315,-49.321256188469135,-42.02736437696346,-24.461993551321367,38.13729919532401,-32.860732508719096,-20.202593229754555,-44.968014206750894,47.943895111222375,5.636216391124361,17.101735430069823,-47.838662556482795,-26.648194248736548,-43.6007408999088,-15.674309241034983,48.59742791120774,-48.33392632682547,-8.399539194711505,17.45653507242131,48.01853402098417,19.34440295277069,44.83822242055792,2.0459137942400214,-49.39059320090065,-48.36303316234115,-11.049144112266921,33.06867104845691,-37.28424659067283,25.841008866783973,43.717186833319076,-9.870761667523936,50.02555710697821,-49.29361496155484,-4.458774142208124,-51.3243703752784,-6.899582261072094,50.044445697789016,11.76087020150881,-5.796595645336966,-49.92769561902,-5.902299557420738,50.87208744019762,41.63795784895124,-25.69746618588371,37.72522441356855,-35.08183974027616,-29.32601324870345,39.41410696372323,-28.201916424238338,41.903447740151705,-26.51868549773079,-42.12436972584572,13.392029117530738,-48.31579473449006,-38.72461616701425,30.33888851379005,49.81203848983662,-9.578218028828422,-12.721684036304788,-47.90612744612069,29.58585664064151,-38.56117244726344,44.40178556101359,-24.926940628397873,-49.421075619522256,-3.231662032490216,-1.2887995283591132,-50.66774192159554,34.45547870953567,35.62537341440916,-22.125364854862205,43.173001233758384,44.98484592809871,-21.527993306912233,50.11938435588153,-2.0956395252827575,42.55198080354586,26.44497270941576,42.337728204692674,-24.325686706929243,48.97222170508281,9.818375914250165,34.611901128164035,36.94568285043883,37.06656359570705,-34.02436861722708,22.382418497140364,-44.84246220873754,-49.32500733092909,4.779710227234856,20.358005975124268,46.65593391001945,-21.97438914916425,-46.13923352375173;0
-47.510947194709175,-17.128891285238357,-41.17272321952371,29.830376036220372,49.16779996138576,14.307557592026482,-50.14451937879175,-6.356730213664153,29.104780252459108,40.78641260469802,-49.97137946479647,2.08695094158742,-3.009221562680273,48.461704481902615,-47.90443723738288,-13.666985184996145,-45.986758992010984,-14.426328289816848,6.970151083650765,49.6780409108042,43.46880827207407,27.17537477550481,-49.04508047036184,16.206902348284956,8.246093743684469,-49.15163921006354,-19.577347807292767,-45.48915909037762,31.928949524629147,-38.43345085796419,-47.67540380693838,13.608806460485336,-45.511298799529825,-20.71213951412532,50.242762582475756,0.9712858397297311,34.38197665201394,-36.585948726967786,-43.60454413499564,-23.77512887442036,45.241280078950105,-16.416046302222842,38.43949059805212,-30.687712994965615,-20.15622878075814,-44.118473322513125,39.54516773184884,-31.38931737329007,16.884182142111534,46.007152249530954,16.17646004380738,-48.10773119981216,49.63366421163987,6.539576389770098,42.96778490872953,-22.30459687925063,-24.409477361666717,-44.02360751171475,-3.7986478940164776,-50.98874744212241,49.01932059869468,-11.687735963056346,-40.68058182729682,29.463711231293317,-18.83217135842375,47.45220952157631,-48.94767977077761,2.530036466361702,-13.310147697545574,49.40790725476362,-48.74771097207192,-10.855359016953013,-14.331674511856223,48.76085395786936,5.7317023828661755,48.70881530169838,-15.423129040531764,-48.60060718693342,-29.881308795761875,40.287456901684656,-48.26544387408889,12.477657957188296,-38.77922057008125,-28.355036000440737,38.63695338110328,31.880589338283812,-40.66332921321763,28.880521782853716,-4.066174473210072,49.468456361520516,-38.49585203534321,-28.758068769394765,43.118151471030814,-28.000749071117593,21.252903583027148,47.52977709183052,50.269441244771336,-2.2408975183948683,-17.64430453230429,-46.626744763959906,-47.24838676791229,-19.275974458216783,48.18493327768445,-19.00414218543329,-23.57746250318928,-44.50555032395477,-40.063802771892924,-29.83722501972069,-41.513910095999435,29.696136791902816,-50.70186987559577,-9.949702957280138,48.46674512209515,-9.495113347270133,47.734192653596615,16.931517400707474,42.93596694867847,-26.486412527172803,29.27808602478925,-40.06793413116912,47.2319057941702,-14.951304054277115,49.315356327623554,-0.5118763277790136,44.02565273163524,-25.696029695192042,22.901376326512597,-43.79750072418733,-47.3901113759977,-16.24160419160978,-4.322326093980898,-49.05920668836354,46.84387805527561,-18.356246724282627,1.4153638825347994,51.76705491379162,48.17870726877295,-6.2222452842274425,-46.48530676718119,-18.07756617101205,-48.19142779286503,4.0053929509163035,-40.03156609751197,-29.848785091699334,-40.02715721072654,-29.553006095249632,-38.87174486881486,-30.941377441173984,49.003121125173635,-10.962463535913766,-36.04180867044001,-34.85255602449469,-27.399852305233754,40.6411997846555,21.16198886436643,46.14764240526964,34.49526443893646,-36.66365461232152,14.44556048117565,-47.08860098544398,27.023376658382777,42.61297642412786,-2.222754226962805,-50.91924863330707,-4.688295533451748,-49.79093692887789,39.059184011505565,29.63011350737183,27.251347760855023,42.161981225306704,50.6376915667646,5.96526399555901,-49.20030344961815,5.715505778958498,-38.59481982653135,-29.937525130679905,-18.087969633223853,-48.60259574234249,41.24850029191838,28.011315790622643,44.38452408341965,-23.969231986775196,50.827567479901035,5.392232537376066,-47.557530485079596,-15.358653566654375,-20.62406227916932,47.60906424104283,-47.808958751703145,16.088153127141805,-46.79162963000195,-15.649797808118375,48.83036208902102,-13.341442270658803,46.10488320313089,21.678171657520306,36.65558355074068,35.096763354411515,-44.938137571614085,20.365457697941498;0
-36.97998225863928,34.60914132134758,-46.24759478772316,-20.399256362767737,-41.22754889549582,-26.544440344609637,-47.96529905180601,16.61205343274035,-49.426903796660845,13.435228975868439,-20.439235421779983,43.254564268288874,-19.80334793576524,45.552328262960955,-14.9896014851212,47.08285007850511,-47.50134296541695,-10.385693290226087,-39.30614426815228,31.407463433167642,-8.481804805223948,-49.91247917374954,-49.134241211861,-13.402495970328067,-43.68069845856542,-25.150038634607274,25.230606161983008,42.6933626254907,49.495284000210916,8.822228695750892,11.964836215175948,49.535141779394095,49.11961605849105,8.11327324197087,-35.52337665602546,-35.626881633183956,7.29601355175614,49.53100405805602,-38.7935588021396,30.671590453070127,-37.75578514175554,-34.639775144030885,49.66838620429689,-0.2858851088248605,47.818707240245324,12.300696481395494,-37.53670167042316,35.07470256038334,11.308265943853089,47.949218101375656,-42.0301709020325,26.77615260901885,33.08529500488421,-36.95387795155825,-0.23911063892361994,50.03998251892043,-39.885558587399665,-30.620757088572358,6.47533809032499,48.674235258500936,13.451953625275037,48.75822580729352,23.88860455948953,45.232015775300596,37.24062828670662,-32.01489502208561,-25.825206572664484,-45.028082143856395,-35.335111669924586,35.033453243892765,48.97436122889478,5.208471919826515,-33.07833814789249,39.510823997242404,-16.294939560133905,48.08879011852106,-43.945629718846234,23.1181372872378,-39.97881322347224,31.229823297669597,-44.8264551144039,-24.15516751443444,-46.02624572306566,-21.348946065895632,-36.3678117185532,-37.084526435560996,1.3080367058991909,50.51857738296428,34.079031805077086,36.41813351019313,0.2523410559259114,49.75937513107841,49.48564319371805,-3.397973056714217,47.52060479770112,-13.462530290016238,-12.352752724106427,-47.98624531607695,6.261994554920438,-48.95051225381389,42.06380563177909,25.875597558401346,40.770560563466795,-29.78583002205589,-48.84959519247566,-12.789004107634849,38.09372877288778,28.96187722929161,17.36636988127526,-46.09958707118876,-51.03447761840418,-11.047021974996142,-17.824832904102372,-46.276273602163066,-24.43927310330523,44.56938751723152,49.539263446958216,-10.366356106882213,0.735587518159746,49.1159704677746,4.257888069610478,50.069382969378886,40.03954338998655,29.459892840843892,-37.053734185570455,-31.65674450233253,-50.48957196013754,-6.161300379528649,-50.57316827936667,10.566089155760636,26.7196227665664,-39.51392412680195,-45.56868264053682,19.65495326551942,28.028409974376444,-41.92070671640849,46.3076069788389,19.416961053716562,27.063052572014115,-41.745844808061285,-22.37297737751224,43.351154090201135,-44.38387477615769,19.421164177418177,-3.4210050233659848,51.49129819143311,-27.496893134665655,-40.78009043023058,45.15759095455937,26.415247700410376,38.97345424661024,30.13454839719006,-12.658163862610783,48.277830238179355,47.74671436641326,15.961375302620834,48.79472271835501,-13.350275423345773,48.56696704333223,3.9793808413327243,-39.618235409369404,-30.902792294465478,-25.156374932593273,-43.22894729641991,47.114131832560304,-18.00265956075418,-11.332571273438845,-47.85877140901549,-21.200067663143766,46.50376790556466,38.3530392780276,31.061796691966908,-48.30525257589418,9.674808205758733,-17.949597662888507,46.25613338517296,-47.570598727503736,-17.637918360168023,-22.849991628876193,43.93926133519273,-22.353005943463078,44.23702341610737,50.110185316763335,-5.98366980490118,14.981498567360884,-48.52226012330955,48.9387361224886,-4.4165399523516236,42.64884345640005,24.54910982937935,-47.494330987305794,11.525755812160677,32.27151090698443,-37.81548902976787,-47.56598183483379,6.815133686395207,19.072788974546626,-48.187018229135234,50.37654712281309,10.020393402629162;0
9.076650941219956,47.61313546363722,49.990921391869236,10.175778241550523,-11.765480471934994,47.03425546045089,24.634312254809714,43.93090676841496,-15.766264071849497,46.709641282242956,26.635640120275305,42.3513167296614,-16.17438712657653,-46.7275975824061,7.67164719192134,-51.365349340703546,-49.97371701730579,-4.317585035089677,4.507765979943527,48.037863973511776,5.599943564465441,48.94952723227758,-49.814125332883734,-0.9515321989984404,31.78105381205308,38.238780606930426,-46.72314375930483,-17.101163509827124,-50.579066667902744,6.341104559573591,-21.223135611271562,-46.50176896615246,-4.026319043514411,-49.361298820586676,25.13634361044774,42.66772965626839,40.18670473378725,29.68164199449664,45.46068609147686,-23.066267696576137,9.866234610840761,50.07962748258477,41.32995553148637,28.695884458400265,12.73932554528114,-48.71429134025745,39.08960502498781,31.486664677822116,-46.97532379782165,14.828901668707914,37.46059890011993,31.90298373326593,-48.748852771626495,-10.230174549429469,-46.307204742120454,15.89698496406572,22.28289204911669,44.1628242231924,50.82581389967273,-7.518738974206481,-24.845806531531906,-42.530478848380085,-32.56835242460134,-34.91635331009115,-49.99678502166386,-14.960327186426438,48.727368192703096,7.236552592625149,38.96848728690589,29.211912309786268,-30.241956033219047,40.091873823825075,47.14121106226147,15.286043781164464,-47.54067908208003,-15.273383691922044,16.67153889646859,-46.72984338568717,-34.367037171071935,34.36784430131852,45.59384034788961,-22.082113316885838,-16.445022020027434,47.09312032129468,-42.08085469792097,26.59298631176318,13.0054185928745,48.50842198630627,-42.74771154803384,25.103739584682554,41.02330108581179,28.27804987322547,34.67329417856392,-36.142939522266666,-26.542104312030578,42.087503595970276,45.54176007335662,-20.019527271189705,-32.399891129351474,-38.867206583149745,47.112059458218,19.118347079434752,-49.115499460420395,14.2148722569394,-15.335262401257653,-45.62501628367467,-22.511411247106068,-45.23862736392953,47.44002790080232,15.219085255916337,-8.725862577880152,-50.15448069221496,36.9984892291982,-33.347117291400956,50.02225537616181,9.711055738781518,19.29442096605804,-45.01418304257621,40.36287770229028,32.24850560335212,48.18244082369748,-17.101580012716788,-42.18509783801736,-27.829989747670613,-48.841342862337086,-6.727970166129512,-31.083219998559905,39.36888620805016,-11.251851879524557,49.54850089278205,-8.815258776530706,48.51695299894508,38.47970070172877,-31.449107820820082,-24.125808358624354,-44.1952510357484,-20.957811151215072,46.651706549023146,32.4774700561237,38.28394030825123,46.980516881166274,13.031540406011121,-23.528847861917555,-45.289170521647094,25.427004882032847,43.666548786737856,40.89880707128631,27.628142433536347,-36.735069244268836,-36.19953280213519,35.609323222415036,36.26612671004617,47.41413362109543,-18.989558031354942,-49.331337284945995,10.323281601445855,46.57980176924055,-22.229245410216123,-50.033742249824066,-11.674692806943549,-40.68512060200777,-31.37614238508049,50.931229874119396,3.191862921004841,-41.794559050084814,-27.728946859143438,3.003360917494046,-49.04279403844033,-39.31828393109756,32.507701365861266,-36.33841253059154,-35.05285929953803,-30.796026483913465,40.7241647575056,-0.8763412159197833,51.337614475342605,18.309085777609464,45.23877339519129,-49.11656078412158,10.65677620604199,20.500414454533594,46.79387475285443,-20.967846589902845,44.97453620252709,5.392603999139909,52.2548476123312,-48.70752397075901,11.047274280297724,48.650942194699745,-7.286952625516556,-48.47255273455048,-2.6783997099693853,13.27701074615269,-48.84166504326076,-39.722482532290805,27.2373920042275,23.263738514092715,43.7667105512127,-29.066423107551977,-41.86221874306806;0
26.48052776592713,41.71389014620105,32.97374950400045,36.93288613452552,-32.96866573461855,40.12815994026077,-21.86730268103693,-44.18389316800066,17.65737070726612,47.368774678662824,-0.4109444154616752,48.37978449199158,3.082702554476774,-49.49599414200941,-48.16812742728211,-17.292211242262983,-51.50638184756986,-4.903247121674741,-47.93715373705887,11.700762766192717,41.76833375768343,24.823046822903606,22.599989638382056,-42.15224421825798,-14.625218817982764,46.38030574583401,49.87021326465866,9.838497822635803,-21.948740417103874,-45.30827146638915,39.35280822384925,-28.709420912722436,-49.69291954327331,-3.5055653683547634,-48.74950167530158,-12.279315516543841,-24.81635716308554,-43.03834656386989,-33.39581632010248,-37.73331953598943,-29.452129420274897,39.19655683878306,50.034837248089744,9.162600378466093,24.03408292687753,43.72590604881499,36.190505819890106,-34.972896630635404,46.34262086629161,20.926142338970863,-32.23038204247935,37.244457842662705,37.60310246437291,33.92234845693004,40.649441477913875,28.399770513518234,42.91680449389155,27.198872193573543,43.918682929809556,25.10174100658747,51.305274329187064,7.481744070566979,6.536835933047613,-49.93375227559335,48.04340203462066,14.973647302293264,-47.93021666237496,12.77551448114588,46.12894075616828,-20.036572028548925,8.905279576774545,48.510751152882094,-31.40360765622606,37.977894042117335,47.702625827868566,8.651162442900288,-18.4835203558518,47.02124362546748,19.800268086772927,45.85754560105481,35.80786600491568,36.49227973944741,-41.91727461650098,25.498989782682028,46.707472459301115,-15.415461450136027,48.52713317348505,13.674430293619475,47.988303475255904,-13.118263403142672,35.5311465930687,35.09832773287872,43.80220435114601,22.513901919337947,25.505143235973787,45.977946769738566,48.527801835932756,-13.666986201371184,-4.984264092498391,49.51361946173729,40.46629525604975,29.75916036044771,40.324107812782586,-28.418291473744826,-47.72478077842238,-14.924826246057508,-1.291647211102698,-49.850951209000435,38.65160847445622,30.494183079803445,11.375358648260537,-49.542339644824,-25.371772246655247,-41.8142495016542,-33.29279535270681,38.742779784240675,-28.567732026082258,-38.64563877482081,7.667754746412912,50.18291891943158,-9.769606860901852,-48.48035729924383,-4.836791545316639,48.979751892823714,-36.453600618932185,-34.491791482304315,19.941764408313862,-45.89126451938217,49.04793476370907,13.44225978638701,-42.204084286639194,-26.969023912768566,-23.284734651100628,44.861410864048025,-47.96010504784731,-3.6267869639913055,-49.79516831035753,-1.2977811989035426,-19.57653057851489,48.352603171550776,40.268156235255695,-26.539955286505673,-7.317267562218854,49.41101097982421,20.113585443338412,-46.099805580061705,-46.29241671080591,-16.17163889869173,-30.152180354122162,-39.188478367151646,-13.593737984769886,-49.50959565888504,-41.27331101442332,26.37463097062158,41.570329146996514,-28.787599692097537,44.99089607194305,20.5286662457206,-26.289762559516795,-42.14360827647118,-22.968814714597144,45.47081525006637,-13.964219871812576,-48.51636666521573,6.972186918380601,-50.96009432558271,-44.392313957919306,25.3186028311048,43.82132400927107,25.142162945712567,5.139287832581016,50.031422273454,2.5442478952756944,-50.90147147185895,-49.20858789688981,10.620567745619187,15.533433102897597,48.38878794808153,-15.945349046146724,-49.388268765145355,41.20517027043986,-27.23943465942318,47.96183997355201,17.62406587981091,11.662092920429016,-48.57735080651848,-39.380408478782506,31.307393734741424,19.01543110640844,-44.30945130319248,-45.482334774681696,-21.092759855145886,-40.5673744861421,28.898852356653926,-13.642844061967544,-49.009885714190695,-42.77769916723464,-25.5974129167514,-46.358725251254135,-16.11956412380494;0
-48.818339171001135,-13.661756177621537,31.136475947994033,-37.52253785338247,-20.614275639351668,-44.98022127647148,-24.244214501542157,42.894639484299155,46.90445620411904,18.979784375851338,-38.85504547115255,32.6668955093706,10.155914186224614,48.84037051430934,47.327661212113426,-21.605860294016082,-8.330247905530932,-50.06697017241633,46.84499426545128,14.41086045790785,20.715339977700225,-44.60097026389166,-41.13296870987666,-26.51512296958696,-0.0333303251594842,50.38162949853731,-20.88366137740498,44.951152534030264,17.735184699554427,46.92368373261069,-29.833902169855538,41.896619766041745,-2.928248831683653,49.688285386418954,50.58557851677062,3.4458778741038754,-43.46702632318336,27.87153605553684,-42.592775703787396,27.901494147750157,48.2528130906632,12.80809846980268,49.77940960506554,-14.002042357335219,-41.01872436303941,30.910336328122614,-47.76790432246399,-8.046614970157597,4.697701783871334,51.31517501455965,-16.95720200870631,45.201019914836195,-47.272277566833544,-17.53005304533612,-14.195957107433298,-47.75185906506277,49.35698320502142,-15.03980371707554,-41.20804678933113,-30.45972188758188,-41.9437453743095,28.20340587337321,-27.721740601400583,39.69138537507688,19.137971189755934,-45.8996804012861,-14.728378339259107,48.72129631253599,-48.64237973047949,-15.006962783658446,48.56885403566009,-11.358802523450938,20.28501843176759,44.399327232170556,-5.949310578538728,-49.44691441338016,-6.005417243518946,-50.36758827771542,46.279692746437206,15.486174838929106,48.436891852873785,-9.646977750374218,-34.298271149629954,36.342560334460956,-12.349375370928577,-48.025935663961434,-7.0847245372101915,48.21968139333366,-0.27718025794613427,50.86995418267688,-17.985250147234265,46.75529963696028,30.980104428710366,38.42464846976644,49.27041145613558,-6.448057170763843,49.26396711526734,2.839250251162925,38.96547913942245,-33.12272927736812,-29.891386886174356,38.63757276480755,43.485667552153195,-21.438034931359024,-39.25041342429201,29.294460410317086,-48.560898289621264,9.452688185051844,-48.356799339736,15.471866775419073,42.791765540716234,-26.594401181980178,-31.571454469936874,-39.10273317775018,4.221766671447039,50.82038284462497,-22.688105305791073,-43.24048985287496,-44.48024594580585,20.974187166363166,8.493301663823893,50.108248995892495,31.531863457537398,42.7501983253671,-48.494640174817505,15.406228185328818,22.08166384381524,-44.9206369178942,-30.711611174668796,-37.989244647623835,50.793016287522484,0.03140938312642305,-49.28570614650437,-9.412301414444777,0.751050046733576,50.057388108835994,49.15420663767688,8.12980972946135,-18.201127749898287,-46.35408806167458,-15.787315134049193,47.622378836204746,5.6060513535989775,-48.45197642382503,18.63190588019884,45.05234601870224,-47.79696745575362,10.634169763412121,50.21841970865869,2.8641406571542216,27.522385614628536,41.4755624215598,24.63240588671572,44.001114507483464,3.7274990370338466,49.97437413862049,-34.88960933018548,-35.62171955058693,24.7711306264897,42.84207773273977,-32.21212009647691,38.38841479501665,17.318727965348252,-46.67333890174844,13.628020059660995,-49.32062743389825,28.235926143837503,39.39012694439739,2.6392045145034135,47.986250347360006,-49.47414551860553,11.290293352751824,46.83588318493128,-15.57083029512747,-48.79782107753576,-8.760798258773116,-22.298336454252116,42.994971026665645,41.18905457656015,29.98074151688773,10.836529125320235,50.203587677512616,49.17857221718657,8.05557480288998,-24.532560061617108,-42.65245475846609,6.360550880778774,50.005883721033726,12.522466035994592,-48.08404152979947,-24.549844693751822,42.982255958675594,47.24544596998048,8.959412467086679,47.802910205124654,-10.476946672024052,46.513141753054136,-14.885736356490202,37.498560130234026,-33.8319552296003;0
-3.578609105109619,49.10412467405683,49.13583199787,14.569283757711709,-41.27885133483345,-25.00624686592633,38.16337710765855,32.28642493202073,-37.77124585166417,-32.48862726142717,-14.021881644168989,46.07582566730144,17.840897871522632,-47.1238067810657,41.11377785680542,26.675202397484114,-15.604428080048866,-46.2745623718366,44.12814424464914,-19.78682709817937,28.977558420989762,-41.45738675221808,13.88474775029069,-47.43708147944365,46.97433764947117,-7.109211316908386,-49.32874007530928,-9.188083988513577,-49.903244932801506,-1.342002936824954,47.976046379469054,-13.26814002392786,7.596510373583886,-49.77945903013718,-43.17357399175235,-27.719077445808324,25.985579919255205,42.0303126934351,20.674498337775848,44.231777722591396,50.0694668228632,10.226466248412033,8.16706347423644,48.66342076992282,-50.22561980849408,-9.485752858592107,-17.989160105230628,-46.47047569833292,-12.9892264838973,47.16033912001342,40.888549658154865,26.540926229223025,50.955315287196534,-5.2473495956049945,6.683406225133775,-48.95274352204688,-47.674394523828575,-14.48101363162463,27.18301535145553,41.774467850638295,1.768208065840885,-47.28850865933775,-50.17662924904084,-7.813914199050943,17.522912488941667,-48.424130653778235,-12.196445018706951,-49.14264091126339,49.833751874272735,4.588326846329397,-50.79157503251521,-5.300520651377584,-23.921209117012975,-43.683400984973176,-18.564330452054328,-46.4585794448455,-51.412898886815185,3.4955328996084454,48.699766611078694,0.6010992952566844,-31.684078687973923,39.17681138900006,-32.72067968262677,37.23032405696734,33.11699485243008,36.267063293369354,-24.756011896199368,44.45332271994281,23.88039512709069,45.131255761821315,28.42756933541979,-41.81779329581668,-39.27644148286208,-29.35700833356844,-49.11658191679173,14.173556364818099,-14.980678087479898,-47.0119014755954,48.29706156121795,-1.6963612292800607,-33.85402880676559,-38.71267647024003,49.13707995728117,7.090987102870333,32.17923751978969,37.8527130005442,-31.165848287125858,-39.78609150835,50.594984807683474,2.3929990784450554,46.3587766351605,18.34254454262585,-44.551303300914995,-20.96338113769251,-24.438609317928513,-44.08062515923071,29.488188468287156,-41.2525562179752,-1.2254762944359159,50.680483335377424,-3.3340664167011544,-52.48977491634301,50.56503923725789,-0.46252429795675115,50.579282835856915,9.038862258697836,49.846315249155154,-3.5638776414980677,39.98194911670016,29.150159720889942,16.85825761023644,-48.97207129991745,43.572848970529485,22.682147097372788,-11.646941176115808,50.031418583492275,42.22238588173841,24.267715547896756,43.06541894555676,-25.108117016345943,-9.026204014134308,-48.584349557512844,11.567587378125594,-49.91969400838635,26.133935960423432,43.38293689983559,32.57634738346772,-36.93290077169786,30.356717241515895,40.46658410624005,-34.143202652721676,37.78886255645318,50.732765356872,-3.105407799247406,34.17326288186486,35.90329141557142,-46.54073034093027,-15.019742581757484,-19.763979785939416,-45.880714686104064,-33.89568025698887,-35.721912770695795,-44.1821601450955,23.786783508678734,49.90969162404147,3.7776680808284584,-36.56350328847554,34.614114020106506,-30.45475332296772,-37.67043993442648,48.73105866386534,18.04654579163987,31.808733304103782,-37.03252889183858,-39.21842695953867,29.884977496849764,-39.790776555843024,-31.621728853307953,50.649420684004966,6.931327576264816,-45.56423081513562,-21.981319685726668,7.696698927981426,50.70129910277213,-50.01703561795297,-2.757589977691123,-45.0613212041557,-20.103908095078243,-49.82716955266866,-2.271233465519658,-50.51519596166773,-2.202367525509059,-47.97280745593922,13.886421948682862,-46.11036962832591,-12.905146092610922,-45.48128159286145,-21.40539378543939,49.9464835726695,10.21865877817135;0
-13.924628376062472,49.802070690952945,19.917447239414184,-45.152016665607086,-28.65960244232709,39.97761123383842,10.772823766545478,-48.116315700139864,-46.14307782634141,-17.86483397417294,-1.3083209787439545,50.88716616153163,41.63268662739619,31.54969242468964,46.71807834232394,18.106835053449604,-24.668702274015303,-44.592013998646436,-16.42713983986019,-46.80402874423601,-5.131149479681556,-50.336914072451165,11.677441125227473,-48.8869675645693,45.31417820155902,22.921941941083514,-18.965404592463422,45.03382340371188,-4.102614163592747,-52.17260468755794,-24.544413084647744,45.039676018404776,-47.23801319866414,10.267757782391428,20.436666107777825,45.6241639920458,-24.61961364246496,44.876505947365864,-49.97984267247361,12.718288294399805,-48.79096638054364,-9.551081449188422,-11.98571944122669,47.97437020959223,-10.152594044536357,50.38474191529842,-21.020611066414716,-44.52852009458466,5.514896842653148,49.25921025765001,-19.83192556866868,-43.03349250974356,-45.655894624925345,21.661814954022145,-38.105609033729245,31.186438481242877,-25.615956117392653,42.06214058301829,-49.16861675039635,-3.843761055673501,48.65617965334151,-4.774279910797043,-48.05968379363125,-8.895195590890266,-22.255353833016326,-45.928062003753254,-38.500601306443336,30.59358541179738,37.1902112034986,34.03709676269259,-13.566341352295272,-47.14293451983543,-42.71491159921792,26.54998514589526,-48.203922847523444,13.041210961277905,-23.198424495857026,42.52000608754094,44.51783136040103,28.861448204022935,-46.95114564712907,13.699930175929243,16.000332295989065,-46.81297437516503,17.019587756118565,46.42256232389485,-49.317308809978144,12.001189259966084,16.589089602090286,46.35151240494257,45.54075643580453,23.379067280202744,48.177708819754834,10.805191410846716,28.185664488444843,41.23148885005486,-3.451280835127847,50.66137966751947,43.22913036255828,21.490949711992755,44.331038741792476,-21.51395443115279,-50.37213332559791,-15.145299773992958,49.09634879927269,-11.574545335602636,41.605557377983494,-32.194460457111816,-39.09247589931583,29.90143636818305,-36.77764707657091,34.951267007376615,-28.937340975456152,-40.43167568470744,30.942562140736857,-39.312225073539864,-46.440121663471544,19.630306372828407,-48.435734018945965,-10.085539097333742,25.860947367813058,41.39644177480642,-47.75984550354677,-17.680635382213662,35.98444586424913,36.580596418736,48.00562923850737,-16.922613283844022,50.77567131686195,-5.277071766761411,-15.412334657484884,46.953413867743635,6.587518610570651,-49.68973961115374,-18.640810162956758,46.94028846728046,47.97747873914261,-7.422612991632858,-9.55126264081114,49.89913745851897,-22.86714745813788,-43.34249711916784,-45.75771287994416,21.233011029463512,-42.31004057202239,27.592775127169656,-42.89383468808799,-24.128624679423982,-43.882929043432995,-26.25613974514384,44.064553010659715,17.745543347159558,-46.68305469687524,23.707624497907346,-17.04175072504704,-45.84382711795999,48.68048989475866,6.00858668871539,-18.92090883339133,-45.2848803454939,-4.800566830986366,51.402243764210304,-48.74074505466095,-5.201828622599968,-46.7625943156304,-15.069170924982046,-34.999550898663166,38.433867781580474,-40.647842615693364,30.113421571902805,45.205473287679055,20.054206517280388,8.491768479609615,49.10475380824866,50.99560091213536,0.5322011571307652,16.9924839430762,46.58078326086035,36.88660355317612,31.425235211299434,-46.12346704229845,24.076951730648386,4.279699050297153,-50.86222158932853,-9.159036593360835,-47.94208352738513,-35.99721165167346,-35.18364813510561,-6.488630313867173,51.51910568596056,-23.62821802378712,-44.4594147470672,20.714347021245317,46.05557895018124,-10.18988561689336,-50.24728150421854,-36.3262600932449,-33.61335785819508,-39.50241377759152,-29.873826288668894;0
45.67153318012948,-20.940087542006495,35.16094800652987,-36.21085285475761,-42.96714844722089,-24.938905858166258,42.16623663148592,-27.85312193541796,-19.496721078326303,45.8712550950647,27.694578426315516,39.92031573970219,31.04293260412615,-38.03326945281766,-45.14126180696153,19.87984661497264,-48.306524679167985,0.45037272867527345,-49.60796554912841,15.650787696250497,-32.02294716422144,38.659390567596354,-6.524143805108391,51.704614941505504,-41.75377961227091,-27.98899776464803,-18.676055731432378,45.94350719610141,48.84381065039397,14.604503099373137,-13.681962067759475,-49.3875002974052,20.34684048888791,45.23717184749834,16.88716308912543,46.67279318006937,-2.5550823167437664,-50.59761488858934,33.31633480852075,35.30363384550896,-18.339633825842537,47.300498161526285,44.84083567690897,-19.64814290863022,48.11083907317315,-3.696018869917481,48.364371390536164,-5.937271227323665,34.07953967919955,38.93057723189976,49.72720372745352,1.89364213708801,13.76518241131464,-49.88200766977957,-21.813478649910923,-44.53679394773297,-26.86170733618194,41.081125506055876,-27.34093117153075,42.05092725001461,-48.78606715036899,3.145879986374829,-48.976663065257135,-9.432705189350179,52.204994278607366,-0.7710970086795303,45.67111672538434,-16.252626185145512,15.3995879169758,-49.71322125086491,18.56182995958465,46.10006231793019,29.901118941806434,41.085150231962594,49.42291062043288,8.815178396140562,-5.530093527803471,50.3633446910113,-33.09163657163879,36.601091622377446,48.61622407684069,-10.328588760552494,-33.40342747295865,40.19724883576844,-47.83944812553972,4.8294246467997075,15.078354005686737,48.92690556475506,42.86773258712698,-25.08611192923632,11.075001555370218,47.7205211515115,29.360074530973925,-41.01737362939675,46.4284241572646,16.12254745834877,5.327389805300061,49.20870077065716,14.672229739887976,-47.8388120503389,8.271239638151087,47.83020375740321,-14.2590809519982,46.22428566687316,-41.752417056221354,25.78993107937524,-51.22574887524401,2.151436519092177,21.27020818327517,43.950728292588984,33.74788207305255,40.4323615944315,39.285682026189484,32.78083478996186,-46.12089466073156,17.615507007835618,24.06881296389905,-45.08634712716693,47.45610247058609,-16.43861161744276,-48.56088175981512,-11.199705222679434,-37.2794262948077,-34.74861566109316,-29.52267611405087,39.483599203244204,34.96674417755402,-37.97231054636955,-44.73618601567132,-22.819392405319856,49.7213120491962,-10.010336939161377,33.77520906965427,-38.24020099694608,-33.093914791571684,36.44090152450651,-10.134612390831888,46.91417362253735,3.2291236024516183,-50.93838061439334,31.956814510364463,36.21307931791156,47.49078926961809,-14.174097178273636,-27.954652328290134,-41.61752149495629,38.554378649155346,-33.33439834825827,-22.979051738910407,-45.37573653880062,10.217604939388048,-49.78760108249331,-36.92707245402518,34.20201024564104,43.65314297992115,-26.955445599189087,49.41793206868332,6.291403649434381,-47.694440323722134,14.052063127390326,29.293216020219454,39.86544166172628,50.30714468612041,-3.863398142098017,44.345842804787466,-21.494768485270903,11.526156055932638,48.59989658252191,5.988078934775789,49.13519180189593,-14.065619711310056,47.37790992003027,45.29411890173117,22.856995586278494,49.6330506737849,-5.5557601009909146,-37.28044872892161,32.859301455863275,14.299767212014965,47.88331771795612,38.93503662465976,29.872816173086367,-8.95514323240435,49.14418361790925,44.37046606323331,23.447555303712228,-48.468795721525574,-17.09760196475329,-26.433807610481253,-40.38719258021582,-50.81191389259542,-0.6076638147910782,51.213550684413185,3.2849583837381116,-46.54220792715195,-12.691340375275582,44.20927803835073,21.73603947927781,8.988867540073715,49.867460998041665;0
21.63437340694388,46.375010041590826,-37.57116294309708,32.22246968983558,24.416689358627718,-43.48400350608909,16.515490084817415,48.58592445366209,43.54663205580905,-25.08490066392293,11.32992246290895,-49.455513953567575,-7.382361788913064,-49.370084744168274,49.586268944358174,-1.690134353702956,29.016684344378298,-40.67411393697429,6.3118636327057525,49.17916676615055,-21.943522057976363,43.22537372658042,-9.082590353238182,-48.54390614611425,39.08928833573952,27.868814845826407,-39.83127135399931,-30.10335470689641,32.07163625103448,37.79597373170088,38.354473097281115,-29.572789517718256,1.016040699702721,50.15247874872227,49.10012628553094,-13.906863406254304,9.900554213534036,-49.238472484089755,-47.29585381732895,19.534022169316952,-1.759507345579792,51.51356036354934,-34.2706557857644,34.982018398134166,-45.85501081793304,-21.143000174842022,-11.69066771379713,48.707563092951595,33.099717810989006,-38.87396978786681,46.05506992215083,-23.781355211917003,49.2410108475026,11.64932646533097,-22.378722342999218,44.31003448714936,-26.033288960256826,43.66551652723609,-35.80850989723719,-34.63420825084576,47.05442113073442,20.424927699402975,6.2556695726140115,48.508512394524786,44.741260844328835,-22.868489712870534,-1.2176599506171248,51.38188251473736,33.99809690851185,-33.16878436356885,-13.308321590403295,49.55859169934214,6.048606865799407,50.06167483594373,19.501386961309816,43.60231290897026,32.410111969170835,39.16119752583623,-48.75043790709767,6.213529471418436,-6.529777411185631,-50.095086653134175,5.578850966669815,-50.234266504448584,-18.11865191345173,46.02221073180299,-17.726861726759484,-48.070525850321694,47.92752603854357,-15.96561188308381,-49.11478063569905,-9.388206671180798,-45.207386482287056,23.08382508659173,-46.67524357985817,-18.79167232536431,5.823603947317729,-49.84709518496248,-46.047084293063065,19.638920783769812,-11.86710813327402,-48.306632777505015,-16.7300718050789,-46.63077777338887,27.529905676979293,43.13582163359805,50.49929649077465,6.150085918893911,32.378368721106156,-38.49352909546059,-48.31509004728787,-16.5478151697136,43.85461383729157,21.530048723517396,-48.34949077988421,-12.529587462496675,0.5589288754709616,48.59645645199129,49.81973819513993,-8.204599589900607,-4.769688427867649,49.84279409008835,-35.34031138476849,-33.75355431828281,7.1292795124875,49.24398603529847,31.75628049878254,42.4268713284585,-49.277805805347626,15.173858689076544,49.7027321183995,-8.172292920789431,47.83460640513144,-11.719496345047837,37.06915306398935,33.47366754665787,-33.143968475960065,36.7194423482165,39.40021965232843,34.36362071510592,38.81140857560932,-30.30337084858199,-46.007067578698454,-18.833693767011162,46.60381236456063,-18.586739359540452,4.49606482011711,49.593605461719115,33.369250981280906,-38.08214884838578,-29.303512431324286,-41.4924214904166,-32.09424829511069,39.77698182328732,16.972926123315936,46.018370929314806,-8.426199920207965,48.37644016397836,24.93418799340543,-41.94005496851792,48.79566394664071,-4.692146486855934,-37.59129530574482,-34.6589781120068,-3.310855750426562,-48.7161464299645,-13.185815621135767,48.93631786764258,25.027640541022613,-42.992669090026254,-43.371979026010315,20.91706640571663,32.37763812691996,38.77505485496882,-6.222282482778421,-48.534822909372714,14.281444646254128,-49.299039776997816,16.739223855026506,-47.28629254398846,16.865244822574766,-46.21886645281669,27.495080294332617,42.10856912450796,34.10814872579422,-35.41168414978749,13.864190140244185,-46.753364698782086,6.507422346981121,-49.38890367658356,-47.50671129228351,-12.110233451064163,-17.94383552537412,-46.79501485678006,0.3861903503949633,-50.91107476960227,29.394090396955963,-40.39191021601011,46.943472539175914,23.9493207898009;0
40.71610969741019,31.45073776140894,-18.4746029382646,-45.50363905609865,-49.898791766641516,-8.131672207766623,-33.986448531948696,38.496250273076264,-43.53433230499324,25.862150421173595,-40.83491701775503,-25.527470158580414,-10.994328181397444,-48.35032922647394,23.90622204091089,42.600990527848246,44.22134822985493,21.797449178359052,-51.65288859735357,0.5621756430003018,-44.56131272109528,21.611348135022595,45.96851693403281,-17.483068604889706,-42.60226927865605,25.433735023662763,1.1998708043455126,48.45486084853391,-41.1560288262467,27.88827783131238,-33.514396958345685,-36.84236777291382,-44.485717658688635,-23.11370413752428,8.374476323816038,-46.9710711175896,-37.762197422206064,-34.69946875262895,-34.59366016322517,-35.99347670400375,-33.93473176599695,36.04459204340954,24.49150703915834,45.86591655616356,-0.6108818621813149,-48.496491223341714,-40.907530518030406,29.224042736090496,-25.872683632856358,-43.949712303542285,-21.877111019705485,44.900678789182926,46.115428328951346,20.06213767295636,47.20718155199402,13.697856491116182,-45.723445242360214,18.45021774909634,-14.273344350127221,-47.82455292016532,13.592219734844422,-49.05256708712752,4.970905078921556,50.881246459505434,-28.734906879338446,-40.143623532962906,34.66063018425319,-35.620942135301576,11.631377531648173,48.91087674041346,35.93385712497144,36.12806234576108,16.29353439275111,-46.05358409425661,49.95306632128401,12.290105163792994,-31.292217805743224,38.40347553036654,-25.058130200474796,-46.40532288490868,22.665655945145534,-43.03251991708891,-48.87860696376852,19.845351515448964,41.9887157116231,22.96724885343986,42.3298087063647,28.737919291913236,-18.330199213594224,-47.19292644584687,14.464342701766133,-46.50858244823789,-21.79967475590361,44.97787784334777,-35.30700567778589,35.478516902189064,-4.396716084546584,-49.52071508542799,-8.195136555967352,48.306937872097954,0.4363421430683969,50.52142136862611,-6.873990316490114,50.51084237015512,26.038718371553617,42.826930974846356,46.484665600875964,15.138153787472222,25.92609658141804,-43.201981898242146,38.69672758209902,-31.70963275021698,-41.91480845541657,-28.62334428129045,-31.550843458490935,39.92207090799182,44.85064330169624,23.422287682430284,24.900643462484023,45.26210298728816,22.691979459663052,44.870287324245155,-44.426024748877495,24.993311611098104,39.409695290654824,-31.610491676867184,-3.6786280075139732,50.2516562604504,-28.98888040283918,-40.10983554712045,38.81324841634937,-33.80134318616241,-44.42898002682574,-21.695118831273614,40.24101298968933,28.870105979956406,-36.717604447280664,-33.38488710232734,-35.768611339450445,-34.65910373873196,-15.519470534417936,-46.78903635765997,-14.442543930841623,-47.95509987711263,-14.040295857142578,48.22825035498092,-23.228597136085785,43.645079091266695,-7.99122304225856,50.23068572610048,-46.93144941147698,-19.63726410899843,44.51171813692546,23.5869208387561,-48.200899533057324,15.99487847738097,22.35018874541378,-43.88788691571281,23.974170479790015,-43.76856763003086,-41.61528275483866,31.299808818484887,-33.28593398524889,36.6120718675709,25.77522798430456,43.79378352264248,32.8489115934557,36.933352804498476,14.74943739029806,44.50077619829958,-49.98850469519039,3.2283575342966695,-4.056943384951918,-52.83283446627199,33.13204835759554,38.325070978789384,37.803540765202236,35.07500602041546,20.88596800278361,47.30593853195148,-0.21119447391822982,-50.87895931286025,6.334893874997976,-48.138800236824196,20.57975534180423,-46.26548857830486,-29.48343324262768,-40.63437511502666,39.63493452161837,-31.08291218890688,20.344841970348686,-44.89870921104735,-30.477928319381643,-40.11006225167146,31.823639695198725,39.00049665826176,-49.739366337494914,7.9038885328419255,7.488582830799498,48.61126948939377;0
-31.388430193027443,-37.310757592795134,-48.68756799940037,-12.237479307399127,-50.798064501173585,-4.2582100109875345,-39.49810767856972,-29.860877231224276,-50.32591811620711,1.896523923621337,10.611382199722863,47.687301384521284,1.2094876251503444,50.13418330676252,-45.30887770320134,-21.2473147968186,6.38229407415584,-50.70382226468197,-19.60519168770214,47.332118643133086,-41.66713358332893,25.943339939421246,-39.584180227015025,-30.435760641818167,2.1609817423332918,49.6103276746206,39.49235922290107,-29.389434798482245,27.643879447401766,42.33426338853036,-42.323135264763344,-26.28249615786836,-3.7601700507857183,49.18689413005331,35.00256046918936,-35.187989256332244,42.90261528217596,-25.490309036660424,39.99930700635986,32.89273608929055,48.49730804523394,-10.635759127361261,48.10473642095807,13.422894002598767,49.623978752790414,10.447964668284824,-49.13705988631078,-9.62746889904098,49.77929756223544,9.492064549620563,-26.81185321649763,41.54402006338817,16.171937254953317,46.63515650633553,-4.195815428747451,48.67357740077042,47.99036946675889,-5.901378948117848,48.477683942313554,-17.578138423555963,20.332508994960996,-45.004147604861544,-27.659656444423916,-41.76018370945116,46.79432299848252,16.278820556589817,-20.19409598608066,-46.85718830127203,-33.06588607076141,-38.464222400887515,-40.75810172714107,-28.670628049577704,35.971403307609364,34.54322609480364,11.70479921715902,49.35754190086178,-50.027382793296326,-2.8103465337761846,-49.21743405425959,6.1683874730841,44.49461612437328,25.66216263254638,-32.62255661629128,41.1543745301931,-3.574290239222163,-49.544036154272185,-7.112190582534049,-47.906641321746804,36.46297846225173,33.53108074204788,48.16900810059274,13.995653300564282,-20.660029670859146,45.429660363230674,27.492384741655652,-42.77725968285383,-38.063482766428685,-31.528159917468447,44.62847672787678,22.45349947554638,-4.022061175512646,50.03604891588613,-43.10320273139913,-27.570257473446247,-43.73765295626011,22.937660022083517,-33.83833647568208,-37.307290688266576,47.52391086828683,16.21807864167012,-43.38221946957267,-24.34708403203117,48.546142233488624,-11.16694294181072,50.931834504189986,1.7597509390006834,-18.335567422563933,-46.955744124279214,38.82459576596752,-30.03940791138969,14.002368199844287,-48.26368798784361,-27.220944376534366,-46.00007444674162,17.62453630280909,-47.990894041918146,25.51071337583629,41.53874129990513,-2.4387922643940767,50.33903057093534,-50.05053493612571,0.36950235033077417,45.92680141350385,-21.649292835509513,-48.514934181842136,-1.0646443160460193,16.823985976230677,47.66266989730843,-21.872325373568312,-44.23776911750168,-22.668255833774715,46.02613135385669,11.952529748433605,-49.15779173048488,-2.4334411061052945,-49.91555025756835,31.505529651848953,37.52139629615359,14.771333303724463,-47.76687583627257,-45.29710174578558,19.93667675003538,37.11613751387878,-35.05571980164243,-43.882319907183835,-21.320277868773804,49.95670988973757,-3.7171389922634708,-43.6726126820124,23.931773407653008,-31.713603896554876,39.80173502494777,-48.57939934167088,-10.905364323313615,-2.7591376515276274,49.73624073328842,-41.399581163224056,28.305466131935137,-37.23619514627072,-33.902413724594226,-7.315022939782137,49.094609414743466,-43.51865649058418,-21.051707842408888,42.2068534014548,-26.640811361737047,-38.080246284380365,32.42139923738657,48.813579207712024,8.707139648830136,-42.026398977476596,27.338583151796374,-3.9130010172002816,-48.193420669797945,-48.59452654261432,11.278312771031898,49.882243909361364,-6.48030748083166,-51.03984753438693,-7.1875842227357145,-46.74136236935348,-21.84247544699074,50.633664214776054,-4.657822880072796,12.845076141239144,50.33436917153614,16.913590835377022,48.22243608226795,48.84227266721739,-11.914437175443487;0
14.853737284562166,49.67673461982136,10.73789410423671,-47.57664844981477,31.797139315604568,-40.21473975227957,-23.57522621479194,44.191020765103744,2.044901034484141,50.774300204116926,19.890422717563222,-47.773679913015265,-12.058399348073877,-49.91200385261023,-25.656823967943847,-41.98575088846414,-12.697468324272842,-49.1542775134005,39.0502796693604,33.11888020112198,35.16584783027047,-37.46718449507017,-49.799318325684524,8.241174511718699,44.42757898575891,24.377716451396505,28.806811059261587,41.36088120218499,-22.096096470101653,43.355461963455696,48.507094589387,2.164522210213185,-11.176916222735713,-48.70593326451839,45.9232156413006,20.152487800484018,-44.26221377147577,23.035183294703344,16.973254057751088,-47.42415911479672,48.658017904295306,9.30548805769915,-50.48720219701251,-7.546735270041649,12.165240178567242,-48.367859938707525,18.405520142394593,-45.41863495227332,-28.413127445762225,43.28078884119272,-40.54935012536378,29.39069437949213,33.98708025720139,-39.12429417512187,50.172711912918,0.27328321662113675,24.072078750592926,43.19066278048476,-37.6744049572009,32.58148143857222,-39.44417161197631,-27.62849716772508,34.623621353787364,36.84382479847324,48.041258841223026,10.581998807080234,-14.350916913065953,-48.1919021117882,-48.821190961711714,-9.162552398803017,1.1821551973564413,-49.14470897295644,29.94160811712374,40.72147976379875,45.57293943057348,19.408625396492546,-49.35099135517561,4.446722590403461,-49.73115986941009,-9.718664543567037,-44.65201991407184,-23.92637393319062,-25.461048952003793,-43.90990050303989,-46.44532483854606,17.773780530970505,33.99531306973464,38.00139567017833,12.963118516035971,46.267202851379274,9.142337139825973,49.189452692028844,11.516250835688236,-48.03400992318032,-13.461275967363308,-47.888349348710236,-49.46575672463628,-5.526755562375325,50.18657982661318,-8.407520217257222,-5.368706560479945,49.28274863837963,-6.493403802100653,-49.84141705382828,-35.74048953480211,35.61607170630169,-50.85390222098628,6.6027360330669715,6.9142391963329946,-49.03270808181701,47.886771733034955,-16.611788296019622,-25.47127407600405,-43.407847046973956,-3.8692156581467554,-51.11604470503775,-28.739140194869425,-41.36174627157745,49.127460902646064,7.045898697850666,42.54439059677994,-24.661421322674236,-36.85680969984534,34.01534244914,-45.822247395084965,-17.682037496236408,45.74371207349859,17.934198233187082,-33.95930065803559,-35.72990611192327,42.65861666081022,26.224650497225348,26.94253191619904,42.702996498793105,15.879889286786632,48.38298372879804,-45.26219950050954,19.17470087949283,45.88681938701351,-21.28187805695648,49.702734040802625,0.12794196781831835,6.269631485175511,49.35602996952711,-41.86534222418682,-25.59288705093834,-33.00825142339548,-37.14007530523973,37.56041291899589,33.933538711835354,-14.27086549254565,48.43940396919377,-23.39996085374096,-43.80347276651638,-26.038173655910995,42.792611254871,-15.020454225478254,-46.70698875177446,46.49573737606264,16.028980597060926,44.00820286545163,23.557172374125823,46.34922736927479,-18.574267197680413,49.06088985195246,-12.649653246753063,-49.191478300510184,-12.574081569837515,-47.78113307916805,5.371208481029456,40.74605856021832,32.48427321804911,2.9159312066441077,48.415554844822665,-41.33793670578114,-30.260098520476085,11.40692306578625,-49.48025642057811,-49.3937991212417,-5.430345397353674,34.713591334892634,35.08608449192234,10.121457092413848,-48.67482514634326,-42.391551327740956,24.357987810711812,46.519930331308906,-19.962709002143082,36.4931174255934,33.20356083071972,24.945872075508532,-43.01891654810286,-42.629707196888745,28.286408513404318,-28.72473201181969,-42.41498076587636,48.907554727116,11.641678815292043,12.839398949883142,-49.60147581679195;0
-45.363826604017355,-19.565710714564588,47.27382005358206,19.963133994558774,37.56161260115219,-32.64857646232416,46.86277685898294,-20.210227586055172,-19.62412011702813,-45.20430849083367,-48.038420934067815,-13.155394485568639,18.973704491623437,47.64551321135581,-36.297773363802804,-32.39078870608765,-36.6131194959661,32.529287302998625,43.12974667607331,-21.14396198042261,-30.17982882490663,-39.86255527244557,-23.970833590363302,-44.95160315881316,45.84208213948052,-21.558896468182475,-25.736734604061407,-43.139600252673546,6.975065051853979,49.840862329737035,-2.6452352171341538,50.12572675331989,6.485608550889061,49.124415714881664,45.60037366065087,25.041271833453187,18.82111374895274,45.02375993254196,-7.893343637152471,-47.1864662993818,50.44615004204429,2.975081138543933,29.708333468268897,40.3366960612567,9.153849466942662,50.07216172468852,-9.445921556350786,47.655284477837526,-0.9259073602187424,-51.53337570779217,49.11125671960932,-5.851229312869404,8.327699452727309,-48.46015858725827,-14.844180890657858,-46.182697116011106,47.48874207480303,-16.518256392128812,45.17065171736913,22.18043071076961,11.93050511918607,46.993108967682524,-26.179067260125006,-42.47170943083255,16.608924775481537,-47.17904547911332,-32.05691431646041,-37.97591060974545,49.46607705072377,11.894471930561382,-11.039048802393118,49.206488275030814,42.762709150134256,26.358755551546604,36.820387854998536,-34.743992111998246,47.080717020591926,-13.42753601107878,-7.3487460602295265,-50.72374196512761,49.69093031350673,8.638406912121692,2.0689344104833247,-50.41529550024338,39.15579622098099,-30.875846802538906,-5.521020411243335,52.73838212168389,44.97974781186766,-21.00999766104715,-42.06796670240033,27.722923125262444,-43.6043944859206,23.772658084840252,18.38201511812278,47.74253821726039,50.929298633653126,-3.8501892330047385,-19.189705272975903,44.81007620006361;0
-18.416907818965097,48.21615971217155,20.017773042897975,-46.39234878010123,-24.039915876745617,44.11070761939659,19.219836084794373,47.2263076704517,38.740238843443024,31.903163990541152,49.67344138341448,-12.328281526910892,32.992685569218466,-38.05539421637801,29.336317702466964,-41.25066201796916,43.62132272155553,23.072307649485555,3.284422296689255,-50.89335994801109,32.72057664874435,-38.965164034671936,25.174259830789776,42.72594970011215,-29.077617353158796,-41.561026477108044,-34.3531904274147,36.095464789648496,20.985469025433915,-46.115866342573646,44.365060510132466,-22.53523199865947,25.591830689882475,41.92671101415679,23.944778351853973,-42.87741231843385,-47.59576357041223,17.28384294508668,49.83346970094591,-4.051871785660299,-2.9532181374496664,-49.12287044115425,-46.38517409000711,-19.578126348502106,8.936612877129244,-48.94779130171223,-49.20148843947711,1.80900831990244,40.27721534471134,-28.86477784495032,-24.008459060340492,-44.879508026238945,35.46707022397646,-37.927298456753185,21.039484722933835,-45.041965404576096,41.72758899111356,-28.41534516652592,-47.46665928610674,12.964522383879146,-9.493038617983629,50.4728968166866,40.974647060440034,-27.774693696792514,36.642220015890366,33.485193843460124,43.78084789752016,23.114569176498172,-10.77259474724879,-50.53258795177396,-49.630187804397956,-8.786226212133865,49.63659242609211,-9.410392928284736,51.198551452116895,-0.946354073577425,37.051715011892725,-31.975617007820727,41.51271409250945,-29.273350961751998,45.451642152946945,23.083015530157716,-48.01546225939746,-11.94641876700693,48.1057705927572,11.741079571258322,-21.289622004071873,-45.52887229948629,-42.201257275905256,-28.719567199103334,10.852105842928179,-48.00723116891753,-50.29933048193088,-1.9285155248809043,-2.525527131550535,47.87759759850224,16.435544865261146,46.07685371570816,7.679814872031162,48.793016768644435;0
43.511419352218,-23.77564951072764,-30.52386639011153,-39.08876909691559,1.0138481062408402,-49.91544084830817,32.05677596535933,37.26777561960884,40.93439762051121,26.96533522040601,11.387774076275294,-49.2230440684081,-22.59363254265895,45.215537511670405,-47.258641883404536,-12.896776439281208,1.6588244127764582,51.06526919629048,-48.968866380697015,-13.969745171682282,-41.09778890895391,29.866062057955773,-7.940273782437835,-47.139745193264595,26.398807123856923,-43.03827798695754,-41.87252694881552,-26.493152100782137,-14.393269398237893,49.3989775761125,-10.032726758322582,50.24821433091843,-13.57862735655924,-48.16081319777043,-44.34009201223432,23.55170300235661,46.95645065001244,16.723204707423903,-0.3289793973622841,-48.51827749188313,-46.81650444710882,14.908722494806291,23.544167734479124,43.925733076625754,46.920318838668706,14.3275376098289,-14.114283324631057,47.39385413935236,45.69052599205328,20.240480945879657,-0.05134072689785868,-49.37573408846639,45.82816135110062,20.558589981825488,-43.90298666872789,20.224789077420457,-30.97860854444196,37.45978102447917,28.79943951624807,41.59089484102199,-49.475459424121205,-15.705035928622081,-46.990853171068025,17.35779316460679,46.97440179660629,11.792846561223481,21.58326403010195,-44.56006893704777,-7.8138753138573325,50.71619368786096,23.53784550049123,42.77813610654129,-32.7379030422914,-39.40177351144716,39.77616450836859,32.779143862069134,-30.237368280080727,40.330321037999695,-38.499816453166936,33.58327657111452,-46.40134046428513,17.015672983105706,48.440170350631504,-8.316200636123078,-5.657896028909387,-51.369986145735055,-17.535558910018075,44.65020630188755,40.16458617787829,-32.75985792038366,10.686246228290344,-47.75449713570358,-2.808598248294434,51.68061695444527,-16.407242088953275,46.19665592978041,32.81927036172622,36.065666383056616,-45.70260688113051,23.86663923359767;0
49.275638007255466,15.457197495236144,-20.060205576808233,-45.43565640425886,15.462554288754205,-49.360168596716406,15.228611879764562,-48.56927425570671,48.83396825881688,-9.979281230504087,-45.91092109930275,18.318877318833735,26.69408924512616,-42.65760653225259,1.0355844935807075,49.0979783075507,47.14451658040779,16.67687323770941,-50.87116397974762,5.024031045484523,-28.709466457141296,-40.75219128657513,43.9455948449161,-23.103679767735805,-1.3219613544241962,-49.357075520784925,0.8368692206019201,50.501867006742145,-48.67502141630051,-3.5282474629649947,-25.956427270260914,-42.21754006292946,-15.684764214465776,47.098163329114826,33.71332523508303,-35.39478150805517,36.188390426875664,-34.94601534275556,-46.0122081677697,-20.314421794614635,8.809191067262937,50.060668976093766,47.02247411500031,-19.613235625338287,-39.33798882343252,31.91265205353963,31.407212498250573,40.49595352514656,-22.50727044028136,44.90728586653604,-24.425262317792992,44.086470599233955,39.73459856485658,-29.893637136337798,50.190611334589455,3.307411922631813,11.756469661336496,47.99480179371635,15.851592160749933,-48.57468898706195,-43.84567702084502,-20.087804771019385,-38.99393856512656,-31.871174686239033,46.19296510555705,-11.842396447697965,-40.42076850201455,25.164811232841053,46.97596248132558,18.209042785164964,41.49410428981062,25.99912271494389,37.25831256884131,33.52589571999727,48.005037536474724,-18.078170618448844,-18.37780930486783,-44.48450880927391,43.33759636040907,24.668047705227288,48.58583631432933,1.0369792381078708,-13.750670122814974,46.75040029298252,-34.162203714607465,36.69960296726264,-30.997060222442272,38.50707683035066,34.30064037051857,-37.45217088810747,3.1533004608587385,-49.548451630014235,-5.914131090481337,49.1478870143782,44.132754153610165,21.118219786853533,8.286242343343371,-49.496461977527645,-25.42095434641835,-45.0734073940411;0
-51.164886151506174,1.4721969733735842,-48.4881541775168,9.570229933428815,-49.350686718095666,0.5856344556337183,29.762267276610785,41.28457167209509,20.872911182600937,-45.02934224219945,-21.096271664426112,45.67677725746859,9.079966958892824,-48.56497857975246,20.80011572170465,-44.719631660170435,49.38374504615703,4.794310321629002,5.412295905860731,50.55647429449678,-12.066068064435807,-45.393141431253824,22.810294173148876,-44.3921329991809,12.950902255592725,-47.41276001486572,-48.13849682526102,1.32620199449402,-45.67751831795512,-19.827862966139932,-49.19685440738562,-3.754146526811061,-10.750266777734025,48.92011623894879,17.57572046465065,46.1570646135566,-27.25872487080125,42.04580073878499,-5.844609837222533,51.03878725280341,15.442195434170982,49.30931744609289,-42.4598474118767,28.137098391138974,-49.49923030404764,-5.993943285314206,51.45356752137975,1.2126898419992282,50.11975901805901,-10.211834137306322,33.605247690150605,-37.586913362154604,13.664688562578325,-48.555093208670975,-0.12635562076293916,-51.30617930571168,45.51697260000341,-15.307727871655908,49.95476537405719,-5.170409324534144,43.89204267642977,25.443126879956974,-49.254319827499764,-11.791560551530182,1.9727367910712823,-48.563638878627536,-19.178686271302674,48.3748674657102,-17.718753341205957,-45.25997916564537,17.367341414653374,46.56105600316282,29.450681613910454,-39.357661503486504,-47.18940927006503,18.69948403788471,-33.73186692775448,-37.754779263982066,-9.237829326724025,49.83590738353656,-23.486079665322244,-43.74949250521835,-37.26182558138055,33.772714277081874,13.294559826089596,49.52466654802712,23.389759686728965,44.15682117432099,-45.99168744342922,17.42862824043003,44.02615901109753,-23.21414059074784,13.356325471094442,-48.02225475176648,-23.344272205967567,45.4291712287124,49.235319927157725,2.0155787749448404,-20.22278144274892,-45.300489588484076;0
-49.71420622603351,-5.8819457442044545,-14.75256394263566,-46.37830128673126,-6.091811286419595,50.105165172881854,-21.937141207212836,-42.617743009273454,41.186920549998604,-26.858949032788704,-20.67227471004359,-44.33888249043548,12.785177525479675,48.74655273265589,-19.59091418975815,45.47917415042613,-4.262430472915978,49.88938558566079,34.947250688320764,34.18800688298878,50.7968032463392,-2.6225708985597604,44.45304927720265,23.526298758331173,-9.817041317153683,47.996505269826145,-48.992780272104014,-10.796800659111577,27.164130734582425,-41.519882198514644,16.16584230067855,48.73803849073909,19.54507373006702,-45.18324990511376,-33.710739649355105,34.597649396198705,17.792720818443144,-46.17502979064908,49.80529840590575,3.6885283601226644,-25.01608320974377,-43.1068844180146,-13.678938039814726,46.700322835433575,-20.03487446393525,44.32268586018408,-42.6341916179284,25.669836000708106,-49.10187657682284,3.4838496808967343,46.30830274524724,-17.97907146453005,-3.9648562433821963,-50.809295418811864,48.783511424416155,-8.614612131708206,-44.82334992885802,-25.236191291989382,-49.749446121141375,-4.2854628643480845,-47.08735078254927,16.096739654591723,35.18795980570678,-36.14329461962048,-37.314691029787845,-32.610689510001166,-47.64531807647366,-7.535917636252942,45.90148463834036,20.51656855951596,-49.84603459647112,7.798059113531814,3.83610732945335,52.905022114335154,-50.14499484907942,-8.44695074795588,37.76909824066349,28.584045087872095,29.141086735209928,40.700798340789426,46.68220013749049,-15.125177750034016,48.52143530756103,-7.543245211541035,44.58991691518199,22.00496405798537,21.102510963192866,-45.82396537747865,41.113045638978974,27.457585983144387,-11.77891499109086,-46.840896989999784,-41.024716030826674,-29.57552834397106,22.332901429079342,44.06408968054792,-11.879357788960743,-48.61723375881633,-4.169703969881479,50.437485729689634;0
-29.688581800897236,40.301314487613695,-26.58553403230744,42.669580080063874,45.18502943538051,-18.752671201028356,41.75582986138262,-25.950033251015082,25.1979375362518,-43.667872711838704,48.268759986448686,18.079207348095355,-1.6214023801971142,51.157042224013985,-49.80200809576546,-3.222061432251566,42.938052778200024,26.76860756264129,10.13544955485614,-49.78681877274926,-40.46690795165629,29.294649229893974,-47.235162032278325,17.06692078362271,5.430459483715527,-50.07634435102162,-44.89346134576075,-18.341960370781223,2.8610183595490266,50.52522550788547,-48.07758763649514,-14.55432648444816,30.820419532994816,40.22074786727088,-45.556747849642115,15.545332456373803,-47.623160719438154,13.05823286725412,-12.349813098453057,-50.186676243015754,47.54539587586016,-14.866585765375985,-35.77039825046168,-33.37531994757085,-44.370068917856365,25.384727085887274,38.92568706641664,-30.519112677990528,-23.65475718035954,44.53132433851812,49.0099993225646,-6.693831037353009,-12.811099282067156,-49.71057516951238,44.61711189585723,-21.43111277401936,49.24275235130517,-3.3938696975687734,-8.605415255142642,-48.48557944026163,-24.002518189028333,43.042229996130665,-5.622884379147997,48.55276193994912,40.9735979427364,30.214679297084107,17.202698537681204,46.6347427451496,14.407549587714865,45.90974145107778,-43.49850665943235,-23.32220338285978,-1.6779638951051434,49.55923452101278,-23.643075160317785,43.823241768324166,41.005577481079015,25.225935926871248,-12.974335176592486,-47.99461406774747,-12.031989236849858,46.13383014421356,-49.40212740787685,-6.138721186184247,10.785549957803555,48.584842287958985,-34.40503200046893,36.16080900114545,-26.732998964978798,40.277757040863705,28.065613557561928,41.934603701929326,25.475036903169272,-43.726650111270324,-9.679616344722058,48.90818123281839,-46.630541509587225,16.439244896909,51.12512054649299,-1.1663018083767875;0
-7.903818091190504,49.20585221385287,-31.475574723684634,-39.98617044626228,-35.98233662708464,-33.8745561194762,8.323726492690035,-49.53635120156812,-48.3073667427614,5.958933936350287,49.198331174563556,-13.262187045465746,50.594824755451995,-0.7293596544321612,23.757425239751075,-44.69178709266452,13.337760779185535,46.606982237434764,33.235568661510555,37.833684659377134,-38.90600155835393,-32.64497908000332,-42.40137889566698,-26.687731900029842,-31.838446626281506,-40.25185876604828,48.54637420650539,-4.036253471888224,-25.808858985702678,43.84175488621454,19.34727111587467,-46.90369635148245,-23.326110676344598,-43.67271099799223,-47.76601236223254,-11.435671214820646,45.95036153188272,22.539211332921976,42.90567527139061,27.3883825298544,32.824518108503945,-34.20641486578832,-42.956967091607375,-27.28488737477852,44.61799496297583,22.716517783494815,-28.931134068303372,40.4717000243059,-33.80098407359037,36.02357573527121,49.30560958549885,4.813581616582535,-45.43299392022665,17.95909914740104,47.074357465259304,16.491111677935837,-21.637750642276107,-43.99007298679057,50.684640245095686,9.652568876399943,-36.997390286029265,33.20774846770983,23.270373625104337,-45.417391595991,38.015223746398675,-30.834217654225185,-23.639037839741764,42.685010706456616,41.085845091422996,26.980451191021277,19.02855804854721,45.79041630058082,28.213827068804747,44.80364024659072,47.25133159831778,-20.464876696667528,48.809035928029694,-4.629051437582539,42.004780522490705,28.355772818511298,-5.8496702146139175,50.411259281841375,32.65909698239699,36.91932348104896,-7.815707247729818,-49.71260060382947,17.481480319275054,47.369729947518415,50.55967062612987,5.868056257319222,28.67817231671096,42.44719931444356,41.529119457602604,-26.747824634134638,-38.190216196489885,-32.6770278999369,41.558616135628945,27.855385984428988,25.182479785442204,43.99366452699641;0
-2.5602786639990103,50.84242153969405,-20.881943141602882,-45.66443313155989,-25.896770768120525,-44.76878146675636,8.135137621935403,-51.67158537330143,22.925066723911883,-44.81935877083472,-30.7804587817434,39.95143603725449,-37.57874273185204,34.02946479909208,-3.4326713887976172,-49.673338590302386,-10.10064700931431,49.941608475408124,-13.63015391047262,49.45351546887145,-45.79826428022511,-22.439811683434908,48.373713325125145,14.664116700402682,-38.30494059001896,32.573620002299805,25.610628007116386,-43.95998416987488,-48.033394615671,-5.338479269804559,34.669766741349974,36.10962963328465,-41.75986527282138,25.57659012266018,21.35348040190942,-45.035629691222766,-28.877358620458182,41.6618960545968,41.5771267294605,-27.15884431573119,20.41969735661851,45.32375625535542,49.84473227668595,9.359709374487524,5.925060443384607,48.95737998998137,-10.097745534182803,-49.04053111549609,-3.8708321071062217,49.26441272663272,-46.194340230803036,-19.9176562170202,-34.51938273972263,-35.23820334304914,10.218390326869152,49.41435902479123,-4.655978763267408,-50.11009398675479,-28.40810869724437,41.675325229400656,-21.821805062002937,44.37622040161742,-20.772062313399033,43.727908312133685,50.311380602720256,-8.630348167981154,38.034979529262,33.03886925125979,-24.847399551381724,43.29317006799726,49.11753638324314,-7.139777782523823,51.03585684276024,-1.2822979125651375,20.256236053614696,45.55097645100825,32.15991438265918,40.11768289168717,-11.558045269599925,-49.64163316642447,-26.674021627018227,-40.39945979942531,-37.31817643442005,-32.405697280516364,-51.085621565933494,-0.3043077614064014,51.83773688736886,0.09108961429099713,-3.5691400358390974,-50.195199677242776,40.033395548097296,-29.96252836329949,-48.85157945755221,-15.629397843805656,1.166074850848021,-48.903675402939434,-35.02042681424646,-34.40328336374643,13.33727582969769,49.63669345998684;0
48.08578525198734,13.687733687877705,-36.88454151692555,36.0366437786761,4.463531826047111,48.05217193526964,-34.67373215073259,-35.93560449895934,50.428044242997416,-1.972425706852066,35.36085518433326,36.67961044990425,21.992034146132674,43.81905302087416,-3.3954336003029995,47.962575502150564,-43.53781884831391,23.18482530229671,32.29536996491145,36.48885991438152,-13.547142144272735,47.51781902110192,-49.70470308085835,2.6997730126657773,49.13971967447429,-11.292673656357088,-15.788019773081098,50.65718481368118,-28.089303391695513,-38.48740458113916,-47.02568139405498,-11.594833595760356,36.77827828566731,-33.77035061324076,32.540442188158494,-36.48565961119796,46.8807439058827,-17.99491937786654,40.248040060782095,30.637904048392357,-38.3985420710467,-32.67176284494175,22.35216836163033,43.566072849526705,46.101886120815735,21.064064138181525,49.350478300629824,-1.0554579780832583,-30.45568729339021,39.252158418547154,24.910373127664176,-43.68944095923425,-31.941401757257243,-40.230391567671745,10.77508097871578,50.643835868981455,49.72656900742109,-8.195694044130626,31.762102877434074,37.81473181831974,-48.37538393547134,-15.88187631930004,-4.668056560777973,48.06146743212022,-17.294751851297555,47.92263193933115,-24.537601759928553,42.668077712413556,30.993639693945045,39.486302060317136,20.126542508758547,-44.38956952782657,26.51194537776188,41.37352264521629,-50.12452020907487,1.6027268375725137,-25.204917246241912,43.43164651690435,17.777788828576703,44.670972545486975,29.360267441869084,38.07135875443116,-18.627012996676726,-46.25499471908967,49.838027871413196,-2.8335955441480056,-13.427333745431685,48.32343321017823,-41.70342563218149,-19.344804780358626,33.55718497507554,31.964822394866772,48.03086663311125,12.912556780040688,26.39713060648998,40.97936902292888,-47.068518648837006,20.310365910490972,-36.76753257146333,34.474119728985826;0
-37.86202626149313,-33.332998323158186,-49.50906835807929,-2.0557036395151322,-14.760919904722606,47.792230681477534,-28.296283776612455,-40.12666703856015,-8.357501157256257,50.046839085747024,-50.4826432558472,-6.934939459322719,-36.24511650841143,35.16486536710563,-33.88757611902968,38.09415455948052,-5.4701039924383394,-49.97724394888961,-30.72946540567598,-40.10046593610798,43.06777730541164,-20.818754751921883,9.041139557890546,50.11406947865123,-41.07583874056435,27.888313660426434,38.075963043399874,-33.73020473380022,12.701444622219125,47.63967721495118,10.791276849356695,49.69606916392202,-9.778762864552366,50.6149607511817,-47.052349390951434,13.74057887773554,-24.10823580151716,41.57516320299603,48.40233705026513,2.6500482564582644,-40.50944668776814,29.27897113244812,-19.05741307445444,-45.000707988739684,24.04727278417185,-43.5905971734877,-17.998157901179297,44.17175875894431,-10.57304595104659,-48.804177354278636,-50.07381677186308,-1.3900656568558287,-35.00326268520295,37.25316950586715,19.16607999281731,44.305966346045956,-48.44155044694997,-12.16951420586572,47.74790198572408,10.984841224022853,-42.032368756551854,-29.383984682845348,7.721209146568716,-49.21555585653412,8.87823834238139,48.79771036190868,-36.33017613341284,-36.401877068123305,-43.67701879422184,25.999672665475085,-33.60430289995327,-36.38880676052537,2.5426597074798236,50.431923111931994,-18.18268640585315,46.93249822301259,-1.7202976008779602,51.934939188079134,41.273931422386006,26.9257927659221,-49.51526510866869,-8.081419409197299,33.576634038160755,-36.082199435366846,-42.706092559263446,23.861724719797607,10.143072951825124,48.5250180429421,49.100362220827,-4.380544367006896,40.162082477171296,28.055945290175792,48.4195396365381,0.054583147001433185,-38.200115086609436,-28.946131028604384,48.962713747687246,-7.390344805433932,-24.738597940016714,-42.72889380114057;0
13.316373865278736,48.785865708029384,14.498821865219192,46.909808706217355,28.006534024459746,40.023440744342075,-0.1266268929353005,-48.874423110714595,8.283066161358414,49.16129302039436,-25.679277718034196,-41.49495825257367,-43.01249662327457,-27.490351352394647,-44.80553636351349,24.67951844857832,30.37259847992206,-40.944948510769116,-50.01884179728975,3.0959341708211436,-2.3208038560836726,50.50177553936223,26.43370637940438,-40.152711884631515,15.047081823421587,-48.602008591903356,7.010960425872724,-47.76369312216737,20.80689741526512,-44.532803091630086,47.895028649602374,19.403139064072896,-15.816817863312203,47.49469190147059,22.316618378995773,46.17277440247085,-39.78168677474064,29.27459053312505,38.505652786129076,-31.59541851079224,-10.307068867701696,48.56858602478009,-20.105915489019278,-46.47284830153018,30.78453457542902,-38.546754239350086,-7.987189030522941,50.11007264945955,-49.59115798050349,-4.164486268851078,-43.16164554184518,-23.35427992371784,26.272217213837198,41.76747054721925,-2.733038066926912,-48.400541159566295,-40.66742436246918,-29.091987709989148,46.171584293342754,14.01673553954984,-28.3405620952175,41.777266854244736,-23.410214123864,-44.735126518446414,14.91699298039227,47.23525990620866,32.64227997664207,38.85309575260514,-45.74143549638919,18.502546059338318,-15.377069473857176,47.08710053321421,50.311114720160504,1.5806907791692213,40.80627842831783,-32.43737244516381,5.106021396401777,-50.24262282675762,12.725535553040867,48.38828051976993,-43.4123498363249,-23.21221467122069,-3.857908853854518,-49.3560154146701,46.22415447139324,-15.255708823869716,-48.99956669077463,2.251174457652656,25.266671281198278,-45.20987563263081,-16.78823351342415,48.97597309276298,-0.1426935800694073,49.88029691550317,-49.15712791639064,6.963001618028033,4.718304693494028,-49.45273445058894,9.895693993216227,-47.2157093637933;0
-28.74830974663617,-40.915912798731945,48.3270377572792,-13.63207016095421,49.029060129934706,-7.696544833867028,39.44517788603195,28.366723933821767,1.8129262222764633,48.97011900426285,33.53026677836061,-37.34621625632923,-47.85756900360415,-15.312632343984275,-7.675093395701095,-50.544635355335714,44.336486695549205,-20.051421188809822,-36.56906214733244,-34.70066221418106,-24.266653167712256,-45.39046339737707,-24.527451674508853,41.751848426346584,20.406240968701837,44.686978412714886,-32.71731213208952,38.011793903336454,-41.3282070617011,28.90437821883331,3.6883572071626096,-48.54121608372565,-4.886746303502939,50.07411152574407,-5.288158563178977,50.48743099072085,49.49507279270568,-6.568538417916163,46.08405403898449,18.7231652717755,-43.88984898584021,25.016452297611412,-30.226659032235496,41.216731494780845,43.917115568837666,24.02067378125284,17.181647422688396,48.618805493652374,45.82578210356739,-19.63324115110955,49.73426524034384,5.63632165026135,19.510803656486303,46.32612772101557,50.08970988876753,-5.031858764961071,-25.5987473362721,42.7021146818958,-22.789536674807213,45.13872743208488,-26.257208520744705,-41.2119420886353,49.47651581500426,7.234880037254027,18.189848487535397,46.02953417346131,46.14340383743547,-14.650461952016489,1.49719760202254,-50.27641354774047,7.5877785881670174,48.91294842984765,-29.88266458610408,-36.93539420741653,49.29975239860112,10.821165818849014,-43.34964924489385,28.301541167219817,49.20868100693919,-16.611356582951082,3.128303004537124,-49.105081746594095,-48.27356549571776,12.844419374435121,-31.445838295506032,38.92755234397248,-4.946846533170007,48.76891960070474,25.79314745139377,42.60638669115705,-30.49023004233368,-39.43996911287716,-16.307558199171034,-46.340660861208505,0.9648428772589864,-50.21189237597429,46.05152851200728,-21.33255933803159,-36.24318389491828,-33.553879160839415;0
-28.57468527005591,-40.69567795894195,-50.8065090220447,-3.1035434717573818,-49.60784940275175,-9.121137313734193,38.853200849591715,-29.081284578140707,-16.959205279420544,-49.34174278480754,-11.43931108719613,-48.64828922033062,-9.842933008458566,-49.889075784834986,7.0780475137056,49.58485097762501,21.3734112869981,44.73304864658589,-47.718343563731544,12.68569311544064,45.56499306375411,-21.50895876292589,49.63098778262348,3.924406097846892,42.25665269427353,27.553247323910334,29.541491166314724,-39.76650561988256,-50.13257974960551,3.7059345980599576,37.17544903998197,-36.18846684673611,-18.68252498211342,47.17253218402966,-37.87245873850846,31.8364611753979,-44.24819909679517,-26.04001194261103,37.778263317016595,32.90519003782151,5.427944638981756,-49.141902365222094,-19.817887888473457,45.83685942790614,-29.99530104241563,-39.74155066894998,48.44135222127272,10.16476879443631,24.915149819638774,43.31103021833351,-45.505314747324945,20.59679288913195,6.1554259953126635,49.44117172073473,49.40402303093617,-9.346799184828864,42.64960892848151,-26.99253718553958,34.310586849436994,-37.972997109230434,48.9398655084887,11.141473738463077,15.489935514521198,-46.862208465995465,41.39970097449254,-27.174908029157294,-15.35553523744543,-46.48451176059804,5.418386076604244,49.10126976211725,-42.421622657630536,25.462666565090952,49.489154053114945,-6.225120117292868,-22.61194649792342,41.82837924312769,-39.08466939476415,-29.293314816997437,-50.01926922319595,-11.241263262066278,-47.80017865328885,11.207654940612032,7.657525008939219,49.109681721629734,45.280216882223826,-25.420123130707733,-38.374961616734204,-34.47175327681697,10.49441939235999,49.84229219615486,49.363514772587386,11.44838727551337,-48.46534089578048,-14.975147664035553,42.033312278669435,25.488218926125604,20.941182142117178,-43.83426373133491,-20.9035905791522,-46.834040298740526;0
-50.334475154999666,-0.06661975634859563,-1.7010155504345634,48.271464374121514,-0.25165532681104263,50.59949491267247,40.49465434492813,28.773309171477045,-45.06158203621509,-19.242815825986728,50.5207370613627,5.1483386610381,28.103236649881197,40.23360144262723,-48.64846692720699,7.225173312259653,42.08640380200177,28.80536957123895,-43.90867183494751,23.298973624933936,42.15637503682189,-24.825375140416963,-28.27348272321664,41.48757607126252,38.24873641102155,32.73959243669405,-9.929483368860495,-48.45459264906717,40.509164100924565,29.59098045938221,-42.643766678796204,28.903273845760925,-24.819948242641686,-43.387631482632685,32.096654525750154,39.04923856492976,22.94687517290095,-44.35685287737516,33.64050447304371,33.347333740505995,-42.956418950090075,-26.889283725144917,45.350223163350016,18.195104281069895,-48.75691472793638,2.644546050301189,44.808890949577645,-20.69879438159966,17.28160438433081,-47.90583707668094,15.606095933934455,48.37242503819564,-26.99768804386222,40.6431637699937,-48.116557192031145,-11.100343969011156,47.58824470480394,-6.675433391785298,-49.12249926407079,-1.5507101381976298,-28.648461454005812,40.56475909276796,12.076736571127142,49.672311140670566,22.81561186980419,44.973163302822634,40.224324428306176,30.173740364409216,20.768605582803715,47.16739830371456,48.5015266102186,12.209676181209474,2.811602738493824,47.75190665826503,-49.46754281822103,-14.57537753145562,11.854687009657345,48.21204522718713,51.22112680944669,-2.6653377976520667,-20.838414911757237,45.21359145360811,-42.704416662658396,24.26502335627992,45.411910520254864,-17.769222593616124,22.416427162619726,41.08579121432387,-44.15441893358657,-23.557954860599672,-20.59317629068929,43.851358332394376,-41.44265380645589,26.919896329922036,-36.84880686512712,-36.23608801847654,11.847108520328064,-49.72192204107356,-43.76138394133508,-24.142891741458556;0
30.69278737004333,39.73056453543001,28.105420905083744,41.95417320672834,49.94150209071998,-4.490056798897645,41.220752934382084,-28.780222254452056,18.831663968557383,46.25759107496531,-5.759231013933068,49.86806699546958,-24.457793906956457,43.49503818745104,-30.747425861246633,-40.599767101989684,-2.527490035465465,49.71444804210653,-32.95482135757752,-38.28322846855591,-45.22143293057691,-23.122475732352466,-36.55944839029611,-34.90265229118728,-34.012020259374076,36.58285164658213,-2.3760497922998653,48.66538407795685,17.175132768609128,46.98368075184279,-47.43817842298557,-15.50215639317037,22.834284358140533,-45.711556993705415,-49.42325557799433,-2.0972479710940144,-19.418348035792526,-45.624490433763754,3.6413583000221057,-50.37663089306085,-30.938037524399768,-38.96955036541383,-37.2895163469245,33.85626156736261,42.765933400694294,25.107386444085773,15.935396324304374,-48.138091999123915,20.62460964845132,-46.09606792975404,48.11594241685484,15.748473054356202,-40.888246703426425,-28.710312779519157,48.147539106265796,-10.060272689395038,49.631189193688954,-6.1048034104925915,20.85653712183133,-45.23035602114411,-19.807829443831192,-46.60901590609477,-34.40032678938882,-33.01932037973543,-40.735237237112514,-27.74605690869252,-19.14483834301381,-45.61514222377811,27.61931738358991,-41.91073530692193,-49.67597458857892,11.478032118180355,-48.106016462827405,-15.090393794393362,47.43241470805465,-12.484445704313371,-11.84975309184446,50.09405826996407,-50.650117094764425,3.431973804873672,19.95045543380444,-47.21110438600171,-40.80660482368224,-31.15146637623106,-34.272071487670736,-36.323260665930675,-43.56257078995305,25.864468936764347,9.386500350772767,-49.28801513985858,-15.471714054047126,46.258548133105855,2.1792397452822314,-50.809368230260944,-37.15530955212408,29.942609836846934,1.7589175804681156,-51.93261943923144,-40.40156142990945,-30.713974596943455;0
13.469776927116643,47.717367006536804,-24.958885282912156,44.06269800848343,-14.993884316342147,50.1990085602233,41.50371768227721,28.12120581178293,-25.298962917255658,44.13037234222805,-7.334776253090422,-48.5365216191283,-28.804551776169934,-40.00391519590169,-47.799878207757665,-0.842258944470881,46.63139427006583,-16.8012714262127,-33.5438739593341,-36.00245468163733,51.166305246864454,-2.837236342729766,45.991260557332275,20.69926575367136,-28.75277882421665,42.31193304761405,-18.06221284293894,46.87943040767766,-12.761310844826614,-49.39958974412642,43.2178057470167,-24.408795719010026,42.4135492691294,23.183313183279132,47.36165116602359,18.388094611067334,-43.67470538978124,-24.430390920530048,-24.54832078120612,-44.17822274266505,50.22447455169471,3.254042388846777,-44.34930621245078,25.041031964285022,-38.9297069571135,28.350518255151776,44.87797989271685,23.352633174840566,5.79596740137667,-50.0924367046472,20.917030696749855,45.17788556737474,-49.558515983220374,10.463533825595169,-28.94435536272324,-40.43029963045883,49.953189543166296,1.8732620818175003,44.83041993338104,22.73512733457738,-0.22499639479169076,-50.4360227605421,27.833031662714152,42.73297587205736,-49.43498270258576,-10.283935101051526,-22.605085768515067,-43.5231030262656,-49.277521350978404,-5.738676317675581,-49.4215288825539,-4.446238916638354,-48.17047481874592,9.739319590558743,2.674213052527892,49.25184090876927,43.08373102529129,-26.95372700526423,39.05457375665607,31.248400441277138,-49.305580919926115,4.544554607608787,-1.3305547046958277,-48.967189307895794,-37.5070871134419,34.10623453781074,0.9213085130460026,-50.52350003536852,2.6678354938848132,-49.46712568223396,-12.680232495245821,48.16203426926833,-23.880070712230772,-43.723233372963385,21.867688958190968,45.087870840776795,-23.58471064867533,-43.90842708917997,-14.338389247295549,47.79852462605145;0
38.358683369309034,-32.042559843016676,10.604944998328772,-48.33081100663713,-43.87292794912825,22.365238278584883,-50.067842570077616,7.709577888247619,50.59969558354565,0.6218152460796373,32.386466990086916,-38.763986854069024,-32.08739822720469,37.769750928761965,-51.17114257004453,4.027377792227765,-46.57868886856884,18.715300181436376,45.72585052551232,-19.66651168094747,-10.848999541820927,-46.358117262005024,26.60001778912868,-41.74915487725017,-12.88937467534497,48.33942325486973,25.39351440208616,-42.00665330251619,-46.986956169000784,16.34912321798466,-11.261980770158065,47.1442811556745,-41.50125994553719,27.334659101590567,15.286023989266203,-48.03157603432838,30.747152371608827,-37.90215259151483,-12.378166304018249,-48.70876172129499,10.40293525397549,-49.700627466913254,34.39498709118166,-35.64095919328377,23.18842536486114,43.45865015156615,-46.839440201155824,19.05507278721827,6.496396346646102,-48.0688671758401,44.150006982014304,-24.90305743367685,-29.653810476788713,40.14348763702955,37.27385316743795,35.33650399022215,-36.0622136283495,34.276115686898535,19.905094791427004,43.01559429316732,49.48224148688684,2.9178927649083373,43.33756202110964,-25.126524963599216,0.1766402883506254,-51.122716592333774,38.79057144279932,31.391018412364655,-22.39821393916862,-45.631265381265585,-48.634004862649746,-11.32111929654288,-49.568915828215864,-7.783023213350763,-37.29915915066589,-33.403290282822866,-6.662828648879059,-49.62264260803552,47.995739818142305,20.461557377039693,-49.0384629883451,9.29464878405293,-46.28942150231745,12.817930360470173,23.129359454756447,-43.277498405810675,-33.80952747310649,35.79558681131352,-34.48485727014769,35.32448451783609,44.42388308184105,20.261819458123437,-15.334872411337727,47.24283958259421,34.43418025116537,-35.22462591682832,-49.48444283147737,4.471022600955953,10.497479534746224,48.81871596499911;0
-39.335501498568064,-31.5098314488813,-26.571798184322464,-41.14652324921417,-18.32060594609892,47.05439769641776,47.159551478732226,-12.040235096996716,-49.69947737646208,-10.50756150556714,-27.67945101084257,-42.84064206344388,52.367450034753325,-0.25172419912777266,0.8898588585388578,-50.498220910464994,-48.02846584125251,-12.602137930757955,-0.93799030723301,-50.62582590571957,4.219196739043867,51.22184918835792,-44.30809454482625,23.99288842152344,26.19650584305975,-39.733817363959396,-41.39165106260648,28.243177012656037,-50.24404566811658,9.797581045991283,-17.283884461982865,-47.755857313866464,18.957179935426268,46.79691401881614,47.75871912816713,19.503111555912632,-36.651735390202504,-35.55523971644075,-40.536568525927805,-29.586398327482495,34.652996688146196,-38.03485254362433,46.63252308489347,16.229332040778665,-46.554045933247025,-21.46210355833875,-41.88186053975445,28.00093221213275,15.976361763745434,-45.36820553820441,11.51064649926752,-48.34247672607805,8.669198315600621,-48.32035576144964,40.720231633110615,27.73360415314169,47.879160752623534,-12.72267505816608,28.463657911496007,-42.517699068940956,-6.9857914886146695,49.74769874237118,-50.12458902839363,5.782021036952067,-49.717285546222804,7.219088805570358,-27.963700526922565,-42.24141668710244,15.8966558448866,47.47160873196679,-35.0755880732178,35.90999446682027,-9.444310474494381,49.6992640040552,-21.2557480596768,45.54530732632256,-45.22059296667094,-19.121498704306884,33.46161718476361,-39.54452387950617,48.33458695077579,-16.27984502868122,-48.13204245268023,13.97201050116666,-47.460607015056624,9.97327718379677,43.34541965661951,-22.702660443288533,34.97000087060278,36.26875989079707,21.002386916561882,45.34603701603184,-49.35867084810956,9.642592044663765,46.624847787666944,-16.329862881801844,-43.35289660169412,-24.429646517563746,49.96818118191597,0.16561374234322673;0
-9.402990794529357,-48.55090294176681,-39.831611788547136,-30.540406547046107,-20.41000913121398,-48.97190593494936,-42.653260475654484,21.868353260786016,-48.258455828857024,15.229402137446309,-38.30224372287998,32.61103841199036,-49.2688428422873,-2.110255632888646,36.50904803977482,32.462323453798334,51.55724375159062,-8.4374201020288,-52.159642714712895,0.2143665746059089,47.21901508064864,-13.168456080048632,-16.100762131422012,47.120451641955995,7.738408603477474,-48.77543253098795,-19.454065470406196,44.29865348833722,-16.208950552283422,47.20809762672688,6.807754551186329,-50.30943119690993,-26.386711559765338,40.918431905930824,50.269252970226255,-6.958951052177486,48.39722683856278,8.197537450296663,-49.6261998139351,-7.768356395642224,-15.62142194746807,-47.765240809580796,-15.02257309262707,47.29162133787389,45.72564888722696,18.449601609042684,-34.56959520748394,-33.96096682589525,-49.43228975372837,-5.709489161150192,49.829437447808274,6.451758610319306,30.679861635451232,39.99588003310763,-33.322852237949945,-38.195440676038764,27.48976497574183,-40.70230535240778,-41.08236465282054,27.64659816745027,-6.04412801908927,-49.80531776951536,12.720814288886169,49.5204087390693,49.75440837710119,6.9397171380368,31.46642912154773,39.82128565674622,-50.162604872420104,7.812774100894945,16.01346376560367,48.076873913915236,-5.844976182297373,48.22057321045245,49.6608211917618,5.07832904111858,2.0046996819311023,51.54146991465097,35.6848542261998,-35.333996330945716,-5.3727818500670415,49.28564332908735,42.551256745475996,-22.242782370177505,41.38398637645764,-28.143065064588686,-15.666888875238662,49.7891226037253,-46.926753118952746,16.54373946299455,-18.429279722922754,-45.24243614177749,-48.25580608964535,-15.988818727627157,42.49671405056387,-27.754709584668205,-35.8576940723656,-35.029108792063845,46.25679008598548,-21.23525195874324;0
6.110505106340883,49.66718791389196,17.68082733371363,46.69629279571489,38.2887067887585,-32.749058021689294,-9.75115568006567,-48.4793448994583,-50.86442622204568,-9.60193155517582,34.29592347460412,-38.09379202593678,-6.937201941994336,-48.761054726222454,-49.27065895578603,4.4147988369787985,4.70406969190052,-48.91834857883648,49.566693913611054,-8.759458065278018,-50.304678342887534,-2.9764349986043075,47.94762520139707,-14.491260741688908,-50.70882130455226,2.422324597906309,-49.078554450736505,-5.788729735853469,-27.154018298117695,41.11703407243964,49.596280424713065,-8.52878881816399,-0.4182205479623553,50.257263901319675,-40.0211703708128,28.19886608658562,23.975112356434263,-44.06544867581404,-37.98921399026088,32.8912663067196,5.7239757081561216,49.17755351913812,-50.8360939185478,-11.42422257867823,-18.651812737930932,46.64665991113235,46.43646813860914,16.406409409465795,-16.72392241437347,47.96423016240445,14.58728619425026,-48.79094352105386,-3.1502995826827878,50.15734871820177,11.050861330084857,48.648392080402324,-45.362683772460564,17.857402466894477,50.292049432565676,-0.8128154542168886,-31.120233110016784,41.253207407222675,40.316488981629085,-27.632266235192954,-32.15876855415555,37.89799931265425,-30.616331767441956,39.97803795391111,-47.52415692414354,15.751523033619382,49.30818471507158,3.970276757381261,-44.54887872213908,-24.80740436431418,47.809904512494015,20.93460638481029,30.137497357138383,39.31578625066553,-16.594262918627717,46.26326558693663,45.74943051737073,-23.93401676244026,-9.863178090201595,49.41596871066684,2.664471655451968,49.94905251338336,-47.94119412218101,7.6271257141708375,-33.85927304578659,-38.709149796393014,31.790643332366884,-38.77277720536023,-37.240651876148306,32.517012215915074,15.029187224082497,-47.307744542693015,-19.565150875993087,46.638758979115416,38.744472096834535,30.582648803200144;0
11.463213218678023,48.41202925758549,41.05891455544479,-27.877639048825493,19.343157979006584,-46.27868942723058,42.24874823657862,-29.392812689136353,-14.724337765120861,-47.51179319328242,35.73439344023005,33.31892731280843,42.46630514627601,26.949519911608125,-44.65580890838168,-19.452237849392795,-44.63431994139516,-22.266046158877224,47.93477761087072,13.065159414951404,-22.437685104601204,44.08337195594965,-12.383777799829865,47.903695399858606,-49.3156628357425,-1.3592758441583157,-17.406698782349437,46.29482771246653,-17.056054796067386,46.885297191087496,29.945066588589537,37.734795717903566,49.31001635261112,10.93053641565289,-38.23480909993894,31.495850296949698,-0.6513091248342342,-50.637352418020164,29.25549187564834,-40.128379873706855,-29.181697456602144,-41.574617855387466,49.545236928930656,-11.523780423038342,-33.11924359289966,-40.44171726627481,-2.4271294796088094,-49.83967032150597,23.695650550262037,-44.397253304956735,51.39048827652983,1.35386527290358,-50.61836820393868,-11.566274955317615,43.057124886055696,-24.122038391335494,19.075088494213787,46.798608763621694,50.92836540618406,-3.922097104041421,-48.699693721258036,9.037311556935883,-46.71514330748535,-17.890807438827437,-0.5713743504127532,50.88306164393615,-44.750931068965386,18.84017274727681,24.01749755609075,-45.584542013835566,-31.538043850344575,-39.654050879981064,20.98631972564543,-45.754131326838525,-12.871052448263908,47.15037830418963,-46.907473349297895,15.435390763696157,23.15691062952114,44.058001179759174,47.38475888932213,13.958620755877948,-24.853531014169892,-41.92083974268603,-22.31142658709439,45.213973651399506,-1.395066719886962,49.7288227855767,-1.2205778705343457,-48.457868390870075,-16.90695518923795,-46.68068202844958,49.02469494669113,-9.754246521100255,-24.18157322943019,43.79324917041116,40.43021408014393,-30.33220587254962,-44.97799490193467,20.452186723616403;0
26.595211742722377,-43.153545108699795,49.00239055310976,-10.145646036327445,-47.232521816618444,16.94817493942293,-12.164792892409316,49.599700462322645,6.685714241133672,-51.5951369919773,-16.270130864437178,47.11743731767538,50.82808300647277,-7.452780717589566,44.999471047076106,-22.449798297492492,15.530921087003552,46.56678028729994,-28.520001377023647,41.06251624253771,12.180366909942203,46.56937984570128,-14.60959662211325,47.25296852418084,-26.927745939330286,41.798482576592946,41.63635370444252,-26.39972008729058,33.78876639330792,37.65132652169653,15.422361489383714,46.666338773939884,25.80528851362908,41.22995741672199,38.35119684314478,34.238690013147036,-44.05250358906599,26.930161497966182,-17.32869788693514,48.426277325540894,33.82803952054109,36.95534966629263,4.979138197907172,-49.417812452560554,-40.55578911350047,-31.613945207615444,-37.00485756653441,-33.50047140750565,-23.041907654100925,-44.77630762486585,-3.232698458936058,-50.06093627041487,-39.59688174483198,28.271484101252582,21.664573510089202,45.5529807182893,21.962231322137743,44.99216871814045,-24.80513134448528,43.30293801402181,-31.2229871655421,-36.807095398365284,45.552409133489725,-16.962639546322563,-5.511899014998319,49.7710309977289,41.51490395266904,24.214381395874895,49.84855174092781,-2.0138640401784853,48.81927106728301,1.3876648535096077,47.09637787340303,-19.804981945345673,-31.82154318887897,37.96163112512613,21.294819977275047,-45.45878340240754,33.675621679315036,36.22998610671336,-43.552154739381066,24.018223921752504,33.21625704780512,-36.77038593181294,20.155050558281896,47.69415417016858,-26.73362615235007,-44.11889683086942,-50.856645763836376,1.9771555403429413,25.413005154921336,41.96786113576565,42.2097005786295,-26.055016851511027,-2.5991073516924277,51.114921372421215,2.0764828982446613,-51.13025327868019,38.65554496421454,-33.239775692087306;0
-5.199440659284436,-48.567407056784596,-47.70014240033925,-20.602481335417238,-16.669166633982382,46.823266928247655,9.293722799958054,-49.818190135206926,-50.567395953122315,-0.5009877976474483,34.36389375840258,33.77511088138959,-38.82787003475003,34.21145981764777,-41.20199555378471,30.17212327468964,-27.237142406173398,41.164398945696504,41.97389186092175,23.7272271136067,-32.836826307833434,36.230380963054564,-42.7265817417306,27.543212212326406,45.13253832111444,-19.837670982094117,-12.1153461729902,49.240370117411764,24.187147994225352,-41.41967215297526,49.12781745033096,-3.840100901502113,-44.09615500931026,24.44344001653359,-15.557323287037528,-46.94058583898045,48.31962682850744,-12.180530953222073,-47.58629294310889,20.4103135976498,-20.488735842972698,-45.17991597787012,-15.051709607038532,48.20723544393054,47.941138728952716,-5.795700076596979,-17.414371992695266,-46.10571700520703,48.42275563819315,7.84161246398455,34.27433589421253,36.48051778485007,-3.310276952333982,47.976531622478355,39.84465510361753,-32.56212615020139,30.766482797000126,-38.09554240800943,-29.087266986105558,-40.47352093670099,20.595235984943074,-45.40918869934995,-48.84085927868123,-14.12295139822504,-50.190938563177475,-4.797335553513316,-38.48546459807327,-31.26621518546553,23.04847190268154,46.129445024319295,47.66134323820907,-11.101030236342675,25.2676261287404,44.1966641426961,-47.95323176071134,9.4182598559013,-48.05529600210133,-7.927907110687263,14.398356294743113,-47.772350279306956,49.4088705048884,-6.7851090105246,-9.163175569627287,-48.066210204754384,-47.03206474058855,22.356091424988506,45.19830372487175,20.105729000426436,46.27803102488334,25.11694771104341,49.89348539859832,6.269973136711398,-47.04869389223263,18.143269142921987,25.677986114743373,41.44357869772166,14.203308421098145,46.78401429841213,49.69662196151326,0.433680929355861;0
-25.59765351988688,-43.29436321559971,-48.1595098540165,3.2129951453638625,24.60150091869648,-45.60109417114998,47.835256036499494,10.367752079046541,17.019277759695026,-47.207497267505936,-44.7241266037329,-21.00993505367639,-15.020930557753855,47.661106557437165,48.24188319811872,15.192522218975977,49.80975384669911,-4.141493953810632,50.96405951374956,5.0190703043448615,7.022459648055044,-49.053231043653554,-1.3912175324507352,-50.24178930207645,-37.28257549929333,35.42674587612269,-50.10198517685331,3.1261227145175434,44.062705959174814,-20.223095401306075,-39.904972799488185,29.92140153024087,48.84895660418883,-8.754388597932158,-51.50118234402621,-7.000739963061916,42.37166454196808,29.02130884750829,20.07383781750779,-45.44021350161427,10.24203264903816,48.74133113670626,-48.24648496699514,-17.02246199443818,-11.727055184992256,48.279179474611006,17.572585929524607,-46.745598486715835,22.979483259656227,-44.33392325228395,9.819868900129531,50.04158905097315,-29.874220439384064,-39.24359406573296,41.02682264754395,27.78966631822429,-42.06195209532974,27.282663550897173,42.574455349783406,28.680511335152147,31.185089463236558,40.80198723873166,10.67817378185967,49.41728805215575,-50.251083301742455,8.90123014446919,45.57744007445433,25.072847246543333,6.233320865932534,50.61999838491988,48.93452968724389,2.552877185791526,41.09475563551998,-29.255433708866647,-47.44575775646658,-15.960016929631326,25.147804851015074,42.41260501614821,45.76931592915046,-21.052410061326825,-48.393604992311026,-12.400776664445072,49.452453447575586,11.952159612776487,-47.919786655794326,-6.767184282880146,-30.83057240908768,-37.556858352671185,16.361787277909784,-47.48787490783492,24.696829236339127,-42.53763569199126,-0.6939942261795644,49.299509394589194,50.76946964800591,-9.060760149208576,-49.190102362184895,8.95280605387526,-5.259162278347479,50.292748062312114;0
