-1.383017808744473776e+00;-1.814060347171899679e-01;7.375280634665379864e-01;2.752486875683642364e-01;5.114152550218796778e-01;1.508082850144020659e+00;6.067300025201064484e-01;9.478207764124667589e-01;-2.093178022391159132e+00;-1.076816973627056084e+00;-1.559480996176394569e+02
-8.181988834223071771e-01;7.783610761666377442e-01;8.840688629184735581e-02;1.477530081055261846e+00;-4.532280493272751731e-01;-1.701846225249284417e-01;6.963874474567153250e-01;-5.511857163285334149e-01;-3.374457410952051446e-03;9.553052085705107110e-01;-1.521060613222779878e+01
3.580260003584014028e-02;-2.243068279436458978e-01;-5.551251558036121025e-01;-2.157036725223350437e+00;1.465590987012672583e-02;-2.415363262078529694e+00;-2.229575574111877234e+00;-6.945513785101935234e-02;1.381475563675750584e-01;7.322180730909948476e-01;-1.939224790123446667e+02
-6.259160176846020329e-01;-2.954248941242031190e+00;-7.155129854852286808e-01;1.121499211849928290e+00;-4.189634455212346564e-01;1.222430045470662141e-01;-8.246120097650219138e-01;-6.417271436521293504e-01;-9.782549380604773637e-01;-1.058800148247819761e+00;-3.088411365886329349e+02
1.966916962508253652e+00;-7.749628240639847565e-01;8.634372801898786420e-01;-1.556308887029397847e-02;-1.056497070625260104e+00;1.249710420184318549e+00;1.075221541181915930e+00;1.368094236814898057e+00;-3.914402696834187734e-02;1.047276408559462579e+00;4.903634331699099107e+02
-5.312065301754534397e-02;3.721054726068628860e-01;-8.000385643976464234e-01;-6.352457461535510053e-02;-6.256772874962124309e-01;1.096469233810883681e+00;-1.319247194598767381e+00;3.891591956679287256e-01;1.223568882418627490e+00;-2.029806373956570820e-01;1.414072042966918161e+02
1.148765700372103460e+00;7.716987106483447212e-01;-4.677012013118913569e-01;3.465038817307157792e-01;-1.119669894626143858e+00;-3.624409414031321552e-01;-1.294681475720905750e+00;-2.848542620630075461e+00;-1.739713778778099629e+00;1.160826787378519409e+00;-2.993576570273891662e+02
7.188634195406997662e-01;1.115130251832815222e+00;9.535949506625169825e-01;-5.921663299833791472e-01;7.240022550000158041e-01;1.259401802992123676e+00;-1.171890340645386080e-01;1.409449483102167555e+00;-1.335465293448118818e+00;-2.025036314509744084e+00;4.051149076889758049e+01
-6.245104550885773875e-01;-1.045529485674053127e+00;2.731184342936441856e-01;-9.982122585114052704e-01;6.900736763366125404e-01;3.149156226199577302e-02;1.087710426157866062e+00;-2.626079326985213819e-02;7.469808401047097757e-01;6.916185751213883570e-01;7.518126947392424597e+01
2.799686263198202796e-01;6.543656563540577453e-01;4.810092317367132275e-01;2.238840242791313717e-01;1.292211819752275004e-01;2.445751979616826333e+00;1.093947946048928893e-01;-5.558467091045506819e-02;-1.125489047298376510e+00;7.257666238986919538e-01;1.879316491463674197e+02
5.414627282047880241e-01;-1.170113026059359518e+00;-1.478911568774128771e+00;1.833599197791556390e-01;-2.591042292144909887e+00;-5.765104007267194408e-01;-5.462444482524827505e-01;-1.801980437580019689e+00;7.591551603026468475e-01;3.918040054025465069e-01;-1.869820990550644808e+02
4.891305566492876178e-01;2.917327253783090213e-01;1.002115174056907206e-02;-6.886944334452347327e-01;1.196627120827242319e+00;-6.084823222894504774e-04;1.516116180355043142e+00;2.141109822861335388e-01;5.517063787146392340e-02;-1.507552944633420822e+00;-5.718337157654055147e+01
2.724213966536098708e-01;1.252540731029230692e+00;-1.335862404168613349e+00;7.241365593144972745e-01;-8.186050266600786163e-01;1.191085854773476838e+00;1.092106783982426110e+00;-7.790194215199855998e-01;4.174650898212949879e-01;-5.479053042069350621e-01;-3.485667828623357423e+01
-1.891901812750799716e-01;-5.186379974845759522e-01;-7.507203344928128352e-01;7.927110177336647023e-01;-1.954348465227638554e-01;-2.215822425020668174e+00;8.364841379649410325e-01;1.718363995763875662e+00;-8.633785824672687848e-02;-1.067722577038545229e+00;-1.141865476215055963e+02
1.993799206540077251e-01;1.255226246634581599e+00;2.097127212373027128e+00;3.026135259462540694e-01;-1.830907846112844739e-01;-5.457260406361940097e-01;-1.030122105296775503e+00;1.968654100384583883e+00;-8.456284879894042650e-01;-1.178941402107378744e+00;9.055233890790053408e+01
-9.803107127978798185e-02;7.060669498554303924e-01;2.002733980403000047e-02;-1.068024375891177602e+00;5.679945395242418371e-01;4.642637432357930583e-01;1.176225706758529110e+00;9.592533764490381865e-01;-8.107074100802476313e-02;-1.284371975509198682e+00;-6.890760248200843208e+00
5.567179766334188207e-01;1.195941907435307039e+00;-6.490763335666390743e-01;-9.311652607769599355e-01;1.857850151290664886e+00;-6.153138820737076298e-01;4.312543095304916668e-02;8.817464007600120945e-01;6.128840717631837132e-01;3.019316851187038853e-01;1.578317408719048842e+02
6.502011779586609475e-01;-1.280304398670894406e+00;-4.558601635549780484e-02;2.433394493226918309e-01;-1.070084766326152570e+00;1.846636996047665846e+00;-1.525525170924738827e+00;8.724573282801446616e-01;-9.917586377938290843e-02;-6.919080698812444252e-01;1.515384274041536230e+02
1.183549102581604728e+00;-7.346710936768594546e-01;6.792938199823492784e-01;-7.101366068373821117e-01;2.252566819835995493e-01;-1.203913648966380201e+00;6.293606334288920356e-01;9.559358223307622415e-01;-1.164663348512394725e+00;-2.990690852300548763e-01;-3.485561905812188854e+01
1.440110120069173716e+00;2.110342652096377503e+00;2.662953564406234652e-01;-5.969870310455316353e-01;7.992464575172452124e-01;-6.610218815427123529e-01;5.657385044539512409e-01;-6.248112045358892308e-01;3.524229143843145007e-01;3.584329485804923360e-02;6.974371192212673520e+01
7.872762931229140282e-01;9.845928948957969329e-01;-8.249606865912408882e-01;-1.200818999835040479e+00;4.390830187715679539e-02;2.017775813175064936e+00;5.772623672009193907e-01;7.906723186907281820e-01;4.595754883110654276e-01;-1.450912928594012552e+00;1.583495560842516170e+02
1.178443261413006510e-01;9.126023140297435665e-01;4.558376783881399885e-01;-5.560525574794034087e-01;5.951573238847284175e-01;-6.119130526418207205e-01;2.448812305740227124e+00;8.986278667304854473e-01;-1.039968151617051362e+00;-3.407207715320818564e-01;-1.210555621455483788e+01
-6.583827179404454499e-01;-7.567107265706343733e-02;2.214329942556596542e+00;-1.347709230309403372e+00;-5.772287257105709335e-01;4.781405755558084114e-01;1.525258828976165659e-01;1.537551319034343500e+00;-5.945036959490072048e-01;-1.551537420968126746e+00;1.932079754606007782e+00
-9.379534088448924223e-01;1.090472169056993845e+00;2.638190856793409811e-01;2.410760788032951796e-01;-6.247725827776153817e-01;-1.456857628248038106e+00;4.790026240919887379e-01;1.044980495133194021e+00;1.598647593591110194e+00;-8.535662847026064259e-01;2.062241745763515155e+01
-7.318592098580638527e-01;-7.229265971448582684e-02;2.220321858004882021e+00;6.062371934962886844e-01;-5.966236939834491659e-01;-4.773448584438343967e-01;-2.377569829927102418e+00;-9.911942176245543967e-01;-1.242419673832411808e+00;7.002219112822891667e-01;-1.529637049833516471e+02
-1.109839489269907276e+00;1.833114148398449217e+00;1.904679882081637743e+00;-6.461594079039767111e-03;3.234523642603904237e-01;-9.439406433324369905e-01;-5.668034520958176170e-01;-1.479089288097521937e+00;-1.003787815463636379e+00;2.072598540762518482e+00;-1.382711257804539855e+02
-2.179788661390245519e+00;-2.686778775249567541e-01;3.712067634700587648e-01;1.823099713711716016e-02;-1.208303515659332694e+00;-1.679502792913403431e+00;-1.871655478638609149e-01;3.476735422449994117e-01;-5.683685220694973533e-02;1.276263987873554440e+00;-1.742609564207086521e+02
-5.567787728433662986e-01;2.048708257698850677e+00;-1.156941397229471313e+00;3.225046602899047099e-01;3.994693726021850688e-01;1.137381097628914040e+00;3.104727541807514313e-01;-1.625492270199832667e+00;3.263883669087142003e-02;-1.127263792554147104e+00;-2.460596432765468364e+02
-1.092312764672578984e+00;1.091310120594269018e+00;1.920491164900315906e-01;-3.091164642025013842e-01;1.417169136399047402e-01;1.213097699979183375e+00;2.319329539981694221e+00;6.091381209071770053e-01;-3.164084496948019187e-01;3.933178393943718709e-01;7.377937464062030415e+01
2.906664931130495955e-01;1.103173938793639675e+00;-1.199282421964132261e+00;7.495825713736299356e-01;-1.588989602477775431e+00;-2.272141655570607099e+00;-6.050636907219706373e-01;-3.201880448707080523e-02;3.285347539139482631e-01;-5.615986763768688883e-01;-2.005946370666138989e+02
2.143007054584909810e+00;-1.330031639300635893e-01;2.537372967748331432e-01;-1.793076397912389597e+00;1.156006669451127067e+00;1.587560509375428308e-01;-6.084939037312018240e-01;-1.320892282506161086e+00;-4.697644643371368112e-01;-1.007867913222130207e+00;-1.032515462622109794e+02
5.009173290858575101e-01;-1.364105993818358398e+00;-2.285777244494950011e+00;-7.825913625481332181e-01;1.223936344237890106e+00;1.605355962361806554e+00;-1.571419998338300372e+00;-5.318777502893285991e-01;-9.823242722767758783e-01;-9.323712431819871638e-01;-1.711352983128591916e+02
2.637881752260200052e+00;-5.696989629257314114e-01;-1.003438903499503487e+00;-3.313522990878491892e-01;-2.205294372755906007e+00;-3.863224754471755173e-01;1.389764133946355562e+00;-3.578279334412668988e-01;3.018733807210117748e-01;-1.345209670808602542e+00;-3.408767648507119219e+01
-1.534114170735622285e+00;7.116148780888897907e-01;1.179297184063826442e+00;6.751848141010895199e-02;-7.484865365565536166e-01;3.323140119795916503e-01;1.551151975522522930e+00;-1.124642091837869229e+00;1.277676821898509063e+00;1.156746342928586663e-01;-5.432692647833771105e+01
-8.811413088777623193e-01;1.085188916134361303e+00;7.137352196613599986e-01;3.279703904722328089e-01;6.590680288024852729e-01;-1.064496421172952845e+00;-7.427455710970785052e-01;-3.845824437202129409e-01;-1.005712980422521108e+00;-1.033028845034943854e+00;-3.053837697664866369e+02
-8.463597198869728944e-01;2.783486346446695792e-01;-4.166253056154625156e-01;-6.312301311124825232e-02;3.594757975471255529e-01;-4.787585715216885474e-01;2.349075786700757451e+00;-5.092133625991345225e-01;-5.849076534177698461e-01;-7.160434362758403282e-01;-2.568484609848089235e+02
-7.483831806910333784e-01;-2.799661328065292110e-01;7.540858050384984246e-01;-1.583196125953785505e-01;1.715118218178780074e+00;-4.128077339237078147e-02;8.220292626279648851e-02;1.127489380767496691e-01;-1.276618200244661105e+00;-3.315937789315453466e-01;-1.245057666294395915e+02
-1.892033572485670057e+00;-4.112604304834833191e-01;1.130526619537310928e+00;3.080713499795013910e-02;-8.616210409949455473e-02;2.284821777181917368e-01;-5.630810770523736464e-01;1.456169968268912485e-01;-6.213606646930851934e-02;-9.465645185278148688e-01;-1.686961833487168576e+02
-8.908316801307819555e-01;-4.821242843214694207e-01;-7.334251668172389049e-01;-1.100632162840769687e-02;-5.401390394636103043e-01;-7.387152655423863123e-01;-3.548507313518154960e-01;2.366469126728497907e-01;-1.948378506732151294e+00;-9.589140900059879291e-01;-3.920340609963408269e+02
-9.855396007209299425e-01;2.436572237027144205e-01;-8.568518651277993170e-01;-1.126053960911050256e+00;-6.263152761830069748e-01;1.105353174739401312e-01;4.940639189755196559e-01;-1.090208406799429763e+00;-9.697437196346744281e-01;-2.854626662904391043e+00;-5.738063534827981584e+02
-2.467372805534749358e-01;-6.298248042464098528e-01;-6.180320739060578550e-01;8.452803046068483317e-01;1.930221327179428847e-01;-8.013706787980917623e-02;-1.030825126719448592e+00;1.461992830868320326e+00;-4.109350765738617461e-01;-5.648714942069116285e-01;3.374330551506348286e+01
6.190831693880101128e-01;8.810621873806654403e-01;1.633346806775384519e-01;1.461717016257118251e+00;1.269255671898620541e+00;-6.560972360056414043e-01;-4.973171463576695484e-01;5.405895418122408369e-01;-3.755089806394995011e-01;2.940820387932140956e-01;1.271866528740886793e+02
2.968271085458803471e-01;1.415910640492676675e+00;1.426536154406640167e+00;-1.252411184485544560e+00;3.925478152374059504e-01;8.524088777981969622e-01;2.385841879306048463e-01;1.001064842570763336e+00;-2.132884133859471731e-01;1.042865409559608603e+00;2.827124142707911574e+02
-7.793753252601169912e-01;3.429263773213425681e-01;5.305931293261903492e-02;8.652897561352498323e-01;-2.104582798765332274e+00;-3.089600145979073953e-01;1.380784084175468440e-01;1.243469128345963570e+00;-6.518885825313808224e-01;-1.886128703951026164e+00;-1.944130883664330156e+02
-3.236827540411877369e-01;-8.591042740501406705e-01;-3.162965363648446160e-01;1.158667023341301672e+00;-7.581638194999281710e-01;-6.507936550684602084e-01;-2.287843439193815442e-01;-7.245322690342489436e-01;-2.665473042807472992e-01;1.676915348595612587e-01;-1.636701064484473420e+02
-2.172669546014036168e+00;1.107080669286972796e+00;7.094518171390394867e-01;-4.354863705698433507e-01;-9.053328230416077260e-02;-5.353281859539227305e-01;3.319803305690145478e-01;-1.203811639535982414e-01;8.474216771504216039e-01;1.904996797790663998e-01;-1.112084887399454232e+02
-7.232900130230689173e-02;1.948388189855969066e-01;-1.372791249746408981e+00;-5.039306799613394450e-01;4.868859503005718570e-01;-7.010635309791870551e-01;-9.015654953035160402e-01;-6.970789128006967816e-01;-7.376262652708545087e-01;-7.681942350054822288e-01;-2.910060839698340942e+02
-3.877609228162240962e-01;2.385575315418043130e-01;-6.773622287217693216e-01;2.093543301876147344e-01;6.973874787119347385e-01;4.529291051558021267e-03;-7.256676028830205682e-01;-4.334316376401445847e-01;-8.777773064358103117e-01;-3.721785866377394503e-02;-1.597664872056021466e+02
2.449665711087227749e-01;-8.222203955664314501e-01;-7.184442212524360105e-01;-2.134471517118472494e-01;2.320499373576362934e-01;-4.710383056183227724e-01;-1.448084341497324123e+00;2.436872114919123034e-01;-5.069431753711297617e-01;-1.407463774376555232e+00;-1.971721286207680350e+02
-3.464265060068996149e-01;1.855503314794263003e+00;-1.179369121632617201e+00;1.722543864110374912e-01;-3.363869454111362289e-01;-2.626595203161677383e-01;9.603047962814703631e-01;2.242347445352917690e-01;-1.611567359102827890e+00;4.624836240668540599e-01;-1.440906008978250554e+02
-2.213982581850948705e-01;-8.160230719462030491e-01;8.586634390775746972e-01;5.429852023911051484e-01;1.797016516497954131e+00;1.601118685639268957e+00;-2.021993522748063210e+00;-8.491396465129920079e-01;-8.041376881606885352e-01;5.443227047657362982e-01;7.131083666004924737e+01
-3.236490447091610601e-01;-5.844934327943986929e-01;8.549446510561494739e-01;5.344685350685111080e-01;-1.297908292046934808e-01;9.221734565070862644e-01;1.023702336590098572e+00;-3.722565201257048151e-01;-2.266932698987192685e-01;1.537854951326481645e+00;1.608004647200141903e+02
1.285486949708985360e+00;7.565941185064321006e-01;5.106788831660388217e-01;-1.609287086687434032e+00;3.995845532077593187e-01;-9.395236563228440141e-02;-1.170514930128908837e+00;-2.047852576057357654e-01;-1.204814340937454986e+00;1.031761904499624682e+00;3.991598351106494391e+01
2.353171684846372125e-01;-4.150913367253287189e-01;-7.589878507966074661e-02;8.031957262521190188e-02;6.623061423683020976e-01;1.558349960141977686e+00;-6.903518661262890710e-01;7.051486589381766867e-01;5.650767442926739326e-02;-8.586390079776184958e-02;1.962742024248934456e+02
9.980841726036552286e-01;2.208046047543548163e+00;1.298541329769083763e+00;6.140362639572081171e-01;1.476743670788290830e+00;-1.037795473018183978e+00;-6.221274803563889844e-01;1.254086794758444146e-01;4.320404868550389854e-02;1.535530773371882374e+00;2.619445112654363470e+02
7.197579421481818951e-01;1.804348109786743093e+00;-3.130580305231543403e-01;-7.085945766459172132e-04;4.724062778803773677e-01;-9.564363768180087488e-01;1.484116028535964915e+00;-1.909037917272986828e-01;-1.293272957871163698e+00;3.556133487856599773e-01;-1.051219053458313084e+02
-1.441910356111809177e+00;-2.023389068700875426e-01;-1.293122250404970419e+00;8.387250176093363763e-02;7.890752013999099423e-01;9.531762543293538226e-01;-6.292206728473623834e-01;-1.832452432092819272e-01;9.459295852703784035e-01;-7.067067683730057226e-01;-1.096040130616372608e+02
-1.001727687867565858e-01;-7.131923043661327899e-01;-4.201915391156093270e-03;1.705362356513083988e+00;-3.390882945268270388e-01;-4.597413950630391821e-01;9.600926799704996573e-02;2.263042077451344058e-01;2.149259647767056969e-01;2.020745061613126725e-01;5.067073314846594201e+01
-8.072156774844397864e-01;1.258886205742821618e+00;1.235943202228103388e+00;-2.020056414523225374e+00;1.558294956772448003e+00;-8.047518137191378429e-01;7.903910765354695833e-01;9.468138947073004297e-02;-5.786615921434101750e-02;5.205124966282795862e-01;-1.784095080515782783e+01
1.311480818960295114e+00;6.841049909347409752e-01;-2.145025668242192263e-01;5.511266040869559069e-01;-1.248302801869318079e+00;5.002383506982397421e-01;9.417646917364227988e-02;1.345832848122467951e-01;-1.141415792227219228e+00;7.403334225564788262e-01;1.148041781585235981e+02
-5.698329282387587513e-01;-4.551224530124216988e-02;-4.500128579958136976e-01;1.257149216862572860e+00;7.505791675217655667e-01;-1.517173696671679117e+00;-4.161944048852539435e-01;-4.242363333980435081e-01;3.295087355730091372e-01;-1.130069339040357779e+00;-2.229360548425617878e+02
-1.504720374031002228e+00;-1.406317463671833856e+00;3.191745104191804350e-01;1.340450446023144560e+00;-1.457551499464930567e+00;8.243975293450328534e-02;-3.092090770498634456e-01;-8.310557262869476547e-02;7.600559636896025983e-01;-7.521564055905831658e-01;-1.081865696862474664e+02
1.218608174334496530e+00;7.332158376215935913e-01;-3.012191440531823972e-01;-3.389276313491428883e-01;7.018585242274462399e-02;-1.798500495184674142e+00;-1.013793740969723078e+00;6.365420380756675600e-01;-3.501910303540016201e-01;-7.235051090620076009e-01;-7.466094697311390860e+01
2.811920179102754269e-01;-2.730067480225845111e-01;-1.617171890045544513e+00;3.463127102248865774e-01;-1.224359897473974723e-01;-1.530279135929787593e+00;-9.085025115121910799e-01;5.850213322877982902e-01;1.832561240356012533e+00;6.041074554390440943e-01;1.353981280413236163e+02
-9.899577925520138821e-01;-4.969320251179782377e-01;7.828737349485724861e-01;-4.311255695750990657e-01;-1.114046450161993329e+00;-8.110008636288448258e-01;2.586611478553881294e-01;-1.825689743795411157e-01;-3.500761000623590219e-02;2.127397758576603237e-01;-1.399674211621710640e+02
5.218912341350844253e-01;-2.431121163971627919e+00;-3.094289249091389582e+00;-4.472243596775237751e-01;-9.780742626635523518e-01;5.627198600820791929e-01;7.237551561489243002e-02;1.087940253268552038e+00;-2.786647714245877872e-01;7.947740384603356745e-01;7.686902826446726067e+01
-1.383340776971610397e+00;-1.899670280858881233e+00;-2.252793394731339216e+00;3.359681734405766118e-01;-8.980272263244584163e-01;7.841464163534984655e-01;-7.660452024003998606e-01;-1.282634804838308218e-01;9.017286971402739271e-01;-4.612670504983072406e-01;-1.260653370236511819e+02
-9.766203158635560211e-01;-1.165713464533286586e-01;5.647762643141505112e-01;6.844861335529961455e-01;-7.656111570301877833e-01;-4.238335382064831736e-01;7.341063358072487111e-01;2.141689411317498348e-01;1.602688574175767100e-01;-1.537707808530002440e+00;-1.924692344710646523e+02
1.669069525826331057e+00;-5.561187467607805468e-01;5.859042011646491410e-01;-7.367701359476219736e-01;-3.220281544920584049e-01;1.614778790709851419e+00;1.325432109095078470e+00;-1.300602935536200322e-01;-9.425580057918763188e-01;-1.406815009497538238e+00;5.155938658019336174e+01
-8.451539584261589244e-01;-1.194522939766035075e+00;8.811467208133690887e-01;1.325688734407229471e-03;-1.594755958163332377e+00;-3.392522592790887803e-02;4.206996310184788479e-01;2.858032867947329358e-01;5.533889830744267435e-01;-5.779207768327105921e-01;-3.858276767373704530e+01
-4.061514165738035476e-01;-5.225209294096369028e-01;-1.006958728171770123e-01;-9.463138227477964071e-01;-1.181193539429498118e+00;4.513475478646326589e-01;-7.282243259034207328e-02;-1.451103986466738549e+00;-9.469827656173481767e-01;8.380140545363103932e-01;-2.028251522441740633e+02
1.176010985197706527e+00;1.253058210243914283e+00;1.183302188982021802e-01;-1.116064176071895009e+00;5.085353176271307785e-01;4.301429743153712959e-01;4.226286171925659474e-01;-9.024288144032203973e-02;1.134768614866765057e+00;-2.013824756281077821e+00;3.068933258818729470e+01
-5.385264535684786136e-01;7.123139745901450881e-02;-1.547278551246918932e+00;-1.209422453891834337e+00;2.071171302533110659e+00;-1.251749202948624073e-01;-1.740679436487383436e+00;-9.041388431014800720e-01;1.515176393443555813e+00;-5.221301862257478055e-01;-1.074942404221867633e+02
-1.027251887505128858e+00;1.871071001250919075e-01;2.839110587363808946e-01;-7.062904550829715231e-03;1.484641861876507596e+00;6.255913025065598099e-01;-1.026353622389896136e+00;3.884246136775064140e-01;-1.601181198811572948e+00;1.589441283561698448e+00;4.109918753957524018e+01
4.522270899998256238e-02;1.180640912452144642e+00;5.002404694365698568e-01;-5.336003064391668937e-01;-1.372465547884100801e+00;-5.017841928115319705e-01;3.229745036176681627e-01;-6.273134459513028949e-01;5.119790188108534063e-02;-6.100397185538355277e-02;-9.963129940056455780e+01
-8.374057253154912894e-01;4.416625641860606466e-01;-2.368916132808056643e-03;-5.436068960930525718e-01;1.785291697204778594e-01;-1.423958112197606818e+00;-1.964536038102924653e+00;-1.433730024810228487e+00;-2.106889114626080861e+00;-1.481145724621715676e+00;-6.423488804813888464e+02
-6.347954821042418594e-01;-6.993188732566718580e-01;-1.195070563515056250e+00;5.351427431356023390e-02;3.945236051618757345e-01;6.830625815082649321e-01;5.605292848705126785e-01;-1.197853745325910824e+00;-1.613130018914688657e+00;-9.544040505751427705e-01;-3.974318307863705400e+02
6.380511014407571624e-01;1.732514999485091911e+00;-1.681438185847896061e-01;-4.720905776971273671e-01;-5.426737997340217445e-01;-1.801057734152738954e+00;-7.877837519082389051e-01;2.231300146192632283e+00;5.008444749444569410e-01;-6.208475982511160174e-01;1.262131149149105909e+02
8.452732970420956393e-01;-9.125881981776265972e-01;-1.012685563368492803e+00;-1.759958882149250226e+00;-5.417732360116018775e-01;1.515318094323801823e+00;1.674270766071130234e+00;7.013898938094993429e-01;6.037814695529586384e-01;-9.009211185541528000e-01;1.147668734554123802e+02
-2.894832691878494457e-01;6.410256495022531587e-02;-1.074462766356002019e+00;5.931709909980298345e-01;1.970678391466490931e+00;4.260250117929784142e-01;1.268965025431633142e+00;-1.472698275129453171e-01;1.710775777694386601e+00;1.703270926017344866e+00;2.924402960916751226e+02
-1.564854424955460566e+00;-3.521804481195873193e-01;1.688822192302676717e+00;-5.854450209199681954e-01;-2.783716223798098799e+00;-4.786921889391911877e-01;-2.387096830945271628e-02;-7.051955272741913805e-02;7.656431064826951793e-01;-7.415712588935076122e-01;-1.559856344563531820e+02
2.174390807258423652e-01;-2.249202309355217144e-01;1.380123289585399871e+00;5.593554097154360694e-01;4.126413614429657040e-01;-2.483031412664709822e-02;-4.298328231478535377e-01;-6.274611664757017149e-01;6.614111514900174182e-02;-4.865856697006532561e-01;-9.052376465366588576e+00
-2.067442100039876607e+00;3.840654489393072746e-01;-5.138669173366935405e-01;-1.059213521888951570e+00;6.696725488300384610e-01;-1.304469500504853219e+00;3.665982460968482681e-01;-3.269474809409311095e-02;-8.912003951278840708e-02;-9.398797863273552489e-01;-4.014936341924121166e+02
-8.228676049979778417e-01;-1.163002857783444144e+00;7.836604742267077039e-01;4.423362599761971881e-01;-7.966125696279786617e-01;1.467375988327678238e+00;2.001380500161048515e-02;1.406807528732965107e+00;2.969509507745664578e+00;7.536442816334635308e-01;5.259769608349174632e+02
-8.541883283306647701e-02;2.435985124229243404e+00;-7.480718043216674218e-01;-7.425210749308240599e-02;-5.133966807760614870e-01;1.104175156543675484e+00;2.061353796226038093e-01;-1.335016245648023903e+00;1.941746122051702717e+00;-2.111679984823413778e-03;6.910228154531132816e+01
5.795812479848041487e-01;5.762276315959555251e-02;-8.042679214494172779e-01;1.650406365377391493e-01;-1.199446257955359973e+00;1.394151593464063033e-01;8.259051687541311970e-02;-2.465536075759898749e-01;-8.708988204679343204e-01;-1.298363258494033556e-01;-1.029348662491720887e+02
-5.773420157083337667e-01;5.884361802403073050e-01;-2.427285893110286141e-01;1.227289077054836974e-01;-1.411496723428056765e-01;3.287761187388738904e+00;-3.257388931826199485e-01;4.375062034730363147e-01;-1.509993170579206900e+00;1.133344639053018438e-01;9.472873915682428958e+01
-1.185814911014945183e+00;8.944588431051290200e-01;-3.617169878172645792e-01;1.786697752190720412e-01;5.102522224050185518e-01;6.611529286613465617e-01;2.620165743584757512e-01;3.343747468732986006e-01;-3.247419350819738537e-01;9.334229544758642083e-01;3.355512070250409096e+01
2.022174100087378523e+00;-5.674472812283516410e-01;-1.980736301493601637e-01;1.300625401055958807e+00;-1.782115081984828819e+00;-1.929813677606896094e-01;-2.343039101651840816e+00;1.801528407832186041e+00;1.831177135565887459e+00;-6.140381615494111545e-01;4.399639089218320578e+02
-1.236593824236453636e-02;-1.496359442517925242e-01;-7.113199105465681793e-01;5.951311859137685678e-01;1.471708898361890450e+00;-5.008059885646663767e-02;1.776980457902398169e-01;-1.336977958140554312e+00;-3.283209426905598360e-01;-7.946591841458039429e-01;-2.296691399740147119e+02
-6.710148456624536184e-01;-1.771896682246443699e+00;4.780378151922834440e-01;-1.439608130798827323e+00;4.335416104725293152e-01;-1.104451827854996182e+00;-2.225749272248529476e-01;6.368701583954031742e-01;-1.095839163003957895e+00;-1.681968783985410720e+00;-3.314767557792885100e+02
7.582447761547976839e-01;-1.254401059727501266e+00;2.868638428193504009e-01;1.325263603127388556e+00;-2.011981365705703073e+00;9.031675919947764752e-01;-1.731324578876314968e+00;-6.655338670086792252e-01;-1.754870851542251309e+00;-4.989787430558854098e-01;-1.428784222825624965e+02
1.471034690817103918e+00;-2.313009429296994379e-01;-1.443604262169764896e+00;-4.829098394605176869e-01;6.653689350328300112e-01;-1.037066073569996139e+00;-7.961368031864953787e-01;-5.764195763348438639e-01;-6.994952201676432058e-01;-9.500634974661271714e-01;-2.080403697710363531e+02
5.963036992017412691e-02;1.399355436586002144e+00;1.049552715319335139e+00;-5.352352115605679694e-01;3.934853854217496005e-01;6.982233136135899132e-01;8.951932200277322726e-01;9.246336829127688173e-01;-6.469367777055738955e-01;6.351718016819695167e-01;1.894776577178772925e+02
1.868603219163002427e+00;3.019609001717646901e-01;4.382879946042825964e-02;9.558027451124808671e-01;-1.147159511011711430e+00;-8.021994080351791956e-01;1.089904959090830294e+00;-5.474075227668729893e-01;3.480754049983220133e-02;-5.711839740841865298e-01;1.067607267219756473e+01
-7.020635623553119764e-01;9.969574815226197595e-01;3.535139844484254112e-01;1.895598605086756816e-01;1.908799359187080547e-01;-1.475871097101411733e+00;-1.311204632496719980e-01;-5.046045954849742721e-01;1.502727680799285315e+00;-3.432260687046758685e-01;-6.344689463655844008e+01
-2.134428709302080007e-01;1.530750832343697354e+00;-3.881768185412287631e-01;1.704162223754877026e-01;-3.370859711180393403e-01;1.486674572021115526e-01;-6.134026635409397521e-01;1.218761851697316656e+00;1.490726136849952033e+00;-3.024696864881283309e-01;2.031616832757193833e+02
1.213179188391589891e+00;-1.451226298901158396e+00;-9.001602278736628993e-01;-4.134487034717952980e-01;1.202249003361171020e+00;-6.172857068788871748e-01;1.206535723454302378e+00;-9.242684025950715920e-01;5.328917202270399001e-01;2.690526930157071117e-01;-6.827184077138685581e+00
-9.741218462163683256e-01;-4.235985817281771038e-01;-1.969218079968895474e-01;-4.645810781156183289e-01;-1.597872134494837670e+00;-1.307369782230964006e+00;-6.300249795338943581e-01;-1.365617404190149431e+00;7.034279167873087601e-01;7.319555025098457568e-01;-2.387324362237010291e+02
2.775158588818902317e-01;-3.095098859272292779e-01;4.131474759526224116e-01;-2.332084982063939715e-01;-3.774234011303296832e-01;-1.383352820163779029e-01;3.157771283044298105e+00;1.920042369686767447e-01;3.201878549218730163e-01;9.067872729323986913e-01;1.334137195040674442e+02
1.663388659506558342e-01;5.100987312072730040e-01;7.018822520592938874e-01;1.338519508581272222e+00;8.543693203494213684e-01;2.069947739069678772e+00;1.862759686380282220e+00;-5.725860481265272472e-01;1.236204978259596077e+00;-6.293742112064557581e-01;2.314410370392485277e+02
1.305422924283584363e-01;1.402209589503269793e+00;1.150255663428071395e-01;1.008762507133135200e+00;1.996152319754925575e+00;-3.891350959765637607e-01;-8.121571305340673508e-01;4.282543975168632278e-01;2.148647094638650445e-01;2.109261619639301033e-01;1.280682215076121224e+02
-2.689985248938458681e-02;-1.264337301762356924e+00;-2.007303899675302983e+00;-1.747884594661855528e+00;5.737555380698128316e-02;3.276392367214207013e-01;6.080926239670688682e-01;2.482255074103418280e-01;1.686927448093920034e-01;9.743628697865848454e-02;-6.113806345001374609e+01
6.337768809320984964e-01;-1.187598419029512797e+00;9.638791167949096739e-01;2.210523001591351289e+00;-1.298206997334261648e-01;-1.852876588777082889e-01;4.381147197910959662e-02;3.098207102270275071e-01;4.137990974514982323e-01;-1.470020016284886155e-01;1.934637680683439385e+02
-9.262391125885508503e-01;6.463201631358254096e-01;4.137542029473875727e-01;2.424501806358193845e-01;1.235431775756800743e+00;-5.993557050529969565e-01;9.502788527207305103e-02;1.474497367570514639e+00;-2.617807223427067731e-01;1.728329380566333340e+00;2.092558942216375044e+02
3.605800158863015636e-01;1.210338785027424008e-01;1.722627660704549202e+00;-3.010522516313516750e+00;4.892397754123562481e-01;8.174849807703191695e-01;-1.966048412967918102e+00;-2.056519118533864654e-01;1.396943456232821124e+00;4.433759821023751657e-01;2.216704189955524100e+02
-3.723183535704842062e-01;-4.286022369487100803e-01;-9.325593884467053840e-01;1.858802635580515172e+00;-3.940904789805769748e-01;5.488785155203335098e-01;1.160048428906408580e+00;1.068704980134617788e+00;1.565454659959112149e+00;4.453967721142856884e-01;2.982073684692551865e+02
2.644816849513739188e-01;-1.701140474267241798e+00;3.149718715553321835e-01;2.149828174545479476e-01;-2.927579187724547172e-01;-2.168270502221433804e-01;5.019002337006719383e-01;3.740620881310435242e-01;6.370235976577090509e-02;-2.881660158862331053e-02;2.391565351268448580e+01
-1.241299272740956861e+00;1.515396749263592469e+00;7.034935227111718259e-01;9.944102812176301986e-01;1.418780426284953211e-01;1.256221344441358800e+00;-1.148840119615863520e+00;7.642925814204332147e-01;-5.724750238115908774e-01;-8.189524449737208833e-01;7.818790539763636360e+00
7.229969346243232398e-01;-5.461661042180196990e-01;-8.180021847417462411e-01;1.230186735267556203e-01;8.219214824159002397e-01;-1.118231939356031379e+00;1.680765713388189919e+00;-1.414463011366320799e+00;1.237738105749225159e+00;-2.246201757120979380e-03;-6.718297358969000754e+01
6.719446078144974965e-01;-1.269998597393875883e+00;1.029413100955326010e+00;7.967019270707420553e-01;2.495481895980770082e-01;-9.944285217997922421e-01;-1.183056184734389005e+00;6.688401305462181590e-01;3.842020720058965111e-01;-2.527632550961853575e-01;1.136905740217166567e+02
-7.677291427686120384e-01;-6.196237546892898740e-01;6.876175084478278188e-02;1.054183164637307435e+00;5.018943898606219589e-01;-3.235910712810315948e-01;2.099249519255089957e+00;7.524362008174793059e-01;1.445635046658086953e+00;-7.062233540680765698e-01;1.090221662014059660e+02
5.985950914443921578e-01;1.438195585208748239e+00;4.423021561353406295e-01;-1.789045154246322156e+00;1.387965583973367556e+00;-5.913493797982777300e-01;-6.328075992221822155e-01;3.342754660765210883e-01;7.385660392020614307e-01;1.406232359262552967e+00;2.358356640855749049e+02
-1.027403551526010927e+00;-3.918767653868663881e-01;2.678436378663333062e-01;-8.235349706258494606e-01;9.282456913443245528e-01;6.445184916452914026e-01;-4.965317354819690499e-01;-1.017764309076953033e+00;-3.732682459413140807e-01;-1.153492425984783853e+00;-2.561153058794267281e+02
8.277290378542574711e-02;1.959837254744674961e+00;-7.114621940837048131e-01;-3.844568789770916317e-01;7.451508642848173603e-01;-2.384306788785745645e+00;1.341664159958435298e-01;4.506130494313883017e-01;3.678283317423478027e-02;4.283420506607249489e-01;-8.974839739239777714e+01
1.341330069549680148e+00;-4.735233815541973756e-01;-8.291434854434051038e-01;2.166541170356351895e-02;-1.447217779257958359e+00;1.352825085523179094e-01;-3.092439076327296310e-01;-1.816451389062334887e-01;9.242114733923628700e-02;-2.413149037447286926e-01;1.904426502880646410e+00
6.826525072925880844e-01;2.034749158152590276e+00;1.280988843589866699e-01;-8.168615002149580695e-01;2.167912776044932932e-01;6.273984856213408179e-01;5.198290026710267187e-01;8.215641246246143670e-01;-8.033787071662901180e-01;-6.845856191413306480e-01;2.822318695447674486e+01
-5.321438901731020410e-01;-1.476657223518053286e+00;-8.642852619405357872e-01;1.135620585491476042e+00;3.780462604278831962e-01;-1.123878405125594115e+00;2.459871985029379982e+00;1.057801007541918414e+00;-3.885682204912029314e-01;7.814972394606319872e-01;3.291728318674233833e+01
3.627929263833515328e-02;2.515928072617374389e-01;-1.300139732551310323e-01;4.168120721690878050e-02;-6.616244153488003849e-03;-1.370256589207885956e+00;1.190728648979845428e+00;-4.878690880737953650e-01;4.576097419403722943e-01;1.761501893492003035e+00;3.356176825443561995e+01
-5.456553943625844783e-01;1.980786170315993466e-01;-2.429755297682544946e+00;2.357870641980336635e-01;4.323168964489036703e-02;4.653840768191756516e-01;-9.024147207441254315e-01;4.793542588185019104e-01;7.786827457257895491e-01;-4.818643154847230825e-01;-2.848650084875296429e+01
1.586833236187288887e-01;-1.584327577848397173e+00;-1.940801323330949291e-01;1.278485207451672157e+00;-2.015221905432376559e+00;-3.779897459852176733e-01;5.933365996313634261e-01;1.424283414273857407e+00;-3.960839660792687678e-01;2.618572072457253097e-01;7.801265069012127640e+01
1.475454131042294170e+00;1.432866718820253182e-01;-8.641720791739648799e-01;1.265446414865448871e-02;-6.961170513463017517e-01;-3.347733247048275684e-01;-1.159535550450488728e+00;-7.567803670208671507e-01;-1.446757106328465214e+00;-2.800242329217695336e-01;-1.839583384626405689e+02
-1.199725265090213489e+00;1.290758424122428139e+00;-7.758748231664838180e-01;7.896404566808451486e-02;7.833587105240312765e-01;-4.098012437935330543e-01;-1.470489551231250580e+00;2.587908973530684609e+00;6.989196850807888328e-01;-1.262769775698564079e+00;7.365199254318731903e+01
-5.487249077409614983e-01;-1.285375114389307460e-01;9.694572005267367842e-01;4.271943618716848579e-01;-1.027675140925958130e+00;1.598563919974003711e-01;1.265707840864700673e+00;-1.881849045497639095e+00;9.284490114111471071e-02;-8.661748482145008587e-01;-2.552338832547211780e+02
4.947056537750324501e-01;4.435879751560704853e-02;1.544936655952511284e-01;-3.365525898781733805e-01;1.005924511796416621e+00;-4.093084740957212420e-01;-1.127496098953038706e+00;-1.745707432859652020e+00;3.834350314036441554e-01;1.127908993253569081e+00;-3.020892639173126071e+01
-3.599055371832482475e-01;1.900831815065744834e+00;-9.229768983740939126e-01;9.390648166044979206e-02;-1.142790694996400847e+00;3.990669451976115029e-02;-7.668695251179117323e-01;3.408645992482213782e-01;-2.477071984344973166e-01;-1.784943969191857605e+00;-1.953831818904495208e+02
-1.457299287583831537e+00;-1.757787423942072547e+00;2.274093569143239790e+00;9.403696886232976171e-01;-1.848751771945912337e-01;-4.045150846416953327e-01;-7.697070992378554077e-01;5.705847001198596224e-01;2.040346598906489284e+00;-6.299700318556896717e-01;1.342557791609567346e+02
1.361006704769773590e+00;1.544841462418258482e+00;-1.704621958177115815e+00;-8.313352572149398934e-02;1.477720295302074938e+00;7.654374943750158478e-01;2.454986817943126953e-01;6.040974263555672907e-01;6.479135012338109456e-02;-2.551871715142836616e-01;1.691174764637790133e+02
8.783654898147816650e-03;1.598321807641033043e+00;1.553249991994014589e-01;3.981472651225371195e-01;-5.117635579423034375e-01;7.660907045165961382e-02;-2.104749505719014646e+00;7.335478135058658422e-01;-2.376833169609842977e-01;2.042177910534730856e+00;2.611961068185000840e+02
3.821312758908035345e-01;-1.822534343686601721e+00;2.156627874860643224e-01;4.356831119245030415e-01;4.930864020479376886e-01;-5.445729318237916283e-01;-5.791861411469302334e-01;-1.087933458629074757e+00;-9.906975095362323680e-01;8.228420732163579387e-01;-1.185053139233008750e+02
-1.131584944560839745e-01;1.266661253198412274e+00;-1.779875108208167411e+00;1.064170702341043828e+00;7.413198169079142641e-01;-9.875229624269946660e-01;5.354587474096335065e-01;-9.710620291077330934e-01;-5.552730880131715452e-01;1.209010198900997146e+00;-1.435018293822944599e+02
-1.942570571437406413e+00;1.325004654945638682e+00;-1.079836860126101861e-01;-1.129811231066104871e-01;1.884535964292826937e-01;2.268991611659453511e+00;-1.270488245581821607e+00;-9.723350038161880926e-01;2.359614259100103695e+00;9.632265338939391963e-01;1.894467731020797885e+02
-5.403763389870543943e-01;-3.836655548459369403e+00;-1.077720745791601598e+00;3.431585541974165876e-01;-4.466430468146064259e-01;-3.984452749893668266e-01;6.122698101053926090e-01;1.236832466127266494e+00;-8.014839218310068070e-01;-1.559435779126225441e+00;-2.014466782090385379e+02
1.193242275141431552e+00;-1.549202445147838336e+00;1.460106097757269406e-01;-4.281453309928047180e-01;-1.494407942107424565e-02;3.066969420298376048e-01;1.972579904446932320e+00;1.504212900685229615e+00;-2.812124622882884450e-01;-7.962901889920903642e-01;1.677950199637159585e+02
1.926191475869363512e-01;3.029718735872831692e-01;1.634477466174772409e-01;1.288496213559142956e-01;1.814610634806386735e-01;-9.427271723096598832e-02;-1.313527798353994358e+00;-5.891603879889419915e-01;-1.439999777016610916e-01;3.956972413364813479e-02;-5.374257621332849766e+01
-8.456731044941129261e-01;-1.583054780096637693e-01;9.235086160473686689e-01;-1.050623321827801160e+00;2.412402484067293074e-01;-6.264822212182150074e-02;8.450514569286257660e-02;-1.838538931592096637e-01;-1.409896590667157786e-02;7.979945496122362592e-01;-8.714220138592265741e+00
9.092873966936938501e-01;-9.724506376870051261e-01;-1.507498916601750505e+00;9.918537005078577051e-01;-1.335257354524882201e-01;7.569527361278201028e-01;-5.219555654758967211e-01;4.660667482786037819e-01;9.385710670599392014e-01;-7.471027536670662439e-01;1.587443408389200385e+02
-1.124521679613895264e+00;8.221108472828129177e-01;7.504698619350947952e-01;-5.305199192510610950e-02;1.512162213375470299e-01;-8.494174697163054955e-01;-8.590773163652565270e-01;1.404669757348567527e-01;8.112458341850291299e-02;2.748763336081279721e-02;-1.107420144439682161e+02
6.890613312097210175e-02;-5.275510800076566031e-02;-8.383618800008076910e-01;-1.212657132623313760e+00;-1.312467303448549893e+00;1.177000636790337174e+00;5.363892188475761769e-01;6.534789819517407006e-01;-1.326040782404967477e-01;-1.671147164795348861e+00;-8.361394362377433254e+01
-1.843793583480745735e+00;3.017000089017355391e-01;1.430487698789523476e-01;8.496119885162131125e-01;5.362909095171899398e-01;-6.407776414871663162e-02;-2.196127821099946420e+00;1.755362295785979077e-01;-8.903178480198717937e-01;-1.621239754798584343e-01;-1.999113368760821459e+02
-3.741735848034373202e-01;-1.284415026955090910e+00;1.747237328509891219e+00;5.557313191030023303e-01;-9.615226873292143095e-01;3.248205475324365821e-02;-1.135391323873231384e+00;3.125151661955613558e-01;-5.809770140746456368e-01;-2.615468960003849652e+00;-2.194143710176088007e+02
-6.604473680075831910e-01;-1.097643363578610920e+00;5.794987376006448532e-01;-2.642092849943651345e-01;-1.040467307889566095e+00;5.095013828244059351e-01;-1.457273658199452981e+00;5.079326699620159147e-01;-7.794562012522322503e-01;1.725998002094337069e+00;9.660377102308787300e+01
1.954817315532908217e-01;4.914294527201997775e-01;-2.224748967782653741e-01;2.046862195719557853e+00;-2.532246085219685305e+00;4.359753895000458845e-01;6.820694900626312895e-01;5.697603571986469273e-01;-9.884520123930605473e-02;1.261779036619671834e-01;9.498105383360152132e+01
-2.151138001704898939e-01;5.327832093226242405e-01;-2.338978004535939570e-01;-1.960932106769378847e-01;9.022713999434526233e-01;9.943515198154234680e-01;-4.998724304108517758e-01;-8.055266825105205086e-01;1.542276627661302024e+00;5.430322792896523643e-01;1.429282566953159801e+02
-1.917832661798023253e+00;1.746989698175496430e+00;1.646283383583977189e+00;-1.100096962577806092e+00;8.166247432622287805e-01;-1.181190940595717054e+00;-6.348026834673863306e-01;-5.690613908465737003e-01;-2.182101294200962105e+00;4.609586418573020650e-01;-3.868696071701264714e+02
-5.642475986573886049e-01;-5.518581458924467498e-01;1.024062525811462399e+00;5.925269492011830952e-01;2.006092888159122900e+00;1.542109952567875641e+00;2.061503576636397828e+00;2.558199285668252276e+00;1.845513031970369699e-01;1.208366230593142410e+00;5.426266782627374141e+02
-1.687279079641168522e+00;-1.124121858860773315e+00;2.037210639718357807e+00;1.470768274459739733e-01;3.271705528777902328e-01;8.715559662881419145e-01;-1.121134012757922127e+00;1.025414398175224090e-01;8.312111031997557742e-01;1.380138938868514797e+00;2.256009702721293024e+02
7.679376635165371390e-01;5.981721503347945390e-01;-2.283238634615039508e+00;-2.134326970879245056e-01;-1.088486250691616947e-01;7.142083258109317712e-02;1.032974234914030953e+00;-9.755329356146319464e-01;-5.263908651106777858e-01;-1.309976554374999491e+00;-2.819481403096219196e+02
5.906880448441909071e-01;2.455281720561682257e-01;-3.340530820568454740e-01;-1.298741686610491941e+00;3.031538283762733599e-01;8.240865805442636471e-01;-6.352613845586089214e-01;5.585581532815719896e-01;-1.408984299951734798e+00;-7.496669509459138458e-01;-6.237042956209642597e+01
9.011117810621716018e-01;-2.679984485964468810e+00;2.872203451752794456e-01;-1.979319794852695269e+00;-2.565948357895235232e-01;2.143444818543648100e+00;1.469922842885555969e-01;-2.935668365908861710e-01;-6.117678621927193916e-01;-1.363103080581593796e+00;-2.319196684003814113e+01
7.362681423567134752e-03;-5.477836033882509809e-02;-1.730262730484344980e+00;1.333885745500572817e+00;-1.436253864928117796e+00;-4.876334209549628151e-01;6.939232331912581486e-01;-9.224129848439532875e-01;-1.478546936998798911e+00;7.165893397596516667e-01;-2.711476165516686478e+02
1.712040284017892544e+00;1.220821298813047795e+00;1.279518669760158822e+00;-2.216818839354064430e+00;4.754306825266234604e-01;4.347700645568911559e-01;-7.955570679408823231e-01;-8.767737812118447938e-01;-1.747636509828261575e+00;4.243939378610125934e-01;-7.647530668446059110e+00
5.469486537462615872e-02;-2.587644118723787523e-01;4.371039699198384781e-02;1.222807922133408276e+00;-2.781198643663340686e-01;8.530151882434975352e-01;-1.903759405644593450e+00;-4.970524868356822612e-01;4.414197598929505140e-01;-4.828777192911348770e-01;3.233379236390478439e+01
1.434309669352076044e+00;1.072541799572758858e+00;1.744583870075248511e+00;8.598335614674577076e-01;4.608248654038653025e-01;-1.963289147838974236e+00;1.048399887813540987e+00;1.428760162036770476e+00;2.847545933855682443e-01;-8.106710543541713332e-02;2.437692885917140870e+02
-1.811989337562054159e+00;-2.385113698693036355e+00;-1.625121258882524788e+00;8.291185317203993155e-02;-1.369895776939423770e-01;-3.138514666234039741e+00;-1.141941819161311544e+00;-5.652587392104035935e-01;-9.506906934152551392e-01;5.990525679643838447e-02;-5.709726190059728879e+02
6.855897462984164026e-01;-8.063769291180498122e-01;-5.618420993516990425e-01;4.793609534294223096e-01;5.309756619640905173e-01;1.166370545669252135e+00;-2.178211319731430340e+00;7.569494000509344178e-02;-1.416485860101268923e-01;-5.294669635070082814e-01;8.228060659396807353e+01
-1.517873746680809433e+00;-2.939669476641822432e-01;7.063158628176451764e-03;-6.603211394734470607e-01;5.752050161065662692e-01;8.903831635197861916e-01;5.006657213812096829e-01;-7.159925185806682857e-02;-3.570292008066093814e-01;4.977368718096007727e-02;-9.460757121155654659e+01
-1.436595298971181378e-01;-9.258899038911498902e-01;-1.169480629203016653e+00;-7.209701084698962870e-01;7.567354061338613103e-02;3.175945658145074707e-02;-4.322951791073302297e-01;-1.136666890814353875e-01;-1.650805650030461036e-01;1.272714733971264778e+00;-1.048531918399864260e+01
-8.506132529519477847e-01;-6.019444419351770437e-01;3.199651911451630304e-01;-1.406943400513169351e+00;-2.218882712922687073e-01;7.556658387443145886e-01;-1.349773069381231094e+00;-6.332313967149770795e-01;-5.410068657828993599e-01;1.768169293059783431e+00;-8.843278493798607087e+00
-5.439834133726836329e-01;-1.953038946710220283e-02;9.610934572320832814e-01;-1.673084012505740015e+00;5.930540502830211613e-01;-1.385360518444494371e+00;-3.885070671188527447e-01;-7.136288932044673183e-01;4.273760454707971612e-01;8.255570748695653105e-01;-1.030228849348029172e+02
2.691269412451073317e-01;3.080505395041023275e-01;1.126050250772168138e+00;-5.139372358848624117e-02;-3.696103360436339691e-01;6.215718898560508299e-01;3.771003939021864704e-01;-3.916485674217911050e-01;-3.431922754974104928e-01;-2.926281368497835392e-02;2.914134065342222968e+01
-6.172845692552189067e-01;2.211333028601532913e+00;5.177207640270724553e-01;-2.567338034800533131e-01;-1.011037130045730592e+00;9.565494617872686289e-01;1.087726751338853104e+00;1.134924281599198226e+00;-6.189834508861229434e-01;3.342999637510083444e-01;1.066331318299307327e+02
1.540441239776673354e+00;5.789286485712348274e-01;-5.166141987601078345e-01;-1.023253223375584442e+00;8.202983745089647005e-01;-6.856749175901302173e-01;-9.509533830944716382e-01;4.600423238604661735e-01;1.255349780288474992e+00;6.959321009408496739e-01;2.794258201347496424e+02
3.674816654743043864e-01;1.752114189085120510e-01;2.056543564829541371e+00;-1.130888435325915653e+00;4.826878872092126849e-01;9.218015019772521912e-01;4.200944904518412737e-01;2.985259002603410039e+00;-3.135296861723979034e-01;6.068505932156710303e-01;4.901324559165173582e+02
6.741440051199891759e-01;2.832249586107184469e-01;1.699742742198642409e+00;5.634043604480524214e-01;-1.466038201448872202e+00;-1.255149067205157731e+00;-1.316862269378585868e-04;-9.589282677146162559e-01;7.162624964685291307e-01;1.791782273613359067e+00;1.493140180136164190e+02
9.877285159245996482e-01;-3.975486965457780131e-01;-1.813424350808176891e-02;2.932844290048520763e-01;9.919263098869546269e-01;-7.798066757376003189e-01;-1.882983446671726568e+00;-1.384518019424996638e+00;-7.756063614376030868e-01;-1.523597810668166685e+00;-2.939755017920772389e+02
7.211618220841550242e-01;-4.506681775680074775e-01;1.038654287319735081e+00;-1.992185566349213621e+00;3.019306350030213637e-01;1.363545946639612483e+00;-5.056205859191884588e-01;2.259602027742478203e+00;2.563246529688533171e-01;8.015976048755348027e-02;3.994426594284730072e+02
5.878558881377350387e-01;8.687725005907710463e-01;1.350852330699005455e+00;-6.536791406374189428e-01;9.297924652940965651e-02;-1.911316891662504069e+00;-4.684961133603157135e-01;-1.186336427109854430e+00;6.197387847028686947e-01;-7.587652579353749704e-01;-1.709532713265802499e+02
-1.045513885685264016e-01;5.393626288786419146e-04;-1.428067176105445091e+00;-9.080669707599653417e-01;1.922224560269452764e+00;5.135213692547353492e-01;4.092125786065467508e-01;3.029623074987310982e-01;-1.394297750204417818e+00;-4.259245993175659883e-01;-1.536654096787013373e+02
-4.524242648090414654e-01;-7.299966715800764172e-01;-2.299357696237061432e+00;1.698266725836872215e-01;1.023821983476529002e-01;-2.143966831621994196e+00;-6.298673491373751876e-01;8.868426594885850944e-01;-7.675070366738104832e-01;9.643037952850441741e-02;-2.643493583613197870e+02
-5.167304375218539914e-01;9.512773888765313490e-01;7.055485647959867102e-01;1.555250375836563503e-01;-2.791058563599465581e-01;1.447857766151363856e+00;7.811569248346499073e-02;-3.278153102393581153e-01;-2.331359325450517439e-01;-4.267864709234250875e-01;1.284875797853542556e+00
-1.325281371952441001e+00;-1.165441526221056900e+00;-1.277371133550617932e+00;9.109070350337492572e-01;8.983025496890353345e-01;1.185163031439340431e+00;-6.937666074967504537e-01;1.470661990652289308e+00;1.346103423862480497e+00;3.424508791769014238e-01;2.603814110916548543e+02
1.032162597659176118e-01;-1.482118370434013066e+00;3.121458966956477260e-02;2.117372816420342474e+00;1.074273297420121676e+00;-3.856375329240596894e+00;-1.684093729347405421e+00;-9.370446851917625386e-01;-7.122010248506275287e-01;5.892282848866370326e-01;-2.961516830555966067e+02
1.515413815348209070e+00;-1.327798673479430924e+00;5.092953236420079133e-01;-6.160712153363236965e-01;-1.167757415899921103e+00;-1.112327469670580715e+00;1.274683849679486336e+00;-2.885329006817962116e-01;1.146487158733038303e+00;-1.135635904757829051e+00;-6.879007599590464039e+00
5.465897256886387279e-01;-5.963246890919207122e-01;-1.403616211071810227e+00;9.492631742823089969e-01;4.912740207262828451e-01;9.661470124092959022e-01;-1.127590951208763181e+00;5.286348153345591383e-01;1.157519605809957719e+00;2.448586988174056955e+00;4.558591591553136482e+02
-1.880288410568784707e+00;-4.093405752186243252e-01;-3.231676657024846744e-01;2.688123564121542297e-01;1.427328651594769404e+00;1.149417717591317417e-01;1.121689142387918947e+00;-1.056111569187086596e+00;-1.025219085737433034e+00;2.290948316463793932e-01;-3.078066577362733369e+02
-1.756868699401501921e+00;-9.633963411985689840e-01;-2.322735027994728141e-01;1.054571174102559954e-02;-1.597484979915866354e-01;-8.888596980356746613e-01;-1.014164218126968331e+00;-1.932065158519959525e+00;-1.268982577254498478e+00;3.389758936682614743e-01;-4.857668091314974390e+02
6.134366424086364761e-02;-4.427170695321754335e-01;1.068161034875984239e+00;9.613603598188131816e-01;1.055365546750706596e+00;2.454097417713398954e-01;-2.220022343532477085e-02;2.385580706395472594e-01;-3.121313675412872302e-01;-1.554715364357459745e-02;9.959183581887103287e+01
-2.968368430235852173e+00;5.520800899233323233e-02;-7.043603242208815729e-01;2.048573002176907742e-01;5.209768734917715749e-01;7.202240169054077157e-01;-6.073230454709150905e-01;-9.298479483926507250e-01;1.349546313833743350e+00;4.276767710099296238e-01;-1.403032951989179651e+02
-1.318401382473466388e+00;-9.409772612827169702e-01;-7.047357387745573076e-02;-5.114375287825395633e-01;7.824660218746737339e-01;1.394524660291971696e-01;6.690752544963648463e-01;-1.388292431484852374e+00;6.009137824153344409e-01;-4.209335645837658513e-01;-2.160176468583939595e+02
-5.969742867210738879e-01;3.791531187261241165e-01;-2.799933018744797386e-01;-1.279030736219786357e+00;9.134737320174065589e-01;-4.122207450244701477e-01;5.376299029498796678e-01;1.230222175650787619e+00;-2.390304367469437974e+00;4.281862478105761260e-01;-1.551711542678541775e+02
-1.199204325095643231e+00;4.596093604893383006e-02;2.559771464187710621e-01;-1.119250242220643843e+00;-1.094494360834896263e+00;5.444598695274622813e-01;-1.402755855504283222e-01;-2.425830362897937742e-01;4.476962663950118659e-01;-3.355158320330660637e-01;-1.196271402960468322e+02
-1.042577694670576260e+00;-1.503204602718720695e-01;1.810627427710823356e-01;1.303278037316063731e+00;-5.505519317084877073e-01;4.643698635465741686e-01;3.163583215361447376e-01;-3.266962131863640484e-01;-1.172233753436640047e+00;-8.852486861242224725e-01;-2.364831714441030499e+02
5.457867135323555274e-01;-6.135876053627944415e-01;4.217800742508708844e-01;1.310191908080897027e+00;1.580892253231844236e-01;-8.113201611750289755e-03;-2.775442563155515741e-01;1.962409406667204592e-01;-2.171571404760447521e+00;1.291273839015878888e+00;2.558864769644390691e+01
-1.859244809487707317e-01;-5.790774987690872067e-02;1.288075724852377535e+00;1.450899926265413614e-02;-1.234511998422396006e+00;2.277086498053304542e+00;-1.031966283847179477e+00;-7.351168007245879599e-01;-1.599394762194311204e+00;-4.402592043864004268e-01;-8.449342354574696401e+01
-5.181340566668573011e-01;-1.570325814253016539e+00;-4.124200698499069784e-01;-1.454892165289310535e+00;-3.232565432512433556e+00;-9.844130461752120809e-01;1.508310748747550445e+00;3.367122954206112073e-01;-5.382371300747891274e-01;-1.000270522776788296e+00;-3.382582671544024038e+02
6.694383715424684356e-01;-3.109714664860723232e-01;1.187427151681999860e+00;5.212299906445413411e-01;-9.650455805761796180e-01;-1.913340334722802849e+00;8.964996702001659656e-01;4.025162097353214286e-01;-1.121264436113448976e-01;-2.740426422034931253e+00;-2.413478756897920618e+02
-6.616898709663193712e-01;1.794295212949332252e-01;-3.400197906234570522e-01;-7.493757172372349229e-02;-7.718027611369632224e-02;3.081283365365046212e-01;5.428637203582199477e-01;1.285759036510566000e+00;-1.140578489488554448e+00;-2.740229086650393733e-02;-5.775058612481007714e+00
5.024996961292902409e-01;-1.633922959059287194e+00;8.202323983059841561e-01;8.173062037383261869e-01;6.933716171534796968e-02;-1.426826576781342393e+00;8.625434846151702750e-01;-4.248313475256384475e-01;-8.907488635522635700e-01;-1.694973438516612640e+00;-2.954177242373890522e+02
5.076118229432474704e-01;3.493635534823797406e-01;3.377768241289361928e+00;5.157196191701359789e-01;-9.744525476102960937e-01;-1.424971171815412108e+00;2.295726410742531254e-01;3.420994815573816239e-01;1.100392892278729162e+00;-7.243636318034607502e-01;1.345390613961092754e+02
-9.042951866515898107e-01;-1.281414979778026320e+00;-4.626292765928906592e-01;4.551756698688243508e-01;-1.902626236431441908e+00;8.145354596953241488e-01;-8.283025395768900401e-01;-7.170634628496835861e-02;7.906177188399772238e-01;-1.459786671917998824e+00;-1.418076871449590612e+02
1.026894618257914393e+00;-6.410812665383553988e-01;-6.051562356059974057e-01;9.104184996855699818e-01;4.158266294553429887e-01;1.618787639660868027e+00;-1.216896710340167109e+00;6.590543439134196602e-01;5.995775412453557829e-01;1.363376513538339774e+00;4.216835661855745343e+02
-1.317131919946584961e+00;-9.457460606967811323e-01;9.753124584779788719e-01;5.156280884439564671e-01;-7.524352373530349691e-01;-1.002217018926724768e+00;-1.466785190615677026e+00;6.082461916849685180e-01;7.760279138434753587e-01;-5.014021468856366681e-01;-7.393320080719649923e+01
-1.795643172630015050e+00;-4.237596820227032546e-01;-7.342333219710378556e-01;-1.415296373378474304e-01;-1.274232119076795122e+00;7.328290818217449987e-01;1.048482651050592462e+00;-4.534141083838540420e-01;-3.300901917014372744e-01;4.877748210843381726e-01;-1.670484950308934344e+02
-2.703713991357911683e-01;-1.415524066913706580e+00;9.131472861134962149e-02;-3.804559041663511665e-01;2.099407520502509339e+00;1.352039365974325946e+00;-4.124812897920302618e-02;9.778722722111375942e-01;-1.389780143192669071e+00;2.159121154603291792e+00;2.564598142714324354e+02
4.023911690282054310e-01;3.812691469679788669e-01;-3.590129760010782323e-02;3.452705096122888340e-01;9.368143169226665901e-01;-1.572267168911199997e-01;4.634449381160622994e-01;8.181755254714744297e-01;-1.205183743791937157e-01;7.268946303543317999e-02;1.441792510566473027e+02
2.945685125751638656e-01;3.197780411268200673e-01;7.110461025453030937e-01;-1.171041039661816274e+00;2.701055430190635667e-02;9.130708059288596967e-01;-1.408423384206008544e+00;-9.716710637250317029e-02;1.889813903893843294e+00;-4.999624972086356145e-01;1.978008458134027308e+02
4.930833152022263272e-02;-7.316317389085280620e-01;2.015275110460640118e+00;1.290644460922547143e+00;3.631156277445233838e-01;-6.082265074447592568e-01;3.111099911431952081e-01;1.890440685155782674e+00;7.688396759688967963e-01;-1.889649292096152955e+00;1.891858489553547713e+02
-1.208482204269076155e+00;-1.848110112388536619e+00;3.886472460333105228e-01;-2.686216239380641024e-01;4.330639467413190946e-01;-1.113064101187177579e+00;-1.864364158215540412e-01;-5.217666572990716789e-01;4.120834648714601367e-01;-4.793539426560843308e-01;-2.328291500333552335e+02
-3.667176685760331623e-01;1.252159036966109973e+00;-2.051052407853855009e+00;3.100688238751503900e-01;3.651810403026460872e-01;8.583732319721272264e-01;2.912836656902563770e-01;-1.229689466343695248e-01;-3.468639879246105950e-01;7.952342492571820021e-01;1.480556666834910828e+01
3.323463714720034656e-01;-2.299455523669898582e+00;1.076034362229507657e-01;-6.085918055692784989e-01;5.737677611445846093e-01;3.010012339184757191e-01;7.807771389598944234e-02;1.801045196539333926e+00;6.594017898484949569e-01;2.709213427074413372e-01;2.885508792726953402e+02
1.190699617555004641e+00;-8.142046773853758301e-01;6.838611139319918930e-01;-1.286469493569412315e+00;1.181221634220601002e+00;3.444449443505802066e-01;-9.614428792448946604e-02;-5.700753391846538065e-01;1.966377417502450098e-01;7.541879610324032646e-01;1.657798784709229665e+02
-6.238402486872604014e-01;-9.117822876686417777e-01;-4.111733955533162788e-01;-2.674630117292513265e-02;9.089374968885997053e-01;1.024773800665010892e+00;-9.970603273632624441e-01;2.594199912631591221e-01;-2.769590942271656364e-01;-1.057251462020103450e+00;-5.661530319299827596e+01
9.063432353971520028e-01;-8.208389588502913448e-01;1.483258884856590853e+00;-2.605576755688532753e+00;4.562033191517432806e-01;-8.012203598128833093e-01;-4.020493002747899114e-01;4.407567544387641645e-01;2.106354452150583922e-01;7.451868818938277572e-01;1.408425703187123474e+02
1.402934257005440111e-01;1.591215290882293409e+00;-6.445077018756718568e-01;7.582823861179210923e-01;-8.242224393674529859e-01;9.076118110467683575e-01;7.936392943301029401e-01;5.427746739125620667e-01;-6.565769633469216160e-01;-8.725112766056362101e-01;-1.043028721077851273e+01
-8.584758911726420028e-01;3.094161851420503262e-01;9.706336726114431768e-01;-1.273255451806859506e+00;-8.459630326292516544e-01;-4.444795298777045600e-01;-1.741764112383302310e+00;-5.643029458106261220e-01;-5.153937981154208536e-01;1.140013286400785475e+00;-1.177035533036311961e+02
-1.155029840408018371e+00;-3.226764649999652179e-01;1.585774568046338651e+00;1.055798238466571837e+00;-6.055696553034318752e-01;-9.968670947568702978e-01;6.488018161515752835e-01;1.485310156415047544e-01;7.599128431764836655e-01;1.203958965010233806e+00;1.066549990833141948e+02
-1.358574015257474343e+00;-1.321365889015472528e-01;-6.812342516795309721e-02;3.639706308527381196e-01;-1.012807187015328791e-01;-2.021798639961947419e+00;-5.984375805810469018e-01;-5.237313027714217695e-01;-1.079736321275848399e+00;-9.665878909853151679e-01;-4.945433767333316837e+02
-3.814894148240927652e-01;-8.839988567464406310e-01;1.591400367762804136e+00;8.767141863861160900e-01;-2.633078068779161618e-01;3.374820747263990728e-01;-1.570248284447078035e-01;1.324971434956455363e-01;-1.320493443405031497e+00;-1.210160943414157808e+00;-1.461651967967906955e+02
-6.713075913710860876e-01;-6.964610897866884143e-01;-7.531173306205799500e-01;-1.122914677447570675e+00;1.234191335009610507e-01;-2.812035954027669038e-01;4.445919950731289649e-01;1.864199525887349607e+00;8.919819661257137600e-02;4.338352400888765281e-01;9.973173422427323942e+01
-7.068534015143436156e-01;7.148166884800725152e-01;1.282108391426512117e+00;-5.472878832053729159e-01;-1.748713037418722083e+00;-1.172282496902952831e+00;-3.078959650384470725e-01;-1.858125013733591624e+00;-1.699791862109306106e-01;6.940200870607419192e-01;-2.775128640977184773e+02
-4.700451851548685944e-01;-4.468640144018954513e-02;1.285500496484413446e+00;5.465612091269875239e-02;-2.290901033831536371e-01;-1.820659493199303869e+00;2.317353765614861061e+00;-3.887452936715014018e-01;3.205064125986378243e-01;-1.086109686325624990e+00;-2.008658372787138831e+02
-4.667588119514405332e-01;-9.657826328639592672e-01;-1.627004920866748749e+00;2.022590230569481395e+00;-1.133830356806354134e+00;-8.176823966051337544e-01;-4.124790118879366752e-01;-5.385736732966242002e-01;-1.482984431982418139e+00;-7.386974983295627739e-01;-3.826521257376185190e+02
-6.866045318482008053e-01;-1.266631995106609621e+00;1.223793622513165147e+00;9.492964983753157115e-01;-7.087782027214981628e-01;-2.678987341584987414e-01;-8.193415927345735206e-01;-9.896509661643634326e-01;-8.456893114465223737e-01;1.158471996473327659e+00;-8.751589823703565685e+01
5.222506360177785467e-01;4.665453114501269538e-01;-1.288307617463537724e+00;2.927154821418533892e-01;8.890371222798920670e-01;2.272434720446881773e+00;5.737444210044131410e-01;1.346225756202748203e+00;-9.791524644290405810e-02;-1.276304416538335929e+00;2.016341311668515743e+02
1.509240019827500667e+00;1.359385223230744177e+00;4.732170658119830287e-01;6.163942905303591013e-01;1.614783254247327271e+00;1.606854981256530257e-01;1.344685173230614872e+00;-1.366211590902226103e+00;3.821171705925178741e-01;6.513309519952038551e-01;1.601621918939044065e+02
-1.416268859340607422e+00;2.054193841256069852e+00;-1.155451793817659611e+00;7.250810444475079830e-01;-1.017584777213375702e+00;-4.588768450249969266e-01;8.601826383951566291e-01;1.478207390365269547e-01;-6.427763828999479845e-01;8.102600443753338322e-01;-1.414064628761196047e+02
1.589838978180683871e+00;9.137716213855856529e-01;5.027844268951942031e-01;1.796360822926963641e+00;-1.342127748485115069e+00;1.399594645145793459e+00;-1.365824155415438890e+00;-1.545729786690733132e+00;5.740712208940013106e-01;-1.489693097672969146e-01;1.547839656292203188e+02
-1.612854336611450612e-01;9.392028516620472001e-01;3.946440833566660644e-01;3.582998149327681348e-01;-1.079473919574545304e+00;4.963816465288451996e-01;-1.014916570799083706e+00;-6.712110751338887793e-01;1.372278913446574933e+00;-5.993027886237254354e-01;3.547033855868679098e+01
-2.133238163108750612e-02;9.026781426992483981e-01;1.321880992159802037e+00;-4.705854077438651611e-02;-5.868426795241861171e-01;2.148239201957640621e+00;-1.999986560310291095e+00;3.236324725129776092e-01;1.682662914648113794e+00;-2.098187463271201647e+00;2.048676073806002478e+02
-8.139717958905116069e-01;8.557353208608411421e-01;6.400560810329173345e-01;1.688157052902790722e+00;4.042893983346718817e-02;-1.445610200776562548e+00;-7.726733906604571489e-01;-4.749567045213774485e-01;-6.099027069492022335e-01;7.862982309002782833e-01;-1.110867396463644923e+02
-7.312609733270448720e-01;-9.584493812548077196e-01;-1.251698048520142548e+00;2.160554759168465538e-02;9.347177458284922080e-01;1.417117903175087179e-01;1.016643207315882202e+00;-5.750581961873701964e-01;-2.421379751877278608e+00;-8.707663764407388429e-01;-4.226041933984876096e+02
7.367633451678969880e-01;-1.419384355796040609e+00;2.335950812615762984e-01;2.116803054963853459e+00;2.914109215768361683e+00;-6.292337633874194314e-01;-1.277084562331118889e+00;2.239949689010487244e-01;6.188603301446353733e-01;-1.083188446666049964e+00;9.401838774177191738e+01
-7.627815173958267525e-02;-9.230723963155775813e-01;-2.610087241723135776e-01;9.426360563773238110e-03;-2.767325422602398000e+00;8.603325594167203771e-01;2.714816939486321523e+00;-2.694937557039864262e-01;-1.661580989177992018e+00;1.501879133796318877e+00;-5.015912135531845450e+01
4.982217484967851329e-01;-1.111457956937031977e+00;-2.340198591069813649e-01;4.663583744463344893e-01;-1.015094191827868642e+00;1.580540686568373543e+00;-8.108575112103382221e-01;2.465047784320048840e-01;1.140149038521266478e+00;-1.257577858914616264e+00;1.476480023533834753e+02
6.404797952008237649e-01;9.965705105794472329e-01;-1.868961581619848489e-01;-1.630473243715140130e+00;-1.147691389815667318e+00;3.240570282215606279e-01;8.520944963390106319e-02;-4.664953792281979483e-01;-1.905031059978113395e-01;-2.991135970900723251e+00;-3.099654608643746201e+02
8.488367959795215523e-01;-6.663172165446257234e-01;-1.664665985025512995e+00;2.962519318899650700e-01;1.365566383745752538e-02;7.481200322518749557e-01;1.286050103863425997e+00;1.659270664219190561e+00;3.962715635860860619e-01;5.669802632671008258e-01;3.074926529634527128e+02
6.503111974963428077e-01;1.696854073712281696e+00;-8.811530623462597855e-01;2.813565375383701994e-01;3.660559154607912480e-01;2.509431932366591456e-01;-1.597454218329122488e+00;1.987400882527163404e+00;8.584588426390306060e-01;-7.393236525691027072e-02;3.115587865214172325e+02
5.049872789804571438e-01;-7.925207384327006555e-01;1.765454240281096876e+00;4.049817109609555321e-01;-3.345012358409483744e-01;-1.200296407055776227e+00;-4.749453111609561740e-01;-1.147364414668990140e-01;8.657551941701214782e-01;-6.533292325737118933e-01;2.882599147092226843e+01
3.188374033804253216e-01;-1.070158463506860391e+00;-1.246393498539162259e+00;-1.141986070692681432e+00;-1.112186301278558442e+00;7.590129705821889727e-01;1.559182290482351352e+00;2.671362964617307600e-01;-1.658774625086030907e+00;-4.877626450061686714e-02;-1.564871217159400771e+02
-3.591316281088747231e-01;-2.137702480623488999e-01;-5.001526812147293333e-01;5.320224322727860056e-01;-6.956807441665150415e-01;1.433884468196269912e+00;5.292999339436692541e-01;-1.003301830975496634e+00;-1.300450228921913753e+00;1.356106714210325137e+00;-5.456520995962421949e+01
-7.618246716588487066e-01;-1.144723717988629375e-01;-8.161549890280439534e-01;-1.455054605090551956e+00;-7.780947858327142974e-01;1.530334564354411064e+00;1.171810143273844806e+00;1.477559074001285333e-01;2.103671135408869131e-01;1.498097633487784242e+00;1.044556720386424615e+02
-1.178346124806845641e+00;-8.331331336803468046e-01;1.210065933175593189e+00;-3.063813641623574502e-01;1.654513280865033353e+00;-8.030424010642450705e-01;-2.528800657783739081e-01;8.166035703577126936e-01;-1.096012047871053552e+00;-2.441706986902486776e+00;-3.075082159366852466e+02
-1.349925637861272953e+00;4.090649383340571044e-01;-3.008259560322986692e-01;-1.627311727947315489e+00;-8.987998102438375936e-01;-1.347253917581349159e+00;5.510170602262994821e-01;6.666278834568907241e-01;-4.551989048161591001e-01;-7.334820666782794207e-01;-3.042985417271697770e+02
6.023020994102643716e-02;-1.918771215299041488e+00;1.142822814515020546e+00;7.519330326867741388e-01;3.015473423336124670e-01;-1.923609647811225232e-01;-3.471176970524331162e-02;-2.651387544921687822e-02;2.463242112485286128e+00;-1.168678037619532040e+00;1.465948906399405303e+02
-9.254246260595873075e-01;-1.013895952292537705e+00;8.584511166566652918e-01;-2.346205699574137882e-01;-4.081008391602206076e-01;-8.953463223630241385e-01;-9.958153947902290692e-01;8.568716140335903841e-02;2.553837556743170922e-01;6.511362418236570360e-01;-2.981095354882134529e+01
4.556388114189831307e-02;-2.486158537666773582e-01;2.460836153164088214e-01;-8.022800271395434946e-01;2.154928677383141977e+00;7.034401331388941969e-01;-3.152966552861243832e-01;6.266136372630708440e-01;6.234071382799155625e-01;-9.410227006663790528e-01;1.101523971891589753e+02
-1.087748675353668038e+00;1.683314575927529644e+00;-1.004337826293906444e+00;1.268246851349618676e-01;6.428554939629476106e-01;-1.118523484211632280e+00;-1.351290402698434479e+00;3.927683630511243917e-01;-1.238923632352009335e-01;-3.001287868281999893e-01;-1.697179924206134842e+02
-6.401544568346118069e-01;-1.085747710781549413e+00;-5.619301138579263499e-01;-1.428904606511726794e+00;-1.399228259224631232e+00;-7.348108975341908211e-01;-2.152913515757515661e+00;2.979616512142443593e-02;1.483743910203706884e+00;-3.078650241341519475e-02;-6.881366721373113648e+01
1.009471788595968755e+00;-1.415267191924187484e+00;9.495945713644882158e-01;-5.941518127249409420e-02;-9.184476433495512848e-02;-1.499015960458401242e+00;-8.743532877718107610e-02;2.185340424109456781e-01;-8.449414385934963523e-01;5.483196275544987008e-01;5.000793021910709513e+00
9.049620414941997870e-01;-1.717672148363396323e+00;-8.259257535129045646e-02;7.699687313352225893e-01;-7.039163254155444971e-01;1.436429519558866774e+00;-1.054704454965919913e+00;2.361424098791010673e-01;-2.258067490760418405e-01;-6.723030719613125317e-02;1.813795227273704143e+02
1.912005469052697526e+00;-1.066032171627680603e+00;1.560255529530930829e+00;-1.951602912882886676e+00;2.443184017803416014e-02;1.349179048888705212e+00;3.209975636860231685e-01;-5.154220860765155315e-02;1.164060152585937535e+00;1.002236166702925368e+00;4.390498769130635992e+02
-1.004140766752067870e+00;-1.344450511034277040e+00;9.843223984765837598e-01;-2.139888442255089562e-01;2.342147325365207533e-01;-3.468488738678118105e-02;1.550500492814076869e+00;-9.186519464841982341e-01;-7.677975651041284433e-01;-9.983540407387909710e-01;-2.813243506807858125e+02
-1.856431549936202741e+00;-7.656532852453777904e-01;3.773856555206271061e-03;2.442410528605719888e-01;1.132405540709269021e+00;-1.273161394159898929e+00;-6.217656875888323276e-01;-2.821595359874645159e-01;4.038880947406186528e-01;-9.561302341192035037e-02;-2.164452405725571964e+02
9.612077694098336567e-02;9.382838059759976979e-01;1.255756125573520787e+00;-8.946073022195039082e-01;-3.091721234686393704e-01;-4.344962274323155849e-01;2.221337716337128398e-01;-5.160447282173739048e-01;-4.622752887050424753e-01;-4.787486216634773140e-01;-1.392476425876143367e+02
-1.307776565147660719e+00;1.282794968838980365e+00;3.813528345802849051e-01;1.365526462526265750e+00;-1.835768756177090122e+00;4.406256740659935528e-02;1.388664520102482092e+00;7.800741847885750424e-02;-3.451040968191900760e-01;1.423779125104662757e-01;-9.577051623486987353e+01
6.200931975868672064e-01;1.299189044112796787e-01;-3.131615228801135631e-01;2.783235142247328930e+00;1.296394147175919560e-02;1.684446339410835991e+00;-1.087067512934918101e+00;1.793980391804458063e-01;-8.133599364488911521e-01;-1.602499041361854157e-02;1.702675745461906729e+02
-6.713804436449524182e-01;1.441163627796819280e-01;-1.242564002799705580e+00;5.282699389151054303e-01;-9.083412517079851867e-01;7.349359742543154494e-01;3.084866705350712557e-02;7.897321246320075927e-01;1.670093900583089264e+00;2.476929133723412058e+00;3.760977518060657303e+02
-3.348029874445018761e-01;1.243405797187161932e+00;-6.534628957248072023e-01;-3.865416158977597605e-01;-5.998213939170614628e-01;-5.667051080550528086e-01;-6.571349622780580102e-01;1.228030209608135026e+00;-1.793921113191963013e+00;-6.977189038982448688e-01;-2.091211738619656444e+02
-5.448700708235121315e-01;-1.107461408627690602e+00;2.616252635807708726e-01;2.461177063765836448e-01;-5.881531253205687371e-01;2.961335898856047311e-01;1.450799466308739349e+00;1.201417031787024747e+00;1.381927477913204028e-01;-1.117141761204612838e+00;2.127960577833482247e+01
4.351466864346607843e-02;4.148655003619104442e-01;3.863233178115599853e-01;-2.044712209861215269e-01;-2.966074590697983515e-01;-2.529560077694303022e+00;2.413219349167810002e-01;4.632885301181062232e-01;5.581395145185062967e-01;-1.151014083619507078e+00;-1.777204027782783271e+02
-2.031320463234281282e-01;2.884889479318494127e-02;-5.508574703286617247e-01;2.670675374863064722e+00;1.940210045057992883e-01;8.566651198694065217e-01;2.256752472168766399e+00;-3.049812998483303894e-01;-4.035933369869101339e-01;1.607045512784618380e-01;5.917899481606632150e+01
1.887625120626004627e+00;1.907490672553268096e+00;-1.546903311345546872e-01;7.138774440901375362e-01;-1.273837325134204335e+00;2.387379252913565675e-01;1.469409554436679199e-02;-9.773641174837106593e-01;-9.652140767505479335e-01;3.861664979983887025e-01;3.434279167466058880e+01
-1.315797408218141173e+00;9.219363780076167414e-01;-7.148072589914704622e-01;1.794524848392212046e+00;4.154184056389460811e-02;8.229885920033214175e-01;-1.073692846197464190e+00;8.514099367626543069e-01;-4.659509780720507699e-01;4.583179391254417201e-01;4.728321074415602254e+01
3.243402100148681799e-01;5.148835960763722408e-01;1.080056059139310243e+00;9.427885141400755842e-01;-1.357517539841935017e+00;8.396638644311887889e-01;-9.006713825124801343e-01;8.199252526352343029e-01;-5.327254982169035147e-01;-9.642000714232447089e-01;7.943281309283987923e+01
-1.514414062398120597e+00;-9.265132547797481077e-01;-5.430219463857897111e-01;-6.969414601380966579e-01;-1.705207607776016765e+00;-8.251351891139448169e-02;-8.348299105466731040e-01;-5.335436258230817907e-01;5.487004763949002717e-01;3.366014275621668772e-01;-1.884665400846735110e+02
9.431933034777939540e-01;5.582321068783031581e-01;9.669174010754678639e-01;-7.230731049121446041e-01;1.335112667804097430e+00;-6.069634458726355097e-01;-1.358256986122486909e+00;-1.726263530084781173e-01;4.459477771253033129e-01;-9.216581082147648485e-02;7.827127567250403217e+01
-8.791360931076848129e-01;-1.125870827145124320e+00;4.138576230711426412e-02;-1.523774972711770259e-01;1.698458702375565066e+00;1.006700852258059914e-02;5.864531303336101287e-01;1.607404549823429063e+00;-1.918589423559303064e+00;7.510905430036329822e-01;1.313327911962281469e+01
7.441919714999367663e-01;-3.583401520212222136e-01;-1.866539951360616234e+00;1.007513689836922133e+00;1.321304032273012075e+00;-6.493730383214260105e-01;1.419603004513637190e+00;-6.475418056351591733e-01;-1.812241732181029963e-01;-6.004235657387051450e-01;-1.432477625869589133e+02
3.475616138035519942e-01;-3.971953161459876314e-01;5.681032051286460938e-01;-1.049655498909941143e+00;1.915773961940896164e-01;3.556689485632293923e-01;5.062409893059260924e-01;-1.102269740455855462e+00;8.669769941439657568e-02;1.447305699391806533e+00;6.902335535530684751e+01
8.875039674140593471e-01;6.715311717290534110e-01;-3.494393272169559195e-01;-7.725687487562407085e-01;3.883120054234496243e-01;6.008599461516361123e-02;1.249504900706158717e+00;1.528031359387832744e+00;7.608466543114777991e-01;-1.332777397479649739e+00;1.644779265238312576e+02
1.551553428653562883e-01;5.770721838351395849e-01;-4.486956826194842263e-01;2.342592644567655646e-01;1.514073960720187240e-01;1.175886298872022423e-01;-5.789517573489231239e-01;-1.780232900638384352e-01;-3.982830335425485702e-01;-8.963675478251807993e-01;-1.221094501233304896e+02
9.496414986165337968e-01;1.404316281994952398e+00;6.578468947474944151e-02;-6.008296390959146915e-01;-7.674063684503472198e-03;6.776371019248881300e-01;8.519290707908425686e-01;2.452358478942363584e-01;-1.715093347182538919e+00;9.148677980978496826e-01;8.799037959776781292e+01
1.917848001606665687e+00;5.368246839556759520e-01;-4.705391395294172829e-01;-1.412691152492631330e+00;-2.702923176244951819e-01;-9.694324432883201226e-01;3.096695513772053321e+00;1.654634748402088462e+00;-1.290799880468524174e-01;-1.569356342725194198e+00;6.724295489862456066e+01
1.492264509475058842e+00;1.321211126077576292e+00;-6.481324338877777480e-01;-1.911642210919042961e+00;-2.473509271489131855e-01;-1.148583315238738800e+00;-7.225967814014776502e-01;-1.613901455478991664e+00;-2.536404538925018937e-01;4.408197989057157096e-01;-1.886730247548021566e+02
8.066764021643628713e-01;-3.166795459342494623e-01;-6.335895154938127050e-01;-1.906236620089380551e+00;9.443852228353897260e-01;-1.004079632955027446e+00;1.516572721450175631e-01;1.374484981427559260e+00;-2.943141565471733223e+00;-1.023755947707850611e+00;-2.701133189501839524e+02
4.267901932586445346e-01;4.632695691475201549e-01;7.954327068074329432e-01;2.917442676809594779e-02;3.764737216936027420e-02;-1.005695087318193348e+00;1.161211402411614024e+00;2.836784496988526971e-01;-6.854728526884200646e-01;1.608077135453547024e+00;9.996285234169701539e+01
4.101515677135939564e-01;1.316247297161273755e+00;2.811651428946169151e-01;-9.074675733912281050e-02;-4.759724511850703388e-02;-3.281092883602410581e-01;2.704635087305567454e-01;1.695363494179935371e+00;-1.038048581424660499e+00;2.198155264360242972e-02;1.038376193217919479e+02
-9.669761431292129839e-01;7.858001586508321923e-01;-2.209641738296639346e-01;2.688583899453077936e-02;-1.158364689192542762e+00;-3.602539090568404427e-03;1.503398301767150613e+00;4.254575617849647440e-01;-4.771135614197985486e-02;8.773622905756713886e-01;1.002416081138752091e+01
7.580455819372633464e-02;-1.224677284691462302e-02;4.129314542756243323e-01;-5.637245528039747100e-01;-1.470573815021386510e-01;9.751197334177511555e-01;-8.254971967925115450e-01;-8.972543714858315367e-01;-6.771617115121116859e-01;-3.213858416529934425e-01;-1.203997727263104025e+02
5.251693132621684246e-01;-1.380652170110139521e+00;-3.813456882464037051e-02;-2.105349403529919450e-01;-6.910543773938959689e-01;-8.343381865826626775e-01;1.183502011234362772e-01;4.120711370660239403e-01;-2.388531462477685885e+00;-8.033604327656939104e-01;-2.890178343186941561e+02
-6.570352370173239143e-01;8.918630221607487529e-01;-7.267741378338430369e-01;-8.776173568629050958e-01;-2.996960566643142587e-01;-7.617603706826456822e-01;1.575875809501969371e+00;-1.113294834114631149e+00;9.945582357416216102e-01;-4.779925038478981258e-02;-1.792616114772004892e+02
6.061496997584691071e-01;1.358357166430605112e+00;-5.559052319927140079e-02;3.630984326610387503e-01;1.947304228889675137e+00;-3.516742428437714119e-01;1.121950491915224779e+00;1.063435721867459494e+00;-1.475612746382940044e+00;-1.537503218234725022e+00;-7.700746243984897887e+01
-7.859860326349823456e-01;1.072978047766011800e+00;-1.338605799723248779e+00;6.929186230316111139e-01;7.215625051261435052e-01;3.038185956048757297e-01;-2.308663738447689628e-01;2.363872494619360776e+00;-1.381044603153774863e+00;1.453260663321034318e+00;1.862228354713661531e+02
1.198368569373459591e+00;-6.330322278133675151e-02;1.154997560541617618e+00;1.936617645167992285e-01;1.045056145231205935e+00;-4.215823114402927341e-01;1.207902325011102757e-01;-7.858839291435680552e-02;1.433642217576002256e-02;-7.500226815657170532e-01;6.507770334107247834e+01
-2.217591079358770756e+00;-3.204749416371351078e-02;8.241028968557058132e-01;-1.641494127217739407e-01;8.220660780325274031e-01;-1.096875079383986096e+00;8.721531056840550189e-01;3.352470238858752671e-02;-1.168177827850200190e+00;3.240364427065333119e-01;-2.647159660543856035e+02
-1.410157184896921601e-01;2.208348264339870859e+00;-1.484226471591997831e-01;-1.129888087902751082e+00;3.819216700030095279e-01;3.364995853553135602e-02;-7.180330821722741286e-01;-1.910965935592205067e+00;4.762650172565556783e-01;-5.997218459313810035e-01;-2.028803025065445809e+02
-2.170170504243704168e-01;-7.095798547491726227e-01;1.021383295429398430e+00;2.088442772869925079e+00;4.329598253606961600e-01;2.426716486345522394e+00;-1.377617500754237279e+00;-1.258504910675334543e+00;-3.084827884558197231e-01;-5.647740041709422565e-01;4.836188197492472796e+01
5.041545509502779465e-01;6.331951786719153263e-01;3.147099423907597227e-01;8.058977770010687935e-01;-1.218456113110352318e-01;-1.383467312455985976e+00;2.652570235804022625e-01;-6.642678649585820327e-01;4.766135070198144197e-01;-4.362901909941569456e-01;-9.844401061039155820e+01
-1.204308932539509991e+00;1.162261110571157330e+00;-1.407211099504189988e+00;-3.185666680608325585e-01;2.047651903896849479e+00;-5.710465778743416543e-01;-1.353782760791481410e+00;3.942331010806685576e+00;4.230799603243527995e-01;6.249394903158796977e-01;3.170678979482360660e+02
1.653635216029858190e+00;9.011436305292248594e-01;-1.474771801684240935e-02;-1.285565593711110566e+00;-4.112799243305383934e-01;-1.884868597588294226e-01;-6.715106053010765352e-01;1.623861412322141984e+00;-5.347508045909149521e-01;-1.841494709336458424e+00;4.011311299818667209e+01
-1.289382089103392914e+00;5.902703110753222404e-01;-1.058150992470686669e+00;3.908699078019597928e-01;2.162663059356470519e-02;-1.094692044027371303e+00;-3.415204150053051668e-01;-1.022663502175925193e-01;7.348113435104173252e-01;8.930774345656917745e-01;-8.125522075369883623e+01
-1.222750278738174989e+00;1.316344837519519473e+00;5.960814941324870109e-01;-9.501045691456493358e-01;3.362629511858954978e-01;-8.197150228673898420e-01;2.900378030539018659e-01;-2.908660744480503713e+00;-9.156322963584597741e-01;3.939905721750078804e-01;-4.782610333264649398e+02
2.023287964228020208e-01;-1.269330496546699161e+00;2.340244543531479482e-01;-2.485286180744493700e-01;1.818061922557824728e+00;-7.330329955239893724e-01;7.751554940347831213e-01;1.702514658129605563e+00;1.631856899089108914e+00;5.530400858523584207e-01;3.534391067159175464e+02
1.107499240118156258e+00;9.171894974836544701e-02;4.402480302103980447e-01;-8.233495383626361352e-01;4.760108000656256277e-01;-1.777263798689646679e+00;-1.306821341161148453e+00;-1.878428200637909662e-01;1.305645561840047097e+00;1.758272157875278241e+00;2.184334635430598723e+02
1.351072892413139215e+00;-1.500221861446936034e+00;-2.003525777941638775e-01;2.318420921348480490e-01;2.431234585128930759e-01;-6.263957732723486604e-02;-2.942425056364576519e-01;-7.788370428204347551e-01;8.861911885847956194e-01;1.356583385827982102e+00;2.198899100206274682e+02
-9.126787606958670640e-01;-3.599110935666715583e-01;-1.710175101391794295e+00;1.037171472532004479e+00;-2.471716122443994856e-01;-3.874886632696903921e-01;-3.312393088783950335e-01;2.031158713073231148e+00;-2.786563338793093814e-01;2.792401012209997369e-01;3.788676224351468136e+01
2.157308213265503483e+00;6.779258713392690705e-01;3.200414906576662388e-02;-7.534178703461834603e-01;2.992925804064919260e-01;7.420953720093069750e-01;1.301741289398798074e+00;-4.879114081457026630e-01;-6.057149230033384013e-01;1.561511196726852679e+00;2.600505228600284795e+02
-1.566959371167352844e+00;-6.723935843265022028e-01;1.299982258015952852e-01;-1.063036272853718156e+00;-9.948563524675411163e-01;1.953059695539896445e+00;-7.598021319877752422e-01;3.364997888209008692e-01;4.070903833988318010e-01;-7.100154428915522731e-01;-2.870196757294388235e+01
-2.904414820111493878e-01;8.913439016052466801e-01;-2.277709791236346426e-01;-9.400159321237541166e-01;6.024734362823632727e-01;8.157544866520693994e-01;1.040057890793389284e+00;-2.043557266456483279e-01;4.441451710872573733e-01;-1.018869957066735221e+00;-4.501335824376140238e+01
1.082378711323442655e+00;-1.594176325267603556e+00;-1.796276566777535555e+00;-3.406040777437667200e-01;-7.664797729085692790e-01;3.051726345805077512e-01;-1.697096143289455350e+00;5.232190111769366991e-01;1.615981679917929625e+00;1.041666733083350449e+00;2.891026346095050030e+02
-4.801622831930444368e-01;-7.833084893015722361e-02;1.384504962651034177e+00;2.520339799348770282e-01;-4.566991446935129706e-01;1.119819326212577182e-01;-2.731522465199017757e-01;-5.154692730838591475e-01;3.014066131517737640e-02;1.344284575234596435e+00;7.566933983452190660e+01
-1.006927360945144123e+00;-9.511843703879561129e-01;-1.268136804975312559e+00;-1.682591344875415396e-01;-1.494037793289750615e+00;-5.641961798604865352e-01;1.255145788374903759e+00;-3.418218202461355548e-01;4.782531978468294170e-02;-4.976725234290393929e-01;-2.871202678042587877e+02
3.094808826783018371e-02;1.162902572544139312e+00;-7.736398449381300946e-01;2.235994544459052880e-01;6.273281202738093532e-01;1.016830889012851458e+00;5.569478823405031864e-01;-1.471553052168604880e-01;-1.505071874253803399e+00;-8.130228521688223076e-01;-1.518462969102767204e+02
-9.872089445567296118e-02;-3.072462256617314869e-01;1.524517181115903064e+00;-4.449463908952528413e-01;1.666663259227523231e+00;-2.253514850441997730e-01;-6.783346293354933776e-01;1.369094582762851342e+00;8.264223241917663110e-01;-6.141435312471846819e-01;2.102896981727231491e+02
1.586016816145352060e+00;1.135173452512480419e-01;2.809918677350326521e-01;-6.226995198205937943e-01;-1.952087799522501887e+00;2.133033374656266634e+00;-1.517850950355833228e-01;6.621306745210466804e-01;-1.237815498826849048e+00;5.883172064845765270e-01;2.494074043986708773e+02
1.558789184496893965e+00;1.146030144142065055e+00;-4.547947173776928920e-01;-1.039806531026884251e+00;-3.726755839519745872e-01;1.629642131112798653e+00;-2.426987478252817521e-01;-7.773714848459065685e-01;-1.530461409743376855e+00;-1.890010171182942900e+00;-1.759054210226577482e+02
-1.926037973439463993e-02;2.412615421612915867e+00;7.153813154412440589e-01;7.181857257079344858e-01;5.471191151752099469e-01;2.246589281204637925e-02;-1.180812815308844854e+00;7.846042878980238333e-01;-2.628908292082676734e-01;1.114321694668872098e+00;2.175122376016853707e+02
-1.605633403062787679e+00;1.585496531596428116e-01;-7.038332580694630636e-01;8.854705829400953965e-01;8.697620581762918190e-01;-7.602623997034793080e-01;7.539120651921329408e-01;1.175454012339134824e+00;-7.604890769704260312e-02;5.078798450686210497e-01;-4.571447016758162007e+00
1.662777289179469209e+00;-8.654616068060290435e-02;3.878575434155957513e-01;8.205768116689473590e-01;-6.695889031524576707e-02;-1.066363075384819004e+00;2.775246844762951914e-01;1.090979027619465080e+00;1.301096693465621623e+00;-2.596779635075290860e-01;2.980308875304551748e+02
8.728243510056346022e-01;1.393181257934905881e+00;-5.376457577798164911e-01;6.554038298502370408e-01;-3.004659487207037016e-01;-7.938842440570287318e-02;-1.005601375689465726e+00;8.393491142316021891e-01;-9.661567233704170254e-01;3.601641839457669358e-01;6.789116959291621356e+01
5.923295470133432827e-01;-7.434532975852425896e-02;-5.279940217656136081e-01;1.353069160166407325e+00;5.161440395863796660e-01;-3.904087382804710127e-01;-6.525282932166451833e-01;-1.845514421859451581e-01;9.931381495134962434e-02;-6.111771520193270968e-01;-2.327585313987321314e+01
-1.226179357812683390e+00;6.817434088151417271e-01;-1.438720101056869538e+00;-2.252626424913536096e-01;-1.714153669063957176e-03;7.674793445541305825e-01;1.089536583076640586e+00;9.625028858001016818e-01;2.196646054978954155e+00;2.365407771999973541e+00;4.002329314242957139e+02
-8.189437957249300071e-02;1.580938985767860183e-01;1.775490849240048297e+00;-1.479196018357766595e+00;2.978761910238451605e-01;7.474449714270559042e-01;4.501556339466476486e-01;3.344346797315093933e-02;9.911911129266662845e-01;-1.043584494380865313e-01;1.747985144799551165e+02
-6.603910483364725144e-03;3.776395717866410928e-01;3.882742549264336374e-01;2.979854516737146852e+00;1.631888848370220746e+00;-5.193913220905429506e-01;2.962953655036676404e-01;-2.190585880246086470e-01;-2.384376813611646315e-02;9.473847583290660734e-02;9.290076840792553980e+01
7.442291195615972077e-01;1.973733442735852162e+00;1.164464692512212407e+00;-1.581893798221993552e-01;6.724527753861559987e-01;-4.628305234303705662e-01;-6.041382867516175148e-01;-1.632783852283033466e-01;8.559972903065459215e-01;-9.904263620394158085e-01;6.178785265502791901e+01
-4.984640825408434006e-01;3.522530634781081971e-02;1.865062168834001055e-01;2.265839290273080342e-01;-6.086282874660651210e-01;1.180277139438188766e-01;7.374078620654490879e-02;9.163788273633305392e-01;1.968519264748204989e-01;1.002721415177313613e+00;1.613106450727111678e+02
2.024028536379256948e+00;2.332875815573793310e-01;-2.348068397100826488e+00;-5.722840904920713755e-03;-6.458489882940184890e-01;-4.416901044284806122e-01;-1.726803202706755913e+00;-1.611274866860012145e-01;-9.976027531426663597e-02;8.216157522371632105e-01;5.252391708255272107e+01
-5.196744782036353261e-01;-1.135597265525524202e+00;-1.478673596310297267e+00;-2.229676640729981063e+00;-3.826128246415586714e-02;4.448582205983223625e-01;1.346673001401146097e+00;4.052400255491454550e-01;-2.578292850140530224e+00;3.731223970910093057e-01;-2.582060181175696698e+02
2.753962341432086847e-01;-6.414157900234341847e-01;1.451926632314721965e+00;-9.475307409721119845e-01;1.296256709748001779e+00;1.860930208759352666e-01;2.235237625415368579e-01;1.110677684054091952e+00;9.137116523425909964e-01;-1.483979059467417594e+00;1.303628887398870404e+02
1.783918606607484802e+00;1.410312306590645326e+00;1.277633349807809182e+00;5.107320661358935032e-01;1.446861305250364549e-01;2.589389717389048773e+00;5.761927503284219876e-01;-5.335453373840537417e-01;-4.252096719942134034e-03;1.399903441169558338e+00;4.728830746738728976e+02
1.359771893328313608e+00;-3.398211683082971724e-01;-6.459081732622966587e-01;1.026014125707297664e+00;-1.619689865516626526e+00;-8.861126513476502708e-01;5.130478674102507686e-01;1.821348710111764524e-01;-4.470875675958534828e-02;2.472881256277393025e-01;6.433438440005795655e+01
-4.778398507037911469e-01;-4.357897296236359352e-01;1.934485749917961017e-01;1.309865169433534149e+00;-1.934087745459577068e+00;1.342180131244854024e+00;2.308065895042067314e-02;-8.414495141290084801e-01;-4.460653218300140999e-02;6.249035946540429931e-01;3.162030052002405256e+01
5.475265304356201623e-01;1.707548889321760521e+00;-1.081651096264060863e+00;-1.502265252340281076e+00;1.075626794017660037e+00;1.439954041428630704e+00;5.667603811176578077e-01;9.167064725890186061e-01;7.255901754823215200e-01;1.068642219590084874e+00;3.248074320084666056e+02
1.109944687293146518e-03;-1.320878355377317570e+00;-1.666763406789197655e+00;-1.494756146449644163e+00;8.336032048373483994e-01;4.928839718518697732e-01;-6.011265526688468475e-01;7.714017949037665911e-01;-1.544433848248244256e+00;1.165916520255222855e+00;-3.731599110710764933e+01
5.446245744993386539e-01;-1.652242677353489730e+00;-2.465710542595743460e-01;7.351321130540912074e-01;-4.797188967661360492e-01;9.210258397309933898e-01;-4.326375163335282603e-01;9.669566453448166232e-01;4.494335159472622188e-01;2.185730616722574293e+00;4.117138629815502213e+02
-2.018487864388637920e+00;8.580141953021453993e-01;-3.705827624007828613e-01;-1.348047111940167131e+00;-1.220571321212772647e-01;7.931756882186773439e-01;-4.578483861824892420e-01;-8.281962729652345701e-01;1.450637459593816236e-01;-1.593622321459065572e-01;-2.359449811276835476e+02
-1.089513408273455441e+00;7.005953972771273852e-01;-1.846109944370498135e-01;-1.157712923941269345e+00;-5.426968739026135635e-01;1.065054014191864629e-01;9.192610916812917754e-01;1.234575561691425294e-01;-1.434580860904348887e+00;7.458565180985775589e-01;-1.717668387861776012e+02
-6.108576398050657996e-01;-1.570881457125912206e+00;1.453275476042544589e+00;-7.823065905851780966e-02;-1.179459664507780392e+00;-1.563034306571253529e+00;1.435087399222235494e+00;1.355572935710348093e+00;5.044832563830169425e-01;-3.473022889578429306e-01;1.724527323554034197e+01
-8.065096290255822087e-01;2.951953681588360134e-01;5.225207664423899834e-01;-6.531373899299408592e-01;-1.534124693448851495e+00;-1.761341977107783729e-01;-1.688034325197678154e+00;3.948814900025776620e-01;-4.592203979892405807e-01;-6.007479306385677953e-01;-1.630893139329996870e+02
-1.348185422105713016e+00;3.078017688920591799e-01;-5.397596803093615003e-01;-7.783047254023126582e-01;-1.839833363526791332e-01;1.708654381279418599e-01;1.843393306539315921e-02;-1.710168392656625569e+00;7.432640940227149828e-01;3.475817053616710450e-01;-2.160259353280494281e+02
-6.389617476895022019e-01;-9.913923494563071648e-01;9.817654869915942717e-01;-3.248313835086224510e-01;1.009817089342634144e+00;1.642015160136369056e+00;-6.881503451777237768e-01;-2.153390113603714795e+00;-1.323089793407498327e+00;2.252435805344308761e+00;-3.053728312632724951e+01
1.396819652852321070e-01;-6.029578088814181447e-01;-1.572275779724578548e+00;9.888721585518364665e-02;-8.096142473677350737e-02;-3.892111451967638081e-01;1.010370850190331904e+00;-1.320641659529806500e+00;1.453397105814676404e+00;3.408707913462808436e-01;-5.419989697346020563e+01
-2.355215087423812026e-02;5.646059258936002578e-01;-4.367642372382174454e-01;-1.606577100738679320e+00;-3.695269288333585811e-01;2.253079220409415773e-01;-1.314725956716678024e-01;-1.019664338692115590e+00;-1.743542579028358463e-01;8.260471714415063005e-01;-9.938605215190770537e+01
5.055578532150076798e-01;-2.414305647249931075e-01;-3.467715767667121640e-01;-5.857927234486901558e-01;6.787280692794189774e-01;-1.190916505973726780e+00;-9.291363405097582406e-01;1.466782556898976075e+00;4.362357048010550575e-01;-1.134020185934958125e+00;2.556247834418747544e+01
-1.967094562906154032e+00;-8.859625679998892611e-01;5.618391839232032836e-02;-7.478129665130821280e-02;1.620659948405165848e-02;1.361538202848111334e+00;5.012490868072027039e-01;-1.755767857758053774e+00;-1.470380134675717265e+00;5.364877271213291943e-01;-3.332972578033084119e+02
-4.674945390270229123e-02;-5.094227906340305367e-02;-6.759376648038271096e-01;1.322548462831660832e+00;-2.094437526714902909e+00;-1.487289793207428712e+00;-1.311801542648404484e-01;-2.261752876807609225e-01;-7.997428881105317355e-01;-4.310011058329391020e-01;-2.877565334247952364e+02
-3.677355832759663934e-01;1.415592668957944278e-01;-3.744004479989067602e-01;-1.622485399584954469e-01;9.354943958784452951e-01;1.481600993050538259e-02;-1.885918511063166270e-01;7.031563164196175109e-01;3.956975066080046788e-01;-7.892667577455567129e-02;5.754341990194902223e+01
-3.789283179468944107e-02;-2.383112181085923265e+00;-1.216785641081417735e+00;-8.341590467165808098e-01;-1.646511386601941185e+00;4.767289462229594432e-02;4.300891561717521960e-01;-2.395243169110685688e-01;1.281495399253412382e+00;-8.038246482427452433e-01;-7.969008647294019454e+01
-9.437054314300761249e-01;-7.906239912729524644e-01;1.335104617268623839e+00;9.386110786254933114e-01;4.022623446643773804e-01;-1.639259767555159564e-01;9.492573018529092410e-01;-2.823120419249295354e-01;-5.050172707451764387e-01;-4.637843713781079624e-01;-1.116158115997223632e+02
-1.400669854886547716e+00;-3.181807175266828658e-01;2.661778652041802973e-01;1.116941301066749909e-01;-2.786789028395571521e-01;4.277689443506111355e-01;-1.544621168607413608e+00;-2.660166955603469607e-01;-4.851100193040616126e-01;2.874082698009913450e+00;9.575504585312052086e+01
8.283257051809990446e-02;5.872624134641767357e-01;-3.856726309778482076e-01;4.345026460913057331e-01;1.040061819902575957e+00;1.748137069120835330e+00;-7.397711639729672717e-01;-2.056278536432476489e-01;-7.281719009698155443e-01;-1.334610606910232589e+00;-6.542227444165861527e+01
9.710883383822022097e-01;8.460450088894075904e-01;9.287675350757748083e-01;-4.380786481035368607e-01;-3.538175262121810993e-01;9.626072740766522529e-01;-1.231868688133080258e+00;-1.741491656614095884e+00;-1.403698384745242445e+00;5.792986450796364650e-01;-7.090850253523107938e+01
-7.988988980931305273e-01;-1.497858674779467103e+00;2.839622914807912846e+00;3.560324671271402064e-01;1.382382745689940018e+00;1.531931405580776451e-01;-6.665562312330458594e-01;-5.391106607016489249e-01;1.028479009190110371e+00;8.741698718964994175e-01;2.058892453132905587e+02
-1.320596289746600371e+00;7.206105486789331493e-01;-1.659617314729247284e-01;-3.707509838076473718e-01;-1.862213326448847628e+00;-2.236692741979161569e-01;-6.988661804419936674e-01;-2.285084494669350264e+00;1.292408930468728956e+00;-9.234004725250807288e-01;-3.705722661607721875e+02
1.359739255037018646e+00;1.789317289381608111e-01;1.206970324632249181e+00;1.358417481081124756e-01;1.165157123894521751e+00;4.576716111935860698e-01;-3.887687504295817553e-01;-6.946605161257470018e-02;4.245485997196690731e-01;-1.261877443358485174e+00;1.306326804068654894e+02
1.026455285396644240e-01;-2.200180276596740425e-01;-2.367477653373278201e+00;3.537706308913894926e-01;-3.876298326632463542e-01;6.332253101150935315e-01;-1.934964117240471015e+00;-1.274068723899597355e-01;-2.977961562239601623e-01;-1.493614956496412127e-01;-1.236020276885813161e+02
-1.328351791512867530e+00;-1.399343047785875038e+00;-8.319711080785313628e-01;5.945090026314695519e-01;-2.810231972760544039e-01;1.374135824150109375e+00;-1.171483129970986248e+00;1.814778818790559467e-01;1.656151250967222155e-01;-1.269878132049804542e-01;-2.277010258105033813e+01
5.586952829218191363e-01;-3.494150045863277793e-02;1.077600554525429549e-01;-2.498937358120461305e-01;-8.927733072761506739e-01;-1.224387273357954387e+00;1.734041954422619103e+00;-9.073265593722655842e-01;-4.046385200409463589e-01;3.842092216494622514e-01;-1.473724378998935265e+02
4.811458907651867678e-01;3.574701858487240314e-01;-1.146783098626549258e+00;-1.530927632512646408e+00;-2.610034893516796073e-01;-6.068253417863987975e-01;9.203961612544848681e-01;3.341262473382346498e-01;2.872965727490871535e-01;1.067856677294399814e+00;5.522074948477897749e+01
-2.318685066257899219e-01;1.842172295300934792e-01;-8.187417719083904533e-02;5.636736542701560326e-01;-3.700366125681969764e-01;-1.153482530888643609e+00;-3.321114555589138817e+00;6.099513873319772905e-01;-3.420173458047750525e-01;-5.902219663056348375e-01;-1.084674074026581962e+02
-9.909430024126900105e-02;8.467707752164936874e-01;-1.106653685573294466e-01;-8.966422273152081512e-01;4.700441873682021376e-01;4.322629506341554850e-01;-7.076258948220260914e-01;-2.127227420351495368e+00;-6.028206557839616009e-01;-7.121738641760435584e-01;-3.290195636233155483e+02
1.369114367674750810e+00;3.071336701606001807e+00;1.721964288132175502e+00;1.421893088704342611e+00;-5.269551435649919569e-01;-1.617151714440043575e+00;2.774792413374659317e-01;-2.177236068896735599e+00;-3.941580965260737535e-01;1.037466669565043187e+00;-5.786778857558869049e+01
1.100428442256864203e+00;2.246188013558265251e+00;-1.374173452371542981e+00;-7.816993613579320543e-02;-1.857571445166917190e+00;-8.302621507200517170e-01;6.568660633095018131e-01;5.567959468277807744e-01;1.804119091964403676e+00;-2.476115364414510356e-01;1.261989542981398245e+02
-1.098641231019356762e-01;-6.301428301423468437e-01;-1.875007387471936404e+00;1.179988529689786514e+00;1.665603213686527306e+00;-7.721923878043792655e-01;-3.755000400755709178e-01;5.740419308840301049e-01;-1.840868670159193921e-01;6.994642468957020798e-01;1.019664066468820884e+01
-6.671595500663265454e-01;-4.679237223332475271e-01;3.059600244378365419e-01;1.295997670639789767e+00;1.780452751292406210e+00;3.587361439966161858e-01;-5.374063789038138195e-01;-1.146550163707457770e+00;3.322323851695944963e-02;7.746256352751506036e-01;-4.124796747855883794e+00
1.547505201330061642e+00;2.029230208512997069e-01;6.585442726728304441e-01;2.010204538766349636e+00;-3.877015599359841524e-01;-6.127886904843862226e-01;2.858653907249049664e-01;-1.515744114997231939e+00;1.795877673095521709e+00;3.344567899870249938e-01;1.775487490734294624e+02
-7.893523659025772909e-01;4.772960088094232445e-01;1.450340258759062140e+00;-1.122150561486414677e+00;1.196133717091107052e+00;-1.269923087327547107e+00;-6.132538146500715603e-01;2.175134959387854672e-01;-1.438426718775404067e+00;-3.389085456758337278e-01;-2.329793543895753771e+02
1.059565572623397234e+00;-7.596730177525533589e-01;-1.285864017279714888e+00;-5.054897554445111352e-01;7.642132033388553403e-01;1.038012527315962163e+00;1.727963835381765234e+00;6.636463470328414216e-01;-5.552804969053294348e-01;-4.693464664267111841e-01;9.356634654518079230e+01
-3.334892710625829704e+00;5.520083103157789051e-01;-2.078519748890522933e+00;-3.098522246904981126e-01;4.003060931548196311e-01;-1.412788577791276756e+00;-2.888924143340473871e-01;5.693016678893819682e-01;-6.463575371493633925e-01;1.538756450126865967e-02;-4.405995583776542617e+02
1.830743824831261746e+00;3.775547328379105227e-01;1.089272246931098920e+00;3.820337057160106964e-01;2.483054757359841880e-01;-9.683358632535589150e-01;7.524833770742185290e-01;-1.820404310856558183e-01;4.931956884898786031e-01;-5.881085989243095558e-01;1.048619443515043486e+02
-1.259064911448193325e+00;-2.238116474181093326e-03;1.027151035893151043e+00;8.083595496657083324e-01;3.666062470138049534e-01;-7.231684388293929677e-01;-7.957176635206114623e-01;-1.067433932960499376e+00;-1.005315125997235493e+00;1.746490631594621590e+00;-1.168088089369053932e+02
2.668261710803871423e-01;-8.282057056592971866e-01;2.749307810700872823e-01;2.044451705231740690e-01;1.477692873032152798e+00;-2.227799557336581859e+00;-2.857647160363561700e-01;3.153096267705911560e-01;-6.792903196276054434e-01;-1.116290170301139195e+00;-2.273272028118452113e+02
-8.857137997996898937e-01;-1.755505588704627584e+00;-8.644267053357196362e-01;1.589523036103862363e+00;7.321512260547354822e-01;-1.101286489839828020e+00;1.007304357473262524e+00;4.539052294413472022e-01;-6.248346184344824028e-01;2.338521465850766298e-02;-1.430868556234707683e+02
6.858578186084189898e-01;9.757133776692501481e-01;2.398577458492966163e-01;4.863099933502215699e-01;-6.385858251450301504e-01;4.469817170098518977e-01;1.653309637178530522e+00;7.555074545955480425e-04;-2.153730573791461378e+00;6.230873478890951445e-01;-2.269696232922575874e+01
6.379319600552889602e-01;5.185128336026553209e-01;1.186893077595897461e+00;1.345184655346297831e+00;-3.244751574964249707e-01;-5.852905313163698775e-01;-8.314786729014905786e-01;4.109209938817710572e-01;-1.556536934201624867e+00;4.290068480163877762e-01;4.053804003242974119e+01
4.763577693562192628e-01;8.071225966373103411e-01;-2.557431219199443606e-02;-1.769075904889118256e+00;2.759660038911077695e+00;1.060209907498879778e+00;3.924159671787670334e-01;-9.735461997044686511e-01;5.054701591666268534e-01;-5.089636257074987569e-01;9.724753287422624126e+00
3.191208418685413384e-01;5.040938319439418613e-01;1.343546506622051329e+00;-6.237160349163927142e-01;1.334946728383643144e+00;1.223579659759273630e+00;4.132683187700315897e-02;1.536491292966189193e-01;1.187051150666381893e+00;5.549671649986129829e-01;3.360177016164754491e+02
1.367651303935972340e+00;6.287305482596371453e-01;-2.520438470619065008e+00;1.670738473797489174e-02;6.604889823456973064e-01;-3.027745451255383080e-01;-1.324255849433367549e-01;-1.875970000916119262e-01;-2.604305864951131366e-01;8.479772902614343688e-02;-3.451810593106125680e+01
1.458979816831838860e+00;-3.285532517902974847e-01;-1.932734142568938607e+00;-2.499184848395286374e-01;2.745361875832816878e-01;5.664654841095343452e-01;2.314615824987729664e-01;-1.083348473692941905e-01;2.694234520549010914e-01;3.097295030870086952e-01;1.179760972939336625e+02
-7.165734884241051761e-01;1.365973955887523628e-01;-4.456503030299945323e-01;2.053818690086595566e+00;8.581390709340159795e-01;5.308943142159493478e-01;-1.231364353522676064e-01;2.538527797227171576e-02;8.095944359718858507e-01;6.025802679783408555e-01;1.532063857313354731e+02
8.711247034316923488e-01;2.897748568964129134e-01;-1.870791921025855675e+00;-3.515134840413086659e-01;-4.080753730215513908e-01;1.201213922163944847e+00;-2.038124535177853858e+00;2.075400798645438805e+00;-3.260235321678411347e-01;-1.008086310917404083e+00;1.389895782700403970e+02
-1.680779624910651693e+00;3.326207847810388474e-01;-4.665075273501171904e-01;-4.089155349199862788e-01;-4.180091286334197687e-01;-1.143671301539058272e+00;9.595758923851349653e-01;1.017372058399266810e-01;7.476102452720500002e-01;1.029758164309032109e+00;-7.582704991275038253e+01
1.574146786032408762e+00;3.959142209580454042e-01;6.763570476749083404e-01;-3.768712074223790065e-02;8.957962182359284764e-01;-8.373807896824668751e-01;9.252818927168313667e-01;-1.171720049743754655e-01;-3.459072806668278544e-01;1.686513676101955017e-01;9.628071325743623277e+01
-2.528245100313714300e+00;5.547991876538048428e-02;2.575817492104368056e-01;-1.300735070387335712e+00;1.508676285115625182e-01;-8.452301054368538402e-01;1.858778836222663433e-01;2.429025407112514467e-01;-1.069104291165963172e+00;6.361804886840359829e-01;-2.771518987878333746e+02
3.603687159048610811e-01;-6.355410988155566487e-01;-8.174081344143397931e-01;3.212914707573880091e-01;-9.800623018406141584e-01;1.271065326007033480e+00;-1.617800613815337130e+00;2.083225086255921510e-01;-9.106450871824898208e-01;3.807780713650517068e-01;4.696271015303924656e+01
1.496003169555525814e+00;-4.317654889933730256e-01;-2.216033901826494623e-01;1.730815193044742850e+00;-4.145638632486934316e-01;-1.055101630266684465e+00;-7.962241227738192650e-01;-1.663386711359532866e+00;-2.936925257056291483e-01;-6.936979676166672437e-01;-1.892325237952416899e+02
5.399509007551028805e-01;8.889877491836430945e-01;-2.946904219284014470e+00;1.604735012294853158e+00;-3.306800136176786531e-02;1.323340922489937954e+00;2.208417702903523183e-01;1.730517951827958534e+00;-4.299914086148390324e-01;-4.282437907551899653e-02;1.856213590002479350e+02
-2.035902570104775933e+00;2.524509276607494801e+00;-1.520721529634119884e+00;3.841601779674775341e-01;-3.297982570458398155e-01;-1.932372087495808577e+00;-1.987310229726428457e+00;3.708518927109968333e-01;-5.427989717169651174e-01;-8.715904710684280188e-01;-4.264991239876342206e+02
1.178087368562174664e+00;-2.207547565671355017e+00;-6.594954368384278176e-01;1.704846806969140816e-01;-9.501525300518721684e-01;7.002098475187653603e-01;1.060725763868382437e-01;-2.628404994623932400e-01;-1.124165984761934078e+00;7.077916141550176787e-01;3.624713461320810381e+01
8.936073859623949733e-02;3.268322094835202640e-01;-1.061320076123160455e-01;-4.761991603989871868e-01;-3.598404607803878386e-01;6.141058052896842812e-01;8.958508801028058910e-01;8.653587090500699519e-01;9.845698459571985417e-01;9.148000597756854313e-02;2.234160566484002572e+02
1.613711269058647035e+00;3.213572154502730704e-01;5.974000698498580508e-01;7.011727423108983226e-01;9.640871682883572769e-01;-2.441566352906486825e-01;1.189470488924640579e+00;4.219207542352847451e-01;4.535343015139798317e-01;-1.227607815136992464e+00;1.394211264383029345e+02
-2.256563807122516363e-01;8.139808601977411850e-01;-1.616713374948014259e+00;-2.293823318554672197e-01;1.616300042721916519e+00;6.373246830230725468e-01;-1.392735472166996447e+00;1.286174504049665268e-01;1.389024362962761661e+00;-3.455062395396351488e-02;1.293678649018594342e+02
3.865862299051922024e-01;1.983633652436019412e+00;1.829944496452604041e-01;-8.342713430679654651e-01;-6.566240707997047510e-01;-1.471395048141069528e-01;8.739897510068824760e-01;1.188043451779194001e-02;1.359297599364805764e+00;7.843924608367008888e-02;1.299369412925630058e+02
1.083392143583352230e+00;5.512833327755874979e-01;1.609343375609876947e+00;-1.685492392868577438e+00;-1.855485345928536978e-01;-8.790162689504511517e-01;1.662098136241370316e-02;-1.000138921239956735e+00;1.322973308345543275e+00;8.839831604696676282e-01;1.304730939559102012e+02
-1.389572466763596026e+00;-2.499405714873573103e+00;5.947543416652859571e-01;8.534155587803077259e-01;2.439752406339272817e+00;1.022570432009640262e+00;1.384272818510518199e+00;2.290942572590741744e+00;-1.645398746956891811e+00;5.639091200523596026e-01;1.907491062644998578e+02
1.538394984438278268e+00;3.461658210547809422e-01;-1.986157228784640183e-01;-1.002541962004929177e+00;1.578615390478629976e+00;-1.511359008594784399e-02;-6.582222437501885626e-01;6.839386063666251514e-02;-1.253669859975085621e-01;8.143228514077770486e-01;1.732684051583787550e+02
-5.954709212729383458e-03;2.094700836477725869e-01;-4.596567722729969496e-01;-1.079842447781486969e+00;1.193112945851027895e+00;-1.882613350863065471e-01;1.021515392781863873e+00;-9.845340504819680705e-01;7.840027793107480214e-01;9.189148546583293387e-01;-1.188111153663566455e+00
-2.768893557688035800e-01;-1.315441307049845632e+00;-2.243605198057348898e-02;-5.795054176271757090e-02;-5.550167015441094254e-01;-1.254160986995603855e+00;-1.402369283423824831e+00;1.309444101402647886e+00;-6.717207892580773221e-01;2.091094272732477055e+00;1.208159390011273473e+02
-1.046121085062504230e+00;-1.188963419534961874e+00;-1.365021795426635265e+00;7.014947819247144833e-01;9.578396311082676418e-01;2.909473643394853704e-01;-7.908817916945654058e-01;-4.988015412811769994e-02;4.734074157124664173e-01;3.400809622814680161e-02;-6.258048162797992120e+01
1.070574529922967560e-01;-6.860497570351800078e-01;3.418252139549665114e-01;-6.003754168856451079e-02;-6.129832712706895226e-01;6.879329720514281155e-01;-5.704116685294176314e-02;-6.172122466479615932e-01;-3.451468811380271617e-01;1.183987443196889311e+00;5.531727057046496299e+01
4.612720843178311769e-01;3.971382171963468155e-02;-1.513830501244853632e+00;6.308756035961555764e-01;2.939493879431622214e-01;-4.509940170293094130e-01;-7.725421118422358679e-01;-1.422876907811554403e+00;-9.243573336303755328e-01;-5.796399966830252659e-02;-2.492895733943926473e+02
-4.554670562497404873e-01;6.353291952162062328e-01;-1.375634088786361842e+00;-4.736454576511910375e-01;7.075918219746195614e-01;4.746334855667921349e-01;1.178252847548002302e+00;-1.176673021928533597e-01;2.449570931720039257e-01;4.081359127783563689e-01;-2.670587271397936391e+00
-7.615878650362198909e-01;1.551245266427729419e+00;-2.703348047107357210e+00;3.393558127562203430e-01;-7.037103993314333117e-01;1.454272174057593958e-01;1.692346572463204746e+00;8.822864925992156548e-01;-3.060139543574088572e-01;1.443264717260368257e-01;-5.936279366127959634e+01
3.427181420022222536e-02;-3.221016355985713453e+00;1.366389411854438407e+00;-7.377367046848408716e-01;4.757519918315319951e-01;3.097267791360022171e-01;5.896392313574000399e-01;3.955988347629423307e-01;-1.680870459238120285e+00;-2.651828063044948891e+00;-2.761915872059703929e+02
-7.654812204420856636e-01;-9.653961591817005194e-01;-3.155676925345221595e-01;9.465485277167823286e-01;1.895574773228559939e+00;1.728916847876924845e-01;-1.916300765997706934e+00;-5.895171324965108317e-01;-4.354567207888060398e-02;-3.481231475795245472e-02;-7.021751113264747346e+01
4.912076654119962860e-01;-4.835614838465370768e-01;7.268052432934134222e-02;-4.114931445621802242e-01;7.396531517246713872e-01;-1.393972006632341609e-01;-1.909356087507292798e+00;-6.121669171548207444e-01;-3.580293797469862316e-01;1.318302324852669294e+00;3.739451956034074698e+01
6.455877121741934177e-01;1.518294254043312148e-02;-1.095270518842804686e+00;-3.176703813196000592e+00;7.826298263165181179e-01;-2.320315598230423326e+00;-2.423283386969214692e-02;-9.748065759228419225e-01;1.938123769802521310e-02;1.202451247983072236e+00;-2.025579776268500609e+02
1.296063061781396186e+00;-5.246624070668030049e-01;-7.239903317426090723e-01;-1.953903511770239687e-01;-1.512992202325223190e-01;-3.655059369852658446e-01;-1.395789202192485146e+00;4.936548476431508736e-01;-1.107156816802451704e+00;5.913492417584003125e-01;2.227051160884788317e+01
-1.026710491785266077e+00;3.067899624614517928e-01;1.207704655513616859e-01;-6.390653328320161641e-01;-2.227482131520212016e-01;1.355180027917954333e-01;3.689172029082466997e-01;-2.133119217718110860e+00;1.704154175931119342e-01;1.165170768524556588e-02;-2.783317585261032718e+02
-4.236907169106759463e-01;-1.080407329278501694e+00;1.830129283114820538e-01;-9.915270411046321897e-01;4.664445968402612941e-01;-5.379785288219550710e-01;7.904780215027921997e-02;-1.177416505249288647e+00;-4.891561751842161687e-01;-2.881560305111176556e-01;-2.830847950725823807e+02
1.124414149970889065e+00;1.255937040015696837e+00;1.649568754090246780e-01;1.132096880834689179e+00;-9.447528520088898096e-01;-4.142107809275326069e-01;-5.171311130804583794e-02;5.745617175367153662e-01;1.212983928549370649e+00;-8.727610707885382624e-01;1.605163907701217738e+02
-2.120896699204256330e-01;3.350543519121714220e-01;-6.891117977217902091e-01;4.676901038588854864e-01;2.231622162402000648e-03;-3.378777754738067629e-01;-2.746437493662974294e-01;5.647891059076480813e-01;5.422030069090485460e-01;-4.572185393191959268e-01;1.357910704436571336e+01
-1.983762209453044489e+00;2.044938798031026295e+00;2.418355753572451139e+00;-3.116036480147761634e-02;1.845399681250378787e+00;9.686603247587562138e-02;1.028698715889899473e+00;2.251709322269358216e-01;-5.202090134540809929e-01;-9.217178364819150760e-01;-9.652078866755788056e+01
-3.933822977446570501e-01;-1.568144313420050562e+00;-3.971153315678528362e-01;-4.147177799914766871e-02;-3.936115820330099435e-01;-7.603636412161305369e-01;3.824333156925354138e-01;4.572130636925138547e-01;-7.624179506029143960e-01;-1.312163201195517770e+00;-2.625695461665345647e+02
2.333016418252688240e+00;5.644982040474970653e-01;-5.902146122004895412e-01;-1.204974138993595151e-01;8.673944929979759966e-01;1.257576960031423809e-02;-1.636801864310791554e+00;-1.161751300176411261e+00;1.295927861573750617e+00;2.523373331399557884e+00;3.795674042005755950e+02
-8.873294588557711915e-01;-4.536363875916827881e-01;1.096069907477398520e+00;4.253213083301103925e-01;1.261519252535515889e+00;3.562527887060835674e-01;-6.671890847775053812e-01;1.726226545635632492e+00;7.717961772356611849e-01;-7.329688991237589546e-01;2.063248396875398782e+02
-3.542097616654489300e-01;1.597674996704982808e+00;-2.966687366744715226e-01;-9.971435467856862855e-01;9.668834167557434078e-01;5.661773907701724839e-01;3.226706307420114106e-01;8.573221919061772001e-01;-8.318066010440867963e-02;1.105593145289484269e+00;1.627557150057260458e+02
-2.741489429477376838e+00;1.512234910665598342e+00;-7.323827455950799870e-01;-9.074963807359919254e-01;-1.829094413921216855e+00;-1.984564395440359674e-01;-1.679208090053784241e+00;-3.694118646749831869e-02;3.882149915910729776e-01;9.751071432888087642e-01;-2.266887955385669216e+02
1.342048538846011066e-02;1.056288483746123052e+00;1.106461770812071643e+00;-1.250216025894801186e+00;5.069157201363106990e-01;-9.544386262909633212e-01;-4.020473453637896100e-02;3.975277565731539231e-01;-1.328308895901952370e-02;-5.019919601812046217e-01;-5.561806195805740316e+01
1.565103405574243878e+00;4.751463476128848368e-02;8.321102172211272130e-01;5.469684731271997613e-01;-9.938252888572711718e-01;-7.746013478853116530e-01;3.072039458978720883e-01;-9.604169204092288803e-01;5.003332073206253616e-01;4.420617488045251731e-02;6.252747807792493262e+01
-9.460400182515531498e-01;-4.917413002709045827e-02;4.788878267521494425e-02;-2.816883207891296426e-01;-2.281046844515166316e-01;-5.412944891384287027e-01;1.317058677967364533e+00;3.425309897295931716e-01;2.163474853700142031e+00;-1.817342448536189148e-01;7.766458446557646766e+01
8.696059201056601795e-01;7.569886166453518861e-01;-1.778720248904278600e+00;1.496044311489183043e+00;1.876795812558065935e+00;4.134349032237008559e-01;-7.737891991035730221e-01;-9.221653241776254228e-01;1.355637858804950913e+00;-1.244654703311417032e+00;2.957538842976354232e+01
1.562888768508197801e+00;-1.703871586826718909e+00;2.218780233448133909e+00;-1.590452104000512901e-01;-2.998381962748805640e-01;-2.433839793750180724e-01;1.904136589573006910e+00;-9.244659881295543835e-01;-2.739930818293042081e-01;1.625958915362063273e+00;1.975061523647194690e+02
1.194109403047372453e+00;-1.725806728790596711e+00;-5.975101946916415718e-01;1.422369861698507654e+00;4.620608932518964762e-01;-4.644042623093876387e-01;7.833905092825954597e-01;-6.775646523356551043e-01;-9.811655311396816348e-01;-2.515388860444957020e-01;-1.001728212665310451e+02
-1.115126262663487688e+00;-6.975419424751145847e-01;-1.177031631453071103e+00;1.562354509373229616e+00;1.949677059907586052e-01;-6.553275232007943485e-01;-5.529240162362339950e-01;-1.618822571986440417e+00;7.321945031246504532e-02;-1.058146431294411549e+00;-3.856014696516717777e+02
8.271154285657680294e-01;-5.182526388612024304e-01;1.351114089986715117e+00;1.292745289518206997e+00;2.113965674706589082e-01;-1.271919001112722825e+00;1.062657290787526465e+00;1.325276090437037535e+00;1.579743122514516984e-01;-3.756336657655355848e-01;1.786897677542856968e+02
-9.486219012089668334e-01;3.181593274098851731e-01;-1.224225008355580568e+00;-1.357698726867551997e+00;1.391042475055945360e+00;-9.096321727447022054e-01;-1.138782936976213023e+00;4.136478982823735273e-01;7.310425438074330540e-02;-6.538970942319644042e-01;-2.247926285415271366e+02
-2.359699872109716212e-01;5.964411375817526562e-01;-1.237326800997566173e-01;4.578056099257847289e-01;2.668183962954018829e-01;4.215460835365612557e-01;-3.391222792700387401e-01;-6.342858476894031039e-01;7.441857103150345543e-01;3.700611152689553540e-01;7.073142777414312832e+01
1.738851351853331284e+00;-1.167659157952466303e-01;3.937972982162515345e-01;-1.927672579345609982e+00;8.141517621182665643e-01;1.832557043479201786e+00;4.820667273353861360e-01;-6.355578414044034119e-01;-3.212427661179116933e-01;3.687331473175197161e-01;1.689853932975170210e+02
-2.090232572860252769e-01;-1.384559839837738171e-01;-1.195883062035184352e+00;4.446026682201407176e-01;5.885784044206096022e-01;-5.805234498047227021e-01;1.669904504351406249e+00;-1.224298236289365738e+00;-8.505204542093001141e-01;3.946715298229810931e-01;-2.240966395517432659e+02
-1.508075879801010100e+00;-5.198252221735388812e-01;4.122805981434999878e-01;-6.161001532392836877e-01;2.587271455845309820e+00;7.560878806950055431e-01;-1.976216064390311722e+00;1.884400804207568558e-01;-7.419394537564758529e-01;-2.011077952894263221e-01;-8.527412592679175418e+01
-2.876032282046416810e+00;-1.167641213063051325e-01;1.303874145931378958e+00;-3.285372220885403594e-01;9.421743035938687783e-01;7.158663371640762163e-01;6.422919936033015809e-01;-6.672232368866480856e-01;-7.285288762214843228e-01;1.583919557524684774e-01;-2.223408219334031912e+02
-1.387753081001436906e+00;8.274494342320363321e-03;-1.173817997098424160e+00;-1.675840164551847700e+00;1.670431041691441409e-01;-3.854009764969582030e-01;2.852819511674942743e-01;-7.722350213415422049e-01;1.138698946694647995e+00;3.220204796552139093e-01;-1.669880231188502364e+02
1.222975030322837747e-01;1.252245026479072709e-01;-1.402605271799693520e+00;1.749576743186939343e+00;4.059169120388238239e-02;4.886007032570433006e-02;-7.019916878067553601e-01;-4.294055411252529764e-01;5.432980290363879083e-01;-6.629009175509481544e-01;-1.339091717850734398e+01
-1.391958380951731300e+00;-1.820760277802016214e+00;-7.668640380045523841e-01;6.807226924862103123e-02;-3.459193290471707094e-01;-1.151096939232391508e-01;8.891538247878059131e-01;-7.057734830953651395e-01;1.704102078059117842e+00;-1.121751102855887972e+00;-1.796901037267306265e+02
3.520115910908643286e-01;8.071372672644666624e-02;3.948200204121766754e-01;-5.261653710601874590e-01;-1.442888574057693551e+00;-8.994479762596744310e-01;-9.914422843961567811e-01;2.340722611525677177e+00;-2.136771705882156702e-01;-8.796063091639898524e-01;7.396566415958692176e+01
1.692313019104875638e+00;1.625330309075194934e+00;-1.045694970877912189e+00;-2.089179573708717375e-01;-1.086710811384727249e+00;3.537141708863911910e-02;-7.712694166774808346e-01;-1.361675030463630920e+00;-2.597211710765324200e-01;-5.029096500380191292e-01;-1.388365202357514363e+02
9.588163064676724634e-01;-2.215996943850393197e-01;-6.844649266641564256e-02;2.877556408099858631e-02;9.784578056665501622e-01;-1.947342474140814295e+00;-8.105286298216263230e-01;-1.440981634524918675e+00;1.127686294516428989e+00;8.569755369827860569e-01;-3.363197676323229857e+00
-7.710170941410419976e-02;-8.895144296255232952e-01;-2.646568332379560795e-01;2.720169166589618825e+00;8.271832490360238044e-01;2.766907993300190549e-01;1.300189187790701945e-02;-8.158102849654382815e-01;3.411519748166438881e-01;1.453534077157316862e+00;1.563444756263333488e+02
6.568987063196474185e-01;-7.055379472784609751e-01;-1.262962936867322750e+00;-1.911159325260487707e+00;1.237546425242770642e-01;5.990977407950356243e-02;3.120621317267384121e-01;-8.460396726276344648e-01;-7.223474046150294425e-01;8.582704301818717685e-01;-1.387415818505373863e+02
1.285582234361679399e+00;-1.320077187737301649e+00;5.845240518374347216e-01;-2.681391392417632469e-01;4.752586047173115169e-01;1.415957867398828229e-01;1.170661629317660157e+00;-2.387526020634343216e-01;-5.706129143115593744e-02;-1.655224712189433012e+00;-3.075862221555166798e+01
-1.946972961166816840e-01;-7.188323876087303610e-01;1.578118057562184484e+00;9.854496856152183959e-01;2.522403964266773935e-01;9.175248444837286188e-02;-1.162290431219581699e-01;7.450053128772811117e-01;-6.418817710849775149e-02;2.147131831705263449e-01;1.674525608264564767e+02
-8.696630812746943828e-01;3.764095260975166002e-01;-3.286184757489846175e-01;6.031874310823430729e-01;1.642672953255963408e+00;-1.189411892867327847e+00;-9.006207346478687370e-01;-9.020515543575103878e-01;1.125434784414769407e+00;6.383919256083829818e-01;-4.606556574675153115e+01
1.079839207252288324e-01;-3.861127760861416403e-01;-5.783661237759374352e-02;1.127788027111645830e+00;5.969188057973626865e-02;1.934063671897169601e-01;1.061829194402162807e-01;1.015220891814305304e+00;2.606859163149769731e+00;-6.378086928599359107e-01;3.295914285525640253e+02
-1.102292149836423318e+00;-5.312142946075985028e-01;5.348173363459102214e-01;1.228980502489061877e+00;-3.078084711388840988e-01;4.086073077017676192e-01;-8.385857984472310234e-01;4.838766511880397414e-01;6.813595104429479576e-01;-8.866809222834572957e-01;2.310735855506866798e+01
-1.233440640461104520e-01;-3.187483152461331182e-01;-2.944557575880339950e-01;1.452755545126183101e+00;-2.357112448566685003e-01;-6.556877194614436632e-01;-9.394632419859826333e-01;-1.029811848541845043e+00;3.090474430326539124e-01;1.119244917564095942e+00;-6.874377527275388644e+00
1.480183076881864679e+00;-6.519521540233856882e-01;6.485467476329977998e-01;4.226306496497918980e-02;-1.769510236352472177e+00;-1.628254047715174346e+00;-6.431045011924604871e-02;-1.000278589413359231e-01;5.087633310493044903e-01;-1.212740614874805001e+00;-8.080874986382717395e+01
7.297729370341954347e-01;3.144445908748525476e-01;-2.831518848798756927e-01;-2.025039913676172976e+00;6.868579110122561282e-01;4.303097332128143909e-02;-2.065302775040610328e+00;-3.589583851794137526e-01;-9.310017116324414976e-01;2.121631307330203331e+00;6.465106626721227201e+01
-5.044226832971694385e-01;4.672522151827898096e-01;4.359476297154723512e-01;-7.619412381350837427e-01;-3.860025756494392946e-01;9.262574910843922593e-01;1.820982458158620365e-01;-5.442961463142919065e-01;-1.519892799618984824e+00;-1.035961928606639493e+00;-2.575002478340412040e+02
-7.922759541714712306e-01;4.395100188191182200e-01;-3.377490327019350147e-01;-7.981858938969660366e-01;2.672156742628013948e+00;1.960717832038702868e+00;1.562668505230683014e+00;1.946285779174110608e-01;-4.120522697849219318e-01;4.782239401626233732e-01;1.298533818973078269e+02
1.162989595677338173e+00;-1.479887475228535698e-01;7.664559598497087123e-01;1.432988276709578068e+00;-3.932364091628454128e-01;7.156090679730907622e-01;3.395688516516826017e-02;1.709763251664573325e+00;-1.530805044814027294e-01;-3.614341963503122646e-01;3.190266537989418225e+02
9.653266671611265837e-01;1.072929614507346585e+00;1.435570993163623355e+00;-1.828405880841962983e+00;-4.177830125136188233e-01;1.852040044813670017e+00;-1.097610982275726732e+00;-8.533994740391114275e-01;7.043362098540788541e-01;-3.616281093725456364e-01;1.493778935017349170e+02
-3.275327021599838684e-02;-5.736620068802362749e-01;-2.650969808393011995e+00;1.091506851922461774e+00;1.064302276918968337e-01;-7.128457826771643635e-01;-2.549772174208552733e-01;-5.468589412403921379e-01;-5.434247711337649722e-01;1.503992988582688595e+00;-1.006062412863585678e+02
-1.408960746792039309e+00;5.838370815390589996e-01;-4.802144341323994481e-01;2.688507864009919146e-01;1.295207072669644077e+00;-1.492102017145363835e+00;-1.620621020368239185e-01;-4.352481970051683136e-01;2.750022982918107761e-01;1.195177411511416432e+00;-1.196204155049940141e+02
6.476885381006924902e-01;4.967141530112326731e-01;-4.694743859349521098e-01;5.425600435859646575e-01;-2.341369569491805469e-01;-2.341533747233359719e-01;1.579212815507391454e+00;-1.382643011711846559e-01;1.523029856408025351e+00;7.674347291529087789e-01;1.996360926076962414e+02
3.889451623624384097e-02;3.263810078455604557e-01;5.660574588320671507e-01;-4.834839084038160539e-01;-1.544454909083554206e+00;1.182894938877925295e+00;5.201764216002715546e-01;1.361037360932807028e+00;2.113806546459646996e-01;-1.158978431882121476e-02;2.200957032678180383e+02
-5.134883637740536022e-01;1.109099465476718782e+00;1.128594067478580154e+00;-2.757853629547367902e+00;6.294764971144769516e-01;-6.544457335513070850e-01;-5.842231051986135348e-02;-1.047720116815343133e-01;1.342747603316765792e+00;-1.841565616484560408e+00;-1.551547081355609521e+02
1.902232218448937640e-01;-2.197501005262029850e+00;-1.426649210810347235e+00;4.991105067989412558e-01;1.524638596482756236e+00;8.571583884232883976e-01;-2.801911569487891551e+00;1.268713894576570356e+00;-3.796244966768338447e-01;4.342636499220715596e-01;1.673494769748376143e+02
-1.978225249374810257e+00;-1.372859451481063919e+00;-1.542801515209645924e+00;-6.327550298850390664e-01;-9.478927172689862735e-01;1.897767016745977031e+00;-8.343230454915820937e-01;3.514799003522016685e-01;4.693490206036962653e-02;7.640297815728595010e-01;-3.756640702439963064e+01
2.473333016825238206e-01;-6.439754062470791351e-02;-9.448144902417201507e-01;1.650252624387116562e-01;3.157194222965240549e-01;-9.834497634779713060e-01;1.172697577185067397e+00;-3.329503797508129193e+00;-3.008141303748422812e-01;-4.760177475989431084e-01;-4.694015847189108399e+02
2.166249754046190024e-01;3.385528762859142393e-01;1.761188124867373750e+00;-3.136726117747120810e-04;1.061370964873133538e+00;1.100821398422605180e+00;5.320061988219431104e-01;-9.379255765363988528e-01;-1.025752683640277274e+00;3.616610612470165798e-01;3.641919801693401126e+01
-1.325157155197761893e+00;-1.613368236204939743e+00;-1.104145456663919056e+00;-9.579278394952680520e-01;-8.001752986641040843e-01;-2.061523112112249478e+00;1.670086726755042050e-02;7.673193321506306848e-03;2.105086639334502241e+00;-3.651329377957844846e-01;-1.851380230708477654e+02
-4.296761270745949601e-01;9.422300175678357537e-01;-1.149304577390161786e+00;1.031415906434007823e+00;9.849501030058510631e-01;-1.308778304485956001e+00;-7.833087567250635042e-01;1.024351789859965445e+00;3.153728961273900566e-01;7.852553595715473511e-01;6.243741122691638168e+01
2.184096733380456179e+00;5.152943216244674218e-01;1.116833775529954220e+00;1.864161697440463172e-01;-6.113852473886282057e-01;-5.806483025539510567e-01;-9.294420661358827884e-02;-8.342818100346247601e-01;5.705072083545159600e-01;-2.395019220217497746e-01;1.234235617237230684e+02
-6.373871273065176979e-01;-6.231405264247643627e-01;-5.522230442809712425e-01;6.329318177555107727e-01;-5.707462937494762745e-01;1.420504247989854862e+00;-8.323555731042286965e-01;-5.554771191602546621e-01;1.189016531107551788e+00;4.714155563864040888e-01;1.071577287778006848e+02
6.561162018602707535e-01;2.056585820707595769e+00;-3.322727012500882315e-01;-6.125509023540618436e-01;6.067950250596346740e-01;-1.395951271157517548e-01;2.458192218163891274e-01;-4.708498301222838744e-01;7.692152772290495877e-01;-1.417639757227405983e+00;-6.272613915201537793e+01
1.472980003890839995e-01;1.681492457418015452e+00;2.935406206388468053e+00;-1.027923765010738899e+00;5.096830772423289746e-01;6.149446390313780819e-01;8.117055716132655085e-01;-8.838688951407293048e-01;-6.804940477640476493e-01;3.319184477078873097e-01;5.444939699764354657e+01
4.265392900265428944e-01;1.156207904214335558e-01;1.191235195180741835e+00;1.070857597912482140e+00;1.301510619855845707e-01;-1.485554149005823832e-01;2.018096732835486851e+00;-9.658716342550967004e-01;1.490143595883476779e+00;-1.187601117377346860e+00;5.042508807622562728e+01
2.669757831275602067e-01;1.491166404280179991e+00;5.224452109266942701e-01;-4.485968731091201644e-01;-6.900125998145851813e-01;-2.124027075878851090e+00;1.465835978602963108e+00;-3.005359851787681724e-01;1.678573964348757386e+00;1.092537833608303144e+00;1.077838113599725602e+02
-8.035309614270922385e-01;1.400777276195651400e+00;1.662913654987442813e+00;-8.706427909666666354e-01;-5.772209563821133482e-01;7.857322096112584475e-02;1.412096374677589417e+00;4.559683998805890703e-01;2.753229510803206992e+00;-4.690706179438184908e-01;2.399509611601644679e+02
-1.151997547579143077e+00;4.423168681644852329e-01;-5.781134587156433469e-01;-2.580085361976089953e-01;-1.176644943900053031e+00;3.859700925688758777e-01;9.280906109910811441e-01;-7.507296070055987647e-01;1.090829703498318592e-01;-1.770481137776078073e+00;-3.200156949815686858e+02
1.649480894323920976e+00;-7.068925679873488965e-01;4.506034128625388546e-01;-1.869816339532164085e+00;3.614173172731028894e-01;-7.296024698074095038e-01;-1.293141543758647760e+00;8.555556590207120671e-01;1.070610559979186194e+00;5.723903111756757367e-01;2.721991270826104596e+02
2.874482293481748704e-02;3.686733088729011731e-01;6.454841811410754193e-01;2.163254723305460203e+00;4.643654815614881026e-02;1.910990680199033398e-01;-1.359856140979919248e+00;-3.933388123273606762e-01;1.278451862607298706e+00;7.462535660272207050e-01;2.240699820954498875e+02
6.312243569717831404e-01;-1.098679373434384932e+00;-1.026625482884178986e+00;-4.581369898417195774e-01;-3.775311485598251693e-01;1.104997201804414519e+00;1.257613112576650982e+00;4.456961088927163112e-02;-1.151226657507144147e+00;-5.334524457759004523e-01;-7.657072484288876524e+01
1.390207549017313360e+00;-2.502695874514391725e-02;-6.095122021592831452e-01;-1.869713029854460085e-01;-1.311836232350159559e+00;1.035261984338060708e-02;-1.065113663075372585e+00;8.177662992002870945e-01;5.578103063518622395e-01;-3.052247043546676419e-01;1.733085317544476993e+02
-1.611002767885167497e+00;1.173636972193584788e-02;6.495813316461731546e-01;-3.427177768781444200e-01;-8.866650346843747421e-01;-1.481785334982291258e-01;-8.155917712191499414e-01;5.274386518599967211e-01;-9.198981704461536291e-01;-3.498626630764374301e-01;-1.836795345223015374e+02
1.149672018878747037e+00;-4.949654803680730852e-01;-1.551512249058929038e+00;6.620518347584731789e-01;2.887280030098363093e-01;1.267651511187973812e+00;-1.157116618713270872e+00;-4.975724983092138509e-01;2.965769385303050898e-01;-1.333128354777806557e+00;-9.293038318889781380e-01
-4.553424231453125914e-01;-1.018805197590713529e+00;-9.988208693340494548e-01;-1.222364614987239140e+00;1.054620628487318301e+00;2.165521452206556674e+00;1.024774112281727989e+00;-8.146856532376701709e-01;-3.538589628201037618e-01;1.168580364273381411e+00;5.482856351151345109e+01
1.405055585602893453e+00;-3.240721838017818213e-01;-5.148646624037820363e-01;1.978651287548503390e+00;9.211890378245601863e-01;-6.719761533534956977e-01;-3.321777939307385963e-01;-1.541033069100462782e+00;1.370695988904975904e+00;1.501276883511728721e+00;2.223410446261542006e+02
-1.464974746104888981e+00;-1.332448347894565899e+00;2.666905222320008928e+00;9.715578708624776627e-02;-1.754284852822499019e+00;-9.980946277690352364e-01;9.452756758846836416e-02;1.171167632706146655e+00;-6.684549108531776529e-01;1.806089117836961355e+00;8.298492364401170107e+01
1.090183471020446770e+00;-3.658997434293116691e-02;-3.266732475090439736e-01;1.247520996639344959e-01;-2.124477927624212822e-02;-1.967325064225994513e+00;2.935375299686405204e-01;6.596499980823704590e-01;-7.480960646216471277e-01;2.494176876850416613e-01;-3.309838869055413824e+01
1.028585779323340776e-01;-6.994145401232875203e-01;-1.892762177590051831e+00;3.114908587977898713e-01;8.031547426140219770e-01;-1.411056831066081818e+00;2.396275182389979441e-01;1.616985267047529040e-01;1.493419110598804556e-01;7.330542814659984918e-01;-4.978081321482996913e+01
-1.292262695105618642e+00;1.749583904205420648e+00;-7.837656655863964872e-01;-6.905410523162593961e-01;2.634872153310595655e-01;-5.029747705513430978e-01;2.942241290134937071e-01;1.381454078690486531e+00;6.897078052451943719e-01;-2.344078003163219959e-01;3.745140512119549125e+00
1.539356522600693555e+00;2.203232916909180217e-01;9.359731592656175270e-01;1.094934055641928916e+00;4.705714594002974316e-01;-6.427215938827136599e-01;-2.925947499076101965e-01;-3.870842444749391098e-01;4.370176220734188766e-01;-1.989034196171295843e+00;-2.143567336440690596e+01
4.732152090075886219e-01;8.176863130545541924e-01;1.954662543462489577e+00;-1.244436047748695318e+00;2.422442324896497412e-01;-6.511762938917753374e-01;-1.887862237222348361e+00;-2.337913675997170815e-01;1.102195318771200139e+00;7.025030190633577698e-01;1.718520377619602755e+02
-1.481580771551368025e+00;-6.286702470308603852e-01;5.053371476473484947e-01;5.278393499155871194e-01;-3.262337044413595732e-01;1.351903409873858875e-01;-1.345335487415241449e+00;-2.618133198692279784e+00;-1.339469774957756210e+00;-2.811640424645572844e-01;-4.883150821058030715e+02
1.548008220818692493e+00;-8.818184989854194189e-01;-9.759389015441426174e-02;-1.683382133042825579e+00;-7.537076448617460178e-01;1.014229642396578812e-01;8.427740300990269606e-01;-5.912156192423737577e-01;-6.284426891553462902e-01;-5.387262803464412109e-01;-8.808221619897837229e+01
1.056724911280418455e+00;3.362778892475625225e-01;-5.844009765960310743e-01;2.452369912868723745e+00;1.819771787312597588e+00;7.191686663554371917e-01;-8.308932774318311676e-02;-7.370293611526971267e-01;9.668071042505443913e-01;6.488819259038390852e-01;2.803557227864345123e+02
5.434029414187518253e-02;-3.564769686295440887e-01;8.742401692332416596e-01;-1.161011445504353014e-02;1.651914336867378097e+00;-1.518421986009289126e+00;5.251446587882714345e-01;3.620245509884657542e-01;7.629582567139714389e-01;1.359718213000896014e+00;1.736330159982726116e+02
-1.236478286592348930e+00;9.481429504720495505e-01;1.918606333876207826e+00;-3.532641354381582111e-01;1.730321814857168627e+00;-9.534109119668261745e-02;-2.245585897565162803e+00;-3.059544315315920748e-01;1.274440227848903318e+00;1.954032212833202720e-01;8.194031938525729686e+01
4.447738078315947585e-01;4.080528468367556894e-01;1.604896239734800722e-01;2.212531039397242161e+00;3.641402960546613610e-01;1.493634822711888965e-01;7.178466907941941783e-03;5.507975722736632163e-01;-8.256536828021421304e-01;-2.086477658371084676e+00;-6.601295041933045127e+01
1.426884122016302825e-01;3.805203053163028759e-01;-7.967812326691753322e-01;-4.583983632127938135e-01;9.136072175680342022e-01;4.596373180748159482e-01;1.335654155359781992e-01;6.907008893486370482e-01;1.603701855466930448e+00;6.756644532569765493e-01;2.866248551164615606e+02
-3.613105619672905000e-01;-3.021805869826214019e-01;-9.245641143780999327e-01;-1.597599169595432134e+00;-5.152183938082427472e-01;-1.010598219928913410e+00;1.530195198863351314e+00;-2.603137087827298579e+00;-6.418416128881927751e-02;6.649271623017409816e-01;-3.894975533691512055e+02
1.532813132323419758e+00;9.899508544001077714e-01;-1.664789001432762872e+00;1.342795315421705382e+00;-3.026610436755497457e-01;9.675229949091757042e-01;-8.373820843495747290e-01;1.525303292074591477e+00;9.880959835766873756e-01;-3.522173188974567770e-01;3.677423716962490516e+02
-8.605238679812390323e-01;3.095556467671514711e-01;1.004930294067883256e+00;-3.928010168811419400e-01;-5.517378518322928471e-01;-1.565038302092101596e-01;2.301674852050774600e+00;5.433395969990479912e-01;-7.247771959403506714e-02;-7.631063534454757269e-01;-7.461201532402411374e+01
4.084853381464702560e-01;1.675636293845562230e+00;2.991997660888958688e-01;-6.235968803326392695e-01;-1.525185436662197969e+00;-3.564271205250786889e-01;-1.947896212832355978e-01;-1.939947925666250794e-01;-8.612881023859011442e-01;-3.053091535185648575e-01;-1.250088557918630556e+02
-1.885864617864209336e+00;5.091369553547269583e-02;-6.046808501274109071e-01;-2.087069245709516352e+00;-6.590596905145408302e-01;-6.813516064352099777e-01;5.995786278137533731e-01;1.704009940620107022e-01;-3.725622805709148944e-01;-8.605073265053104770e-01;-3.786537396666626591e+02
-5.844992156219502855e-01;2.017851073709532872e-01;2.615774840654070399e-01;-1.489609612351002754e+00;8.767599891542641188e-01;-2.043768701526496478e+00;-6.205408754456606113e-01;-3.977402842455319831e-01;1.338249630762075704e+00;-7.500381776431209735e-01;-1.808421812356726832e+02
-2.095283815170554398e-01;1.095873454976825867e+00;6.942110429452255094e-01;-1.448530942033700253e+00;1.260951685480927509e+00;8.232949943553307115e-01;-5.328515408601846026e-01;3.345576345378801220e-01;-5.900259690908213894e-01;-1.133006565781397024e+00;-6.532434337595229579e+01
2.281651836538842737e+00;-4.096865926294973592e-01;-3.723190529379228342e-01;4.373131870389607156e-01;-1.880010033907763667e+00;-1.535040247532359681e+00;7.127120288613313370e-01;7.123221595801620953e-01;-6.176416769336966484e-01;-1.883150208058583797e+00;-1.031257180064499863e+02
-1.570236654081844652e+00;-9.205832258364774479e-01;1.366746736694397057e+00;3.131430231335321501e-01;-4.894669953419907849e-01;3.891582801733029645e-02;1.670029216957383267e-01;1.516288450556014133e+00;1.232283829510831152e+00;7.333480071781809384e-01;2.437747410678115614e+02
2.426085613853052880e+00;-5.868127156030816804e-01;-6.711638753511131594e-02;-8.326072197388483254e-01;1.939463549570124012e+00;6.234171586011584276e-01;7.899077468538932001e-01;-1.203885634372984903e+00;-5.277718759454260722e-01;-3.004428088275515329e-01;6.108544562901106190e+01
1.086530557898821803e+00;4.550450942422218370e-01;6.373330412721927019e-01;1.695404102182861694e-01;-1.797325140101208585e-01;-1.026068082741157683e+00;7.166413975085132726e-02;1.822392832551397612e+00;5.231600334021624388e-01;6.966315012177469734e-01;3.345054992999226329e+02
2.974620531178165384e-01;-1.625544033562061008e+00;5.101243612500748759e-01;-6.493648196138809281e-01;-1.061940900397531501e-01;-2.848369377422013682e-01;3.098299434071257519e+00;-2.506571570536716642e+00;1.394977961474588579e-01;-2.581751380314343813e-01;-2.379409624820461602e+02
1.188913371474642933e+00;8.004095252276822725e-01;-1.630669639437638818e-01;-7.449026448064490769e-01;1.070150238316427416e+00;3.514482075415829021e-01;-2.652125924906006266e-02;7.542913298135742739e-01;7.083038472010637632e-01;-8.818746512277177985e-01;1.869035102431940913e+02
6.490933843875007492e-01;-1.086636188885281795e+00;4.528743267948912021e-01;-2.662129504064916219e-01;2.945246289935099959e+00;1.562265110655069345e+00;2.505142037555971313e-01;1.028142431550689018e-01;9.205095750656787645e-01;-6.630921738253878761e-01;2.626491924463709893e+02
-1.122544806244413884e+00;8.187776437548606179e-01;3.906959209281441470e-01;-1.326472128311082965e+00;2.714953108256479841e-01;1.017661466843502449e+00;5.514762752395232503e-01;1.537931918412552834e+00;-9.175028210142636143e-01;3.405892164004967748e-01;8.273476153384548581e+01
2.277091184759582887e-01;1.519378182951953038e+00;-7.499695279726563690e-01;-8.472699442196283126e-01;-1.193093118030248978e-01;9.973392257590771859e-01;1.574934313789058571e+00;7.300800925375974249e-01;-7.340049942891510026e-01;-9.810872632946813221e-01;-2.152461496324693968e+01
9.540017634932023149e-01;5.708905106931669859e-01;-4.853635478291034588e-01;8.187413938632255583e-02;7.589692204932674269e-01;-3.152692446403456139e-01;-7.728252145375718030e-01;1.135565640180598912e+00;6.513912513057980025e-01;-2.368186067400088746e-01;1.913804537008625175e+02
1.041107816524563079e+00;-8.343763117547379204e-01;-2.024431741833357112e-01;-1.127504247086496214e+00;1.192477402507571504e+00;2.484144080745335881e+00;2.040003810776914728e-01;-6.251376817721002177e-02;6.530079383099037793e-01;6.771499741332931421e-01;3.528353018183127574e+02
2.715788371953734570e-01;4.296182191325858546e-01;2.831837613046117239e-02;2.975613949574518885e-02;1.053152853332903538e+00;-1.081056540408262379e+00;-3.955515385665504119e-02;2.076876871631111454e-01;-1.276748575820309428e+00;6.815006973726244199e-01;-6.720960117321537552e+01
2.492183998600686845e+00;2.494509459300722209e-01;-1.965555891476505224e+00;-5.871152706201475668e-01;1.165785120124638030e-01;-3.177608940173958230e-01;1.071515935581038637e+00;3.992281929393270978e-01;-2.751214282550466517e-01;-1.506534030190399109e+00;-1.977254176450581724e+01
-9.499957035196952004e-01;3.197990615288397002e-03;7.520463836188296947e-01;2.050172936766846837e-02;6.533683837958854657e-01;-7.721489637119425264e-01;-1.071194857868986050e+00;-5.248594603244346457e-01;-5.527507870663219691e-01;1.333210561380044235e+00;-7.747423672400813643e+01
6.460453434287315444e-01;-5.883400573076859041e-01;-1.412418210685317810e-01;-8.565019571194226744e-01;2.897844786582218224e-01;6.824892092606364979e-01;2.333035562111467343e+00;9.079797578051338469e-01;-1.108174696484746535e+00;4.039404160683044420e-01;1.326001524755005221e+02
2.273137954923180604e-01;7.978843143232382251e-02;4.165235447151713899e-01;1.973684622346910944e-01;8.935422058891093755e-01;1.613358929079484083e+00;1.358949951267115930e+00;3.268524062609343139e-01;-1.090392198807438762e+00;-5.283308891104242511e-01;7.003862622242886005e+01
-1.035604056045394294e+00;1.886310815679800579e-01;2.952247583452427548e-01;-6.794449849177494061e-01;6.946691241185846133e-01;4.729874312872792141e-02;-4.365148632655435623e-01;1.608067247172728864e+00;8.810588920574333738e-01;1.071680373890589788e+00;2.520371233649883891e+02
-4.198469958312289196e-01;9.937402628679573580e-01;1.216006538911476476e+00;-7.193216868081736548e-01;3.286823494964829506e-01;-5.911468299256105174e-01;-5.373625893133997522e-01;-2.530868410141108305e-01;2.171301848484270131e-02;4.685236028188360380e-01;-2.694878148141145857e+01
1.118894597930669255e+00;-2.589387965783905843e-01;9.065441571099638329e-01;7.225204823791581132e-02;1.098484876051818659e+00;-1.716736539247833426e-01;3.576613666310893835e-01;-1.878594010087195065e-01;1.274428426687581384e+00;6.450597286257171714e-02;2.457476773541186787e+02
-1.398567573819141208e+00;9.261775475316413875e-01;4.852162794482699215e-02;-8.309501164110377758e-01;-4.871253837646960516e-01;-6.506425691218269414e-01;-5.923939242388691628e-01;1.909416640470130488e+00;5.629692366905708623e-01;-8.639907696798160286e-01;-1.249141079935675691e+01
-3.582603910995153795e-02;3.613956055084139307e-01;9.176077653550229751e-02;-1.987568914600892800e+00;8.219025043752238302e-01;-2.619745104089744370e+00;8.704706823817122407e-02;1.538036566465969202e+00;1.564643655814006218e+00;-2.990073504658674608e-01;3.524655074224514806e+01
5.211224283793383094e-01;-5.489400061628638833e-02;-1.949082803526810126e-01;1.133770096867064536e+00;8.958068125524881742e-02;5.556044660034484828e-01;-1.973384203073260956e-01;2.855540748576569365e-01;6.452155859500570134e-01;-1.512732836535116976e-01;1.725973196809766250e+02
3.141747346655046624e-02;-9.138126042794318671e-02;-1.181441261577309776e+00;-6.602198594602874671e-02;-4.281522530879146027e-01;-3.909994415236386356e-01;-8.669415358537777005e-02;8.804813009141135849e-01;1.650995514932257768e-01;4.167142213935585981e-02;1.949080735621683402e+01
-3.705133565938696361e-01;2.717716767246398241e-02;5.715306969007419857e-01;1.387845970345973345e+00;-1.484294010641856454e-01;8.098460611194270298e-01;8.247017407860973703e-01;-6.213317235219792956e-01;-2.308489679037105113e-01;5.858129835546556086e-01;5.853917867287214705e+01
-2.523457362512469881e+00;-1.329359058934063809e+00;2.546054535942791741e+00;1.712304687437599338e+00;7.206392313572670405e-01;6.427171526314837680e-01;7.736373028409669617e-02;-2.845103043392221420e-01;-3.009352929701331614e-01;8.892634247589757956e-01;1.075550631548381020e+01
-6.465284794765145948e-01;-6.115158020383546500e-01;6.381840407282128869e-01;2.127261211917848560e-01;-5.212548068561295711e-01;1.899908225987100366e-02;6.184072157441348194e-01;7.875433243268652461e-01;8.467711090082443715e-01;-7.274539247231182060e-01;4.214221607721403018e+01
-1.852342503109876137e+00;1.212437318203794939e-01;3.391416862078700523e-01;-9.906473100920593078e-01;-1.574867612474653011e+00;5.304897985298727692e-01;-1.233694164328549281e+00;-5.546668745880682927e-01;2.470856556874053422e-01;2.523299733716758975e-01;-1.861384438870711904e+02
1.302590396786231564e+00;-1.137032883147487405e+00;1.352800534896725138e+00;-4.665740712027766079e-01;5.096892312246561474e-01;-5.505870670007065870e-01;-8.143981874463237514e-01;-8.218148284213458998e-01;1.376619408680460899e-01;1.500843030280378354e+00;1.692508861323719884e+02
8.303819981330345934e-02;-3.516074282818680286e-01;-2.691108025303007301e-01;-1.004318384383008134e+00;1.304940204008033122e+00;8.983461250755290228e-01;2.854861626880532133e-01;2.422581566202862691e-01;4.221181149044621050e-01;-1.069402387235496743e+00;1.836048826295356662e+01
1.029173905232372149e-01;-9.667018907026597718e-01;1.244565160355255662e+00;2.231498911027748555e+00;4.417467363775572364e-01;1.673441885622985126e+00;1.227034597048872300e+00;-7.960641377206340019e-01;-2.314044066000105371e+00;-1.580603940809168995e+00;-1.758225059494902780e+02
7.682189106025535952e-02;-4.692057887918407028e-02;1.500759790634310864e+00;8.502217421134928843e-01;-4.937565831613124900e-01;9.962668194471400174e-01;-1.556581898659751051e+00;4.770408272231214664e-01;-1.282992224188569619e+00;-4.281151609659125112e-01;2.848685463521602657e+01
8.982445728562293841e-01;1.056730430775677965e+00;-5.862850495521519933e-01;6.254760003040509275e-01;3.428910478008213580e+00;1.044386051876579069e+00;1.151523144404756616e-01;1.436089346182015891e+00;-1.636336708574913923e-01;-1.311736692245124569e+00;1.980914523594952925e+02
2.452917426369352893e-01;8.735742526026370192e-02;-1.369463774656058064e+00;1.764825883791736105e+00;6.457976416037114475e-01;-9.449087226850669818e-01;-1.015663230879825907e+00;-7.308131256087531114e-01;-1.242500836919387286e+00;5.382116054922572168e-01;-1.833294619133790491e+02
-9.977562791069342074e-01;-3.767754697378553064e-01;1.247785796774119188e-01;2.578616172949594887e-01;1.610076123189649211e+00;-9.454683399946581801e-01;1.189283453439642813e+00;-1.474950679710338219e+00;5.670218329032266080e-01;1.333439166032964973e+00;-9.086675673727158653e+01
-7.531889127884663360e-01;1.832419104587185155e-01;1.208323285947232817e+00;2.447846196034997590e-01;-3.985920389137589948e-01;2.078383833640706224e-01;-1.037326198301342650e+00;-1.790650992956713150e+00;-2.954808139007822909e-01;-7.845669926025229390e-01;-2.649416940060362435e+02
5.558260275751273349e-01;3.607557546638348600e-01;-5.746018581833910455e-01;-3.357786177404220584e-01;2.008473010981699503e+00;-4.304276988007158522e-01;-1.472354061510777745e+00;7.228834712486950642e-02;-2.265274723828380465e-01;7.339504783642384345e-01;6.584835431983019305e+01
-3.631316468170779910e-01;1.377180936504561304e+00;2.642011910492620075e+00;5.980991550474662466e-01;1.500274609000987969e+00;3.412158424920332389e-01;7.450959382677262155e-02;1.020036506902089801e+00;8.544020011207198451e-01;1.025632113872582352e+00;4.179068889899535861e+02
-2.160912602766722035e+00;-6.944984102480511456e-01;-2.335953618801435816e+00;-8.153111147881074716e-01;4.394858279957647995e-01;1.796753465426491392e+00;1.667936645309926746e-01;4.348929626773385126e-01;-4.875445564065926662e-01;1.985226535671356762e+00;2.859464853226377912e+01
1.110753172414641998e+00;-1.178179687334276915e+00;-5.589646661359550656e-02;-7.859079596881940466e-02;-2.118895311982425533e-01;1.084477524857287545e+00;-4.666189681756455210e-01;4.328504025199739758e-01;7.551849738039433380e-01;-7.369013522317989784e-01;2.046375137190029818e+02
-6.353623888256293428e-01;-1.876552706041874075e+00;8.970661968871321834e-01;1.274875041278722199e+00;-1.845253576558495423e-01;-6.243453897132240638e-01;-6.047446645382127395e-01;6.197114459661362540e-01;-1.189666659090361289e+00;-2.205566057099069166e+00;-2.915863400916967976e+02
-7.349518768353777709e-01;-7.106919924670107580e-01;2.424629717227108072e-01;3.237550672314933875e-01;9.607400118240353448e-01;1.767928666839533536e+00;-1.861513360659200256e+00;6.836183119363326011e-01;-9.029100070479273432e-01;-7.647682898525335338e-01;1.138218460828086620e+01
7.777350472478545829e-01;1.541321144801320653e+00;4.920040541029598313e-01;-1.131068629934971259e+00;7.637997723632599101e-01;2.250038824543957108e-02;-3.916706095040324298e-01;1.333998185876925202e+00;7.468584263688564373e-02;-1.882520751467463782e+00;5.706974652870278675e+01
-1.460500899418487819e+00;-4.768764606438356535e-01;-8.774840221556317044e-01;-1.407087194784016893e+00;-1.716033248310689041e+00;6.751370564069207880e-01;2.710794299040532707e+00;1.677115870186870916e+00;1.191260681631832519e+00;-6.374528550396617310e-02;1.016552757403707545e+02
-1.553456133663265293e+00;7.536011091598140421e-01;3.496497571474735944e-01;2.010335037165706384e-01;4.015386357192050615e-01;-1.505279176161440580e+00;-3.520496560322916579e-01;-2.023931610982944385e+00;1.004829149483237094e+00;-9.961892455959968640e-01;-3.942888375490348380e+02
9.513326061105448206e-01;1.177570414149464062e+00;-1.176783782363394898e-02;-3.656094262917065213e-02;-5.887048335567698354e-01;-6.629899612710475898e-01;-8.411213675603923523e-01;9.127268131198087442e-01;-1.910978378545258094e+00;1.741922531893938197e+00;9.034937010507287880e+01
-1.243362260679890419e+00;-5.220342898417563715e-01;-4.163152573440277449e-01;-1.333158065181062613e-01;-6.374992167917786778e-02;-3.412312210234211274e-01;9.230872924501295484e-01;1.919281300144459301e+00;-1.053469034073276855e+00;4.507704171862659259e-01;-1.823043061710034252e+01
1.936700183481686877e-01;1.431588905214111085e+00;4.591613159785580822e-01;-1.100142416271035817e+00;4.816138456880944552e-01;-5.456141563287526530e-01;1.632556262921654178e-01;-7.227802554444937577e-01;6.422782566710316665e-01;-1.467918177638800836e+00;-1.607917069180554677e+02
1.962723384408632810e-01;-1.544909369593115533e+00;-1.226551003076195162e-01;-8.185248056500650238e-01;6.235995270520133804e-01;3.441337048280654343e-01;1.583717545639539814e+00;-2.259386257904186124e+00;1.312549194340226100e+00;3.287668514410580500e-01;-5.232595023121771050e+01
1.215030098189344154e-01;-4.291822902276543061e-01;-6.619351799174276740e-01;3.990047592438523139e-01;7.737428276083356538e-02;-3.987017824831893820e-01;1.184299431156725424e+00;7.999585524358215904e-02;-9.557543578226443959e-01;2.567191727957405245e-01;-9.397875608423292704e+01
-2.293907440680277576e-01;1.047317706621448297e+00;1.124353359870502667e+00;-3.340772309799405204e-01;5.142547560178348798e-01;-1.531107502555722144e+00;5.720574417141440771e-01;1.169589992427773506e+00;-4.347694981386242968e-02;-6.219101699931100374e-02;3.297414217381446377e+01
-5.289777080640152285e-01;-8.245141615276735392e-01;-1.820603300548517156e+00;2.700573583914220865e-01;-2.588544003698316498e-01;1.223083067095324994e+00;3.525049683568795555e-01;-6.085897232397003975e-01;-1.056557642760252769e+00;-5.703513664136805605e-01;-2.434922185860725108e+02
2.483251425158821968e-01;1.028768991423480550e+00;-1.073688658917752559e+00;8.108254290082371474e-02;2.016529051292546282e-01;4.002358555267751528e-01;-1.029972274776935759e+00;5.016850451687882018e-01;7.811773523601635294e-02;4.607922163315134045e-02;8.683230308835453570e+01
6.376058122312086018e-01;1.355634164147091481e-01;-1.239562286080239550e+00;-1.502870608682389308e+00;-1.518969780813314685e+00;1.195531388086709335e+00;5.045818144773902558e-01;7.285186435145362127e-01;2.587698052439216245e-01;6.265383633369424610e-01;1.708948642544284269e+02
7.276295436369798475e-01;-7.160125941406395023e-02;9.163276747024814428e-01;3.464884758979926982e-01;-8.071658010858231980e-02;7.326400772155792218e-01;7.863519031609059184e-02;-3.722223650984159138e-02;5.194588580729943283e-02;-1.998200684532107640e+00;-2.118136165516463265e+01
-9.250846204786351556e-01;1.139706681277723455e-01;1.443100194350788457e-01;-1.833705767629434602e+00;1.193586535476262034e+00;7.386343441088037698e-02;-1.340488641366436751e+00;-7.934597298834713541e-01;-4.502018916658434011e-01;-3.198262778887562274e-01;-2.431800035760763876e+02
-8.106575556986725939e-01;2.862733367774423776e-01;2.150310793331211112e+00;-1.004704860706795877e+00;9.437016343998412271e-01;-7.790804633131841184e-02;1.506528636312266745e+00;-8.447374087911762031e-01;-9.390531437019706829e-01;-7.259180859937786057e-01;-2.141998877544556592e+02
-4.931228223997720095e-01;-1.383774609423724967e-02;7.903718960517113201e-01;3.400512945688904387e-01;8.132051867479772600e-01;-1.256506894279256326e+00;-2.789629303318085229e-01;-6.897277740641738486e-01;1.443632003468814151e+00;-2.797601684958344048e-01;-4.514761358439790939e+01
-4.347946933722169338e-01;1.540752376516772326e+00;-1.819051015302547647e+00;1.868527188073090928e+00;-1.213463360152922998e+00;-1.622974962003564059e+00;1.097484971353163585e+00;-5.264823547949230020e-01;8.155942445961629206e-01;-1.171933929223194726e+00;-2.747148849355722859e+02
9.600608747015224598e-01;-6.919308406176389870e-01;4.649616455060970321e-01;2.279472620626092627e-01;-3.267445899410919008e-01;1.740858077014434846e+00;-2.628824730353762074e-01;4.899623094527160161e-01;2.997961715729297039e-01;2.314063512774156284e-01;2.921473497102854253e+02
1.068549558455299753e+00;-5.106839381956507218e-01;5.212157911887248529e-01;-2.084331621342800478e+00;-1.076954540877946398e+00;6.847148540498921854e-01;1.377974333925413797e+00;8.717244241841364261e-01;-8.857106726878992420e-02;2.148706293937051370e+00;3.562276045957493125e+02
-1.610021672908996448e+00;1.349323927810739177e+00;2.304598806276331735e-01;6.729702060319174839e-01;-2.482511138610935530e-01;-7.768620986213922164e-01;3.092783851266944217e-01;1.538016281861633416e+00;3.275927311429576161e-01;-2.127199169309193505e-01;1.271289177587741648e+01
-8.050951810305088108e-01;-2.724100166036871884e-01;-1.937053798049620523e-01;5.402879440356953555e-01;-2.603090412714375579e-01;-6.566893456274132124e-01;-1.510041211985252207e+00;1.233724278336193025e+00;1.884757610181028997e-01;-2.205382291565373964e-01;-1.294970413004996601e+00
-1.072743025739806511e+00;-1.979299810375787727e+00;1.100959634998571079e+00;1.958347454220593864e+00;-9.193845915864233831e-01;2.074082669749973462e+00;-2.530287522746329731e+00;7.479102561175338115e-01;2.392468641111495375e-01;-2.860042218801108205e-01;1.638482630045003532e+02
1.400099811827813845e+00;3.663274835410771924e-01;1.455498292078943212e+00;2.163976333301580457e+00;2.000940591283935921e-01;-1.488258212823032611e+00;-1.422633469214404034e+00;5.206777670800737390e-01;-6.276626960266963318e-01;2.453938672925390030e+00;3.353470066929647260e+02
8.900577324754597175e-01;-8.854421458301270365e-02;-2.821257769339112764e-01;1.230702904984470214e+00;1.399227950071159299e+00;-2.002012543003698353e-01;1.539142345810650347e+00;-4.538914161531283353e-01;-6.072614140860844723e-01;1.572398210270327112e+00;1.323021542698074882e+02
1.393924530541072793e+00;7.224957694429370303e-01;-1.550620446984784517e-01;1.188474966503523911e+00;-7.757859893125998996e-01;1.693774699427069153e-01;4.209727825314666938e-01;-3.166577647366436987e-01;-8.184750861301681724e-01;-1.594972697677003379e-02;4.226785050761954921e+01
3.756335138111170646e-02;-4.384273672152734225e-01;-4.795249946317840517e-01;1.629318517441612046e+00;-1.441341745715369660e+00;2.299969124386473496e+00;1.289131835437444806e+00;6.116015615496832591e-01;-1.520189056326978760e-01;6.564065654899721158e-01;2.600288133449825523e+02
-1.619173056515864850e+00;1.739472084128113605e-01;-6.996008087023638522e-01;-2.093756133119132612e-01;5.568747223681456138e-01;-2.659200741955520253e-01;1.864048530411758442e+00;-6.181750421001689366e-01;6.297395144087380991e-01;-2.141430880319704855e+00;-3.629954690595324678e+02
8.132804060645929534e-01;1.396516742158965818e-01;-1.270362046325086203e+00;1.154693766716720082e+00;1.568230160981931853e-01;-1.743672602396536098e+00;2.812304922186041334e-01;6.502463118878011594e-02;-8.438538774248992569e-01;1.489599409447649014e+00;2.202748476982321790e+00
2.420706702879673600e-01;-9.026543599878197321e-01;-8.252919608308644239e-01;-4.929182749492522775e-01;7.691357793100330742e-01;8.639235499624459136e-01;-1.877270235798839115e-01;2.698328835937087611e+00;-8.509750806815649105e-01;8.406067127833831698e-01;2.967821189320181929e+02
-1.044187178864023346e+00;2.342857008287408060e+00;1.017065543970153474e+00;1.255585224735779326e-01;-3.225487102266215156e-01;1.865727355968456846e+00;8.410815386064157684e-01;1.447654911176403936e-01;8.479287533552818390e-01;1.228728055228920146e+00;2.923183636230228899e+02
1.803050513375030472e-01;8.226824265741438102e-01;-1.151883287764789987e-01;-1.183085515249765240e+00;1.245041008223256584e+00;-5.908183480914291907e-01;-5.150919375392795652e-02;3.353172563973077502e-01;-9.561357029585392242e-01;3.753596961444732871e-01;-5.151613760197191283e+01
1.021658728197937904e+00;8.934728944259902050e-01;6.701672621304629596e-01;-3.139593706602424733e-02;7.561151761751815359e-01;-1.630612797269748171e-01;-5.318757929022689401e-01;-5.199418374222072314e-01;5.965456500708410381e-02;-2.867063218036531858e-01;5.434070958116956973e+01
-6.483563703225010411e-01;-7.053283309426673364e-01;1.871714624315838016e+00;3.545902786046826738e-01;-1.148170396484259753e-01;8.601841202180764423e-01;-3.030418209470751023e-01;1.968858851204876137e+00;-1.667783460547477725e+00;-5.455537804115271339e-01;8.232232233103169960e+01
2.440984435023865751e-01;1.220550603931232603e+00;-6.110011240896291440e-01;7.963400197488323951e-01;-5.314114011384249991e-01;-1.523172464173847773e+00;-1.930820740066126473e-01;2.013554294648699727e+00;2.739110868471789084e-01;1.050319552276355095e+00;2.140610083902675740e+02
-8.476339286190848199e-01;1.809306349733110109e+00;1.561833394960304711e-02;9.022771737866471797e-01;-7.847619081277034114e-01;-1.089633037342388366e+00;-3.705080985900289781e-01;-2.180458953923738452e-01;-6.520888885930606893e-01;-1.405567019178642019e+00;-3.272722376121875527e+02
-2.002166664916560923e-01;7.570560018194170127e-01;-8.363385364962879764e-01;-1.866448152763475310e+00;1.038292350326976837e-01;-2.273172202546831944e+00;8.606854213686301325e-01;6.899402768960868348e-01;6.834146735600306055e-01;-8.328632751545351764e-01;-1.988850598656361797e+02
-7.999405067019341731e-01;6.928575842374367078e-01;4.293408228017343564e-01;3.796396483859654780e-01;1.001631825208560089e+00;-3.930527570614009703e-01;1.393454527524431441e+00;5.825713188088051941e-01;-1.908002137123307573e+00;7.105491022977853399e-01;-7.228594312250743315e+01
-3.350378920183518794e-01;-1.505571341019683596e+00;-7.458785064361893591e-01;1.161222273154163487e+00;4.927193465670250960e-01;-1.486162274606616096e+00;3.245043223708129476e-01;-2.621639201251400597e-01;-1.133075173092156884e+00;-1.167396980067612056e+00;-3.388995257932550658e+02
-2.885486958757048082e-01;-1.371673697230465949e+00;-1.202149526076088826e+00;-3.956807117562638476e-01;-8.567720938267927577e-01;1.734936575836808492e+00;-5.555467794868665932e-01;-7.094410024275465965e-01;-7.837535211244283095e-01;2.043890316029767784e-01;-1.181380845726364441e+02
-1.165974185680461073e+00;-4.070158918067711129e-01;-2.492389651583067245e+00;6.598496121045650531e-01;-1.070320548651837456e+00;2.478462819018247554e-01;6.868274954528384990e-01;1.850781142435733440e+00;1.026905167485872572e-01;-3.983270128816280842e-01;8.539710256784260878e-01
3.498000245679075415e-01;1.838345163225043599e-01;9.153902755601617258e-01;-5.495402745955348944e-01;-1.776246333466451777e+00;-9.546424708907302881e-02;-8.059974929676087807e-02;2.693033663980496595e+00;-1.004054596842010261e+00;-8.330560570007586874e-01;1.232470887730287075e+02
-1.034312242902839241e-01;1.497431683179626383e+00;-4.902934083803673487e-02;-1.603600810448307656e-01;1.594442391749196775e+00;2.095843501809159015e+00;6.789469877622329452e-01;1.857702343537732448e+00;-1.239052702526642458e+00;-8.124023489374200269e-01;1.685256728679279945e+02
8.604734883597453532e-01;3.074066978091007374e-01;4.909749516382513335e-01;7.348777860498174608e-01;2.825799504882996471e-01;-1.671217137864114965e-01;-2.486911261835470788e-01;8.157372125392967632e-01;-5.830774385689384554e-01;1.607345576019992617e+00;2.502616453709800908e+02
2.043198839883197671e-01;-2.205625344089894579e-01;6.802871657177568254e-01;-1.157933699731306110e+00;1.825878042143362079e-01;-4.880128031720858961e-01;-2.124587250342694911e-01;-1.356545052286538988e+00;-1.187130332283324208e+00;2.504302830010448622e-01;-2.509511240040469033e+02
1.733416643704082105e-01;1.647608412365167418e-01;-1.032547601490473865e-01;-1.643188811154167261e+00;1.489863438602082146e+00;-2.232022546348051140e-01;-1.600903978476515555e+00;5.088770185601806245e-02;2.439531979085002578e-01;-8.284970247802460053e-01;-5.621073145661075898e+01
-2.906988219321641420e+00;8.419836954521269234e-01;1.328640828248231154e+00;3.131844738649799953e-01;-1.631275815460945466e+00;-1.038543820843972343e+00;-1.237426638222572484e+00;-3.692072004474461488e-01;-3.748220566218061212e-01;1.094084718329700612e-01;-3.242566393088487189e+02
-1.560241977553717296e+00;-5.435127440020236927e-02;-2.739924731630432042e-01;-4.090178478149394392e-01;-1.392512567138478374e+00;1.131299050249746418e+00;1.557519078312804561e-01;-9.170280287407903685e-01;1.854662133859584783e+00;-1.000463111036666575e-01;-4.264951032419687493e+01
-9.138967205026135576e-02;1.755422438351482151e-01;1.164710785239910118e+00;2.402306257704476256e-01;5.980922727774545811e-01;-1.085841617803899872e-01;-4.070318269460593275e-01;8.755050498444103546e-01;-1.053206396042662751e+00;6.072550177549216333e-01;1.026187975515455832e+02
-6.026243046145574045e-01;-2.643558332034668945e-01;-2.773814939933916701e+00;-1.796197214056332592e-01;-5.002610165866755443e-01;-1.059211708372902017e+00;-5.161166418714346893e-01;-7.742038183529005302e-01;1.783041104608902019e-03;2.124556229829013709e+00;-1.356074288068435578e+02
1.099073062553965974e+00;1.092525414678419571e+00;2.847009588957640780e+00;-4.676095334172274409e-01;-9.246922305235321105e-01;-4.140052351384045926e-01;1.717580205044318076e+00;5.994410153062589286e-01;-1.366246629397110945e+00;6.393628434866299726e-01;1.500682605721268885e+02
6.222071440434019385e-01;3.267447646023200480e-01;-1.553758766016064330e+00;8.178896580250286652e-01;-7.576428653545988490e-02;1.039111787420268662e+00;6.704806172412125509e-01;3.004743596108283565e-01;-1.138833117780769122e+00;-1.071857233040155455e+00;-8.581760196440018262e+01
-5.668133178023392338e-01;9.901444948725730832e-02;1.132926387301034676e+00;2.060422698444698941e+00;9.154029704849369065e-01;-6.537420298069674951e-01;1.222711792831930877e+00;-5.224147283775092410e-01;8.109137726156964154e-01;-1.668713862346129950e+00;-9.700418512558734108e+01
2.563609837384654977e-01;-1.209324467778413403e+00;1.458819135856469273e+00;-2.314180612049923924e-01;-7.614555567638506828e-01;-1.279969752133951755e-01;6.565060831752270731e-01;3.027437925050423528e-01;5.837293615218192011e-01;-1.313272287252247983e+00;1.631246976466776388e+01
-1.031826550728434988e+00;-6.161481288926278221e-01;7.043386011475956110e-01;8.782139981549946794e-01;1.316153732727417813e-01;4.343769220283679733e-01;4.915865075904735093e-01;-3.926746535260843829e-01;-8.892521624709179839e-01;2.140143897008368046e-01;-1.028076653873304878e+02
4.287612588807638292e-01;-1.507225820383938375e+00;-5.642898527190192137e-01;-5.927028229571065232e-01;9.557039711138671789e-01;2.193449550288385730e+00;-5.678859588627711841e-02;-5.567178978571629688e-01;7.704635956872265545e-01;-8.904357529426616402e-01;1.023507584840945981e+02
-4.866763228815967346e-01;-3.828174809867500028e-01;1.420184938781948736e+00;5.921139002849183930e-01;-1.912217985370748274e-02;7.065054635472527433e-01;-5.459619271149278585e-01;-6.060838322196586692e-01;9.435977762729458318e-01;-1.349649670220140596e+00;-8.755993822650061986e+00
1.538476602166413132e-01;8.495219869941239565e-01;-1.028038659092863627e+00;6.875005676357226481e-02;-6.763645030356055798e-01;1.219431082954772538e+00;-3.518737962865158830e-01;-8.667326706603131203e-01;-5.220719044983598289e-01;9.456890374971551605e-01;1.660190668834274774e+01
-7.601923217408987909e-01;-7.223001879535922987e-01;-1.455288975901215531e+00;8.701781747467708383e-01;-1.180498486997638707e+00;6.934958206046000218e-01;-2.655228614333487447e-01;-5.786510541204551439e-01;-8.669252393444344396e-01;-9.053361675148524634e-01;-3.029883358099315274e+02
5.712830531642963949e-01;-6.903381233439046527e-01;-1.341533269924052862e-01;-8.725945264061530926e-01;5.882367945150587252e-01;-7.502588076917368065e-01;7.219212524083720162e-01;-1.796197755334551394e+00;-1.621452624552221389e+00;-6.517041482182336365e-01;-4.073203966480700728e+02
-2.981525261999002918e-01;2.004423303675170853e+00;-6.110850624767176775e-01;-2.407243039890507585e-01;-1.406719432559558003e+00;-6.820253033266909792e-02;-7.623901732059759628e-02;-9.731115070159115921e-02;-6.920651986646917386e-01;1.496880273850856202e+00;-5.407747262956336343e+00
-9.081539486076704026e-01;-5.300895860048697728e-01;4.795105629413032866e-01;5.396547743450704759e-01;-2.339079854448944396e-01;-2.179509062435387168e-01;1.855118573035346330e+00;9.689787603431458674e-02;-4.222006848047443195e-01;3.782262854315101563e-01;-5.361119776722420482e+01
-6.540756831274238126e-01;-2.703232292999237174e+00;1.612278257988645436e+00;1.314914453584047349e+00;1.373658545162957711e+00;5.112025995249807053e-01;-1.374485146276918646e-01;6.778753195309076274e-01;-1.830632896856456915e+00;9.528745472029388486e-01;8.855287298515708017e+01
8.438287744856245443e-01;-6.345213234339414088e-01;-9.220243251771819137e-01;-7.158259138747501416e-01;-6.485216295046535295e-01;1.775254617328601153e-02;1.651638948685879349e+00;6.451834964809020079e-01;-3.513349354557117055e-01;-1.202719393257659503e-01;2.595105905020530557e+01
2.407531794885682808e-01;3.088330125989637853e-01;1.289752754082745589e+00;6.731813512699583724e-01;-1.760762759155817703e+00;5.655096456315441555e-01;7.533416211045325106e-01;1.702214944635237925e+00;2.601683114180394885e+00;3.811583848827777565e-01;5.081332389846637625e+02
-1.502388981689517289e+00;-2.147132099966031937e+00;4.709670697851621179e-01;7.349648157519848013e-01;3.265630158630548618e-01;3.330021294490397854e-01;-2.830790735982501860e-01;9.983045685783834555e-01;1.071864647824160854e-01;2.712114752799734130e-01;7.522402690908096190e+01
5.243699718183165819e-03;-1.594427658794367098e+00;1.202956317118988594e-01;5.144388340587490172e-01;6.228499323474987470e-01;-4.500654714792436395e-01;-1.067620429382594383e+00;-5.993750229537728735e-01;4.698059376474205545e-02;-1.423794850212934948e-01;-8.746860369128870616e+01
2.291911266818686066e+00;-5.522612521126085694e-01;-6.327395989691586564e-02;-6.597486412539658174e-01;1.582116751303567215e+00;-1.162065820256283022e+00;-3.994654904728529021e-01;-1.097143649628814055e+00;1.867462004161350775e+00;1.291874733317104618e-01;1.536374838978127855e+02
-1.309731974367632112e+00;3.308635310669119090e-01;1.298334489775416767e+00;-1.087478168112367971e+00;7.588477658387964286e-01;1.481236591623594778e+00;8.329454428250414599e-01;1.678783807386854843e+00;4.815076309913053909e-01;5.876949018678121472e-01;2.863478102168564874e+02
4.224349729014398314e-01;9.468075665118704798e-01;-8.596135138784540830e-01;-8.905688105910143371e-01;2.875639051673281044e-01;-3.672039342117482952e-01;-1.164050632405825514e+00;5.500293603337462478e-02;-4.661886119462229083e-01;-3.579904344133358340e-01;-1.287946343212201157e+02
1.755740849258218272e-01;-2.677655187248448310e-01;-4.037034339979068132e-01;8.291490350595419612e-01;9.907108466240851508e-01;1.848040191770849772e+00;-1.210210310095642949e-01;1.322703219988979439e+00;-1.024750750076390160e+00;7.271712595339491214e-01;2.664381731684625265e+02
-1.114822187352414229e+00;3.371905490105324421e-02;1.605894331717597767e-01;1.362132403685079263e+00;-1.674469460453245295e+00;-5.968947847319713285e-01;-1.090234199634638051e-01;2.685935810442978688e-01;1.196910948761352289e+00;3.437530902646009079e-02;2.627121910985495745e+01
2.872679291207924090e-01;6.289391096964735972e-01;3.116342988074248810e-01;6.452969584310429552e-01;-2.004449826772250198e-01;9.852602490538785174e-02;1.797257936830824743e-02;-1.271627962941314083e-01;-3.791467813276959420e-02;2.698040456817426325e+00;2.793844413952624564e+02
-4.282338131157487765e-02;1.237438134684139213e+00;1.200078956426861243e+00;-4.919024475062051538e-01;-2.246889333984605219e+00;8.484308822052846200e-01;-6.067002947652967437e-01;-4.573016550867899932e-01;5.802273480839522518e-02;2.112836922794727179e-01;3.487778210979660543e+01
-4.906122340266526605e-01;1.664192054783899311e+00;2.472714521087558959e-01;8.865794927576495787e-01;-1.704775744228044232e+00;-1.120896973768159333e+00;1.052547310734748720e+00;-4.760625577778669348e-01;-2.827593276293683400e-01;-1.842936906247675699e+00;-3.411948119243193673e+02
8.814075289235711042e-01;-2.156676375476323237e-01;7.959786237603638792e-02;5.540577711159071495e-01;1.355442801105495754e+00;-9.162741005637249359e-01;1.170198709196603737e+00;-8.729610904537004057e-01;7.211353625455816374e-01;1.342964972477928842e-01;5.157400735378146095e+01
1.515945146294233714e+00;-6.133636006232359161e-01;-3.607045004495735285e-01;-2.196870450238398720e-01;-1.152901943647382632e+00;-2.067818376477301268e+00;-1.540432717124296413e+00;-8.073800562841115802e-01;-1.426483156621165094e+00;3.862260641045818232e-01;-2.489120220031428516e+02
-4.914104166895624792e-01;8.248840377287842696e-01;-6.970314693648616000e-01;2.848396953554499511e-01;-1.147065599719076845e+00;1.559741947283963759e+00;2.497360678638121667e-01;-8.730525596772273911e-01;1.346480595556029947e+00;-4.309438004852274018e-01;2.164987702271148251e+01
-8.523867660741035746e-01;9.937822145304390231e-01;2.274958757320537373e-01;6.359677507117379447e-01;-4.741781751039648718e-01;6.324542166423008371e-01;-7.717719573928750743e-01;1.373914385211449485e+00;4.753656106920102209e-01;1.609520665775972859e+00;3.255764773868697262e+02
-3.181426326614268940e-01;2.307688227735451125e+00;8.183137363199619596e-01;-2.940943083886337628e-01;1.098235803523426535e+00;-6.873544343582935756e-01;-2.370885373306438115e+00;-7.436999169051833336e-01;-5.169793937523164962e-02;-5.310591703786756712e-01;-1.444206759905181343e+02
1.214884030183034369e+00;-7.268893832047120807e-01;9.987265700830983972e-01;-9.101987062279107699e-01;1.834431333140087661e+00;3.073093537363382755e-01;4.153114772403337929e-01;1.045207582032250615e+00;-9.247118804011715820e-01;1.421503285233093550e+00;3.133336998588073925e+02
-1.745969032474981919e+00;-4.649230143647206104e-01;4.873131630533160674e-01;7.927401763057719819e-01;3.397830221392301175e-01;6.884365198746685843e-01;1.520664172981186057e+00;-1.806533820457210116e-01;-1.822418241785388471e-01;-2.629749140157042198e-01;-9.027660566829625566e+01
7.472936051232618171e-01;-8.289950109220722840e-01;5.470973811700379219e-01;-2.021926524338940601e-01;1.173273833087819934e-01;-2.090159396414813242e-02;1.277664895788424904e+00;-5.601810401969695707e-01;6.103702654334648425e-01;-5.915713888358299366e-01;3.180298881243695774e+01
-2.239394243132740159e-01;-8.257871252545068153e-01;1.211821519006782977e-01;-2.026532628221493770e-01;2.652883447838081388e-01;2.798215959442771350e-01;-1.429326470974064733e+00;7.594421738225829444e-01;-8.008299824909248521e-02;1.286252086454858778e+00;1.818841850682968015e+02
1.440309019792262168e-01;1.520851232063779479e+00;1.470108336128635451e-01;1.137058860045522257e+00;-3.688831029370238657e-01;1.782024112701472651e+00;-2.950759861907126594e-02;1.016077186900107704e-01;1.811847762587133481e-02;1.463435654260994534e+00;3.214899390895241140e+02
-2.993938433322431147e-01;-1.139056666139710350e+00;-4.621159637998561998e-01;5.433565946539259395e-02;1.184695797881003099e+00;-5.388103588971174807e-01;-3.197402142675043191e-01;-1.952945797961986862e-01;-5.922443776240134961e-01;-1.134127662478432663e+00;-2.212373336359329983e+02
1.009103411728052624e+00;-2.378138821484206689e-01;1.259045004063904960e+00;-8.871625883628545539e-01;1.411546705492435549e+00;-2.762103812003258163e-01;5.082673214633489644e-01;-4.108571991364744491e-01;-3.690001892515322734e-01;1.662706016003496545e+00;1.950054735681630689e+02
-7.083684791609022591e-02;6.040516449216232209e-01;2.206468979884672166e+00;7.964958261392499073e-02;9.982176559717297337e-01;1.076994491066184806e-01;6.436687530224908249e-01;-4.100294115389108152e-01;9.112486725337687332e-02;2.077343439569953265e+00;2.615602586084348786e+02
1.078680833431295616e+00;1.683927691457868692e+00;1.476540349725895762e+00;1.380091354147451543e+00;8.836599374866723755e-01;-1.726272999408196285e-01;6.523228784134196268e-01;-4.588842628689400183e-01;-3.850846950070720837e-02;-1.576392156984249393e+00;-3.917615461595971738e+00
-9.163209190734197263e-01;1.065171965714386548e+00;4.240668615184511880e-01;3.944704824073948929e-02;3.076126681891964143e-01;-1.403750589053364417e-01;-5.245670137670509492e-01;1.452616745486179362e+00;-8.369207037962799189e-01;1.352202678867144403e+00;1.312725392999504948e+02
-1.668599258878195268e+00;1.249932190725033462e-02;2.289963924593402533e-01;-1.857901451398287218e+00;7.719201548366750876e-01;-1.728017373964643721e-01;4.413071516992458365e-01;2.868403055666768342e+00;1.058728529883878888e+00;-7.331561971099965769e-01;1.291498985897667922e+02
4.187045782923683457e-01;1.140250552671204787e+00;-1.821605838579241077e-01;2.812116825840653700e-01;8.852563208659602889e-01;-3.334862809696952368e-01;8.790141545570073767e-01;-1.180231734200370086e+00;-1.397322847607330824e-02;-9.464907959884281130e-01;-1.462859177717591024e+02
-2.014915339475179812e-01;6.515219913395057239e-01;4.572804046152411095e-01;1.455822322146766545e+00;6.683404887180808274e-01;5.987943895619102230e-01;-7.341737987784957564e-01;-1.137685670424816609e+00;-6.521315229458061677e-03;8.199555641356041924e-02;-1.882707929453736995e+01
3.152056734512084901e+00;1.362562852712452033e+00;1.923445794824953259e+00;-7.746149700185819276e-01;-2.082098703188987265e+00;2.428820131502749946e-01;5.531491563792091393e-01;1.640614563488287381e+00;-1.123494033239597956e+00;-5.482002981667726260e-01;3.017125006379995966e+02
-2.805717065985525172e-01;-1.604500432656339459e-01;4.838411250264614827e-01;-4.233189566021276079e-02;8.496447827066517799e-01;-3.461042717800152380e-01;-1.912851353347829297e+00;-2.801110077500061912e-01;-6.160275437179558722e-01;1.777294768030453609e+00;6.635896154656740009e+01
-1.519673823160388737e-01;-7.022036151761656964e-02;1.671347575437476252e+00;-9.013756798971744866e-01;-3.879649689074521901e-01;-8.937460190837143159e-01;-1.761335035509782876e-01;-2.522277917487950383e+00;1.060143818671269944e+00;-2.899513879868481858e+00;-4.356670178171058865e+02
-1.857367634184986238e-01;2.060826563902658837e+00;-1.064045927245572454e+00;-1.785822695142253724e-01;-7.815598592245849296e-01;9.483392793291883782e-01;-4.912630276613219049e-01;-5.290246506387776826e-01;-1.112764078321054395e+00;2.995204194161604772e-01;-1.378907142106719448e+02
-4.432634648179029080e-01;1.318197067234025299e+00;1.390286869531255909e-01;-4.512289032405165240e-02;8.409438825019650843e-02;-1.145594274725196537e-01;6.909109573921927705e-01;-1.358174921477593555e+00;-2.885751171541011684e-01;-4.448068381704902707e-01;-2.160826562843008105e+02
2.585975175683895788e+00;-3.841816657069755392e-01;-2.508957178495075713e+00;-7.687664100385205312e-01;1.137776780668662280e+00;6.132655446611438022e-01;-1.421349945318547192e+00;-7.621334485140979220e-01;4.190507347534600524e-01;1.752291909122031699e+00;2.605685149499958584e+02
-1.250025655587604145e+00;5.508128351835048786e-01;9.940020395062781899e-01;6.584849756591833192e-02;7.258211480387972703e-01;5.514365381755452766e-01;3.492927723542075258e-01;-2.019460687530187926e-01;3.057011907497770853e-01;-2.711151483619093638e-01;-2.203552166576631066e+01
-3.216350512173826171e-01;-3.486521344078591933e-01;-2.590421458207031180e-01;-1.963498490849782674e-01;4.300416471910696314e-01;3.819354522315533407e-01;1.030283454031842183e+00;-3.492577043184287855e-01;2.076747983560840893e+00;2.387891590265135144e-01;1.642202661339279359e+02
-4.817170509355259700e-01;-8.507827486281533957e-01;1.315821840016222932e+00;6.467439354186445000e-01;1.081316957768536424e+00;8.656746511673697464e-01;-8.378230611677818240e-01;-7.287901963773834035e-01;2.426028130549414685e-01;-8.447029987029827103e-01;-7.662591781615656572e+00
-5.891121327811269515e-01;-1.186993388305744634e+00;3.483417392461268802e-01;-8.978300664256293473e-01;-9.128109192965130347e-01;-1.779178758043981623e-01;-4.174303819894322198e-01;1.057814180820796146e+00;-9.355962987624258931e-01;3.440539215634664805e-01;-5.172127468658141680e+01
1.509523992698854400e+00;3.671997987753879977e-01;2.079200673839576019e-01;9.859483833147212328e-01;7.177387066589793196e-01;5.098872479211949971e-01;1.146962868255169576e+00;-3.147137020368389465e-02;-2.966753068740730637e+00;-6.487144105336112299e-02;-5.208921790541258190e+01
8.089192693927194089e-01;-5.964114079688795922e-01;-5.663945912147232420e-01;8.316167861804035777e-01;-2.215365975837381707e-01;-7.493576894227775842e-01;-1.176962112769968094e+00;-2.991817724274344892e-01;-5.844552918504382077e-01;1.820543907941815531e+00;8.467271286228654503e+01
1.935861025680604586e+00;1.454826174146650608e+00;-1.068520754082438851e+00;3.454141816438536239e-01;-1.980597632189064206e-01;-9.600066173385823909e-02;-4.362630321800288202e-01;-1.636403019206484899e+00;1.358559015662904879e-01;1.048116759269154707e+00;4.294977675694019581e+01
9.733374496134207243e-01;-3.477209701936022097e-03;-6.678573052672211359e-03;7.355668983025718255e-01;-5.067041762102385549e-01;3.661465259656823679e-01;-1.889812445126242968e-01;5.058643581161560432e-01;-7.559752913150118436e-01;1.606928674649046040e-01;1.042309122528615006e+02
5.918011911450157259e-01;5.536274093582319589e-01;1.185006983583015705e+00;1.061509157175844154e+00;1.246633934075568745e-01;1.862869121400176908e+00;1.099463771395653211e+00;4.203098174852042956e-01;1.259283711436168351e+00;-3.516601838342151565e-01;3.745728533600931200e+02
-6.226493617344519560e-01;4.360244637245372368e-02;-4.293022245172599671e-01;-6.924209798738559796e-01;-1.320022511220705796e+00;-7.424705856980482466e-01;-6.117690909052854176e-01;1.695051040430753053e+00;1.946074552372427102e-01;-3.703679704841202069e-02;2.539220342480092896e+01
-8.963326585920617928e-01;-1.070191562894331705e+00;1.452117699182560395e+00;1.414926496575829272e-02;-5.706404302001127915e-01;7.918593103880675610e-01;8.524686434329505902e-01;1.719040612841820970e+00;2.193023372004360705e-01;-1.229183597800416194e+00;1.138864078212353661e+02
9.537602558113537077e-01;1.029604361419693026e+00;1.756035498043702070e-01;-1.519511234719858606e-01;-8.193868304987906859e-01;-9.223513290619179683e-01;-1.188941118053348678e+00;1.982470450168927645e+00;2.171802667396601993e+00;4.417606496494793644e-01;4.173280832507800255e+02
-3.198322641280793577e-01;9.341414422336945522e-01;7.947585224719341257e-01;2.006408637712936649e+00;9.328953551938086175e-01;1.556416035571766887e+00;-3.018556770567792480e+00;4.334524416994807172e-01;1.600907991888915305e+00;1.578945092717975340e+00;5.136931081697706531e+02
-1.251539424190444061e+00;-2.412360578563298719e-01;5.697672802322039098e-01;4.477085600173149604e-01;1.117295831588127619e+00;-8.215117839256880217e-02;3.427253463777041320e-01;3.520553965142967923e-01;1.443764604073259461e+00;4.567532191537839181e-01;1.408039599807619879e+02
2.378295407583358723e-01;3.060116738572855096e-03;-6.342747168173137329e-01;1.128847487549389461e+00;2.317309420303925449e-01;-4.323011858095410775e-01;-9.273730056959336165e-01;5.846229524867407878e-01;4.796253195515729484e-01;1.288433622503388554e+00;1.950816930393488065e+02
1.126433716746030100e+00;-4.617450413461270942e-01;-7.785870468117115362e-01;6.440649229572226186e-01;1.270529224147142866e+00;9.780029759984086857e-01;-3.446348370081561696e-01;-1.304003177836637883e+00;1.601992654613412892e+00;-6.362568349860364680e-01;1.147851625107611255e+02
-7.022362057462566698e-02;-7.066691040731404305e-01;-4.994511928852134464e-01;6.690852102675239887e-01;-7.414982499127249493e-01;4.352115282896023563e-01;-3.437565195101100479e-01;7.195994976248915043e-01;-2.871095048623428792e-01;1.214610641995458873e-01;5.069008771080216036e+01
1.710394926371472391e-01;-1.348427512780981052e+00;6.683332296061608169e-01;-1.129485577595404022e+00;3.587413881083029721e-01;-1.696316235116222204e+00;1.157421945993825751e+00;1.547310983087678338e+00;1.336788382376233320e-01;1.149477060828529629e+00;1.554995290244789317e+02
-4.396161530170060727e-01;-1.212521947083678553e+00;-5.142689715706408871e-01;8.998294961329572628e-01;-1.224399773221029664e+00;9.574098452321898600e-01;-2.812936526695694051e-01;4.113602775697077774e-01;1.999821998636870102e-01;-1.185342340288641771e-01;5.303564120826848693e+01
-1.025964817480777835e+00;1.314226575703579147e+00;6.938234538591021572e-01;1.166528336221003270e+00;-3.026305759698575543e-02;1.467850444997309767e+00;2.598822900074582165e+00;7.132662507965423782e-01;6.072890151016928639e-01;-1.724061810868035449e+00;6.259599331143961365e+01
1.643541509120529209e+00;1.900268424310964654e+00;1.186145474042298975e+00;1.540323979819886002e+00;-7.239647304677874207e-01;1.167509822986446011e+00;-6.443402670219842143e-01;1.023056555252239264e+00;3.911278769327262150e-01;-2.739140206137472777e+00;2.135111871009015090e+02
1.548917953418203153e+00;-7.153375690946667254e-01;7.037958837508184740e-01;-3.678632936964836841e-01;-3.357620039981224457e-03;-1.950077926524380612e+00;1.484520765848699630e+00;2.522314799192980628e-01;1.486159237018531920e+00;2.890642990399137524e+00;4.057248493574271038e+02
6.095260452086012082e-01;-1.178923491298325299e+00;3.344385148485214954e-01;1.478071898356444036e+00;1.007910726448063010e-01;2.008450931157095831e-01;4.128745558743938254e-02;-2.196694523509601371e-01;-1.555373733841242334e+00;1.037158898658243178e+00;4.610717207979566012e+01
-1.081063327599897317e+00;-3.609661658190799205e-01;9.240270192069010013e-01;-1.849021364429890291e-01;-3.095464393139902848e-01;5.931012579683837549e-01;3.261330222421179870e-01;1.159329803364248068e+00;6.159356069442637471e-01;-1.251113576385302961e+00;4.767417658667555003e+01
-8.780835163485359307e-02;1.869270525544976247e-01;-2.239791630366120945e+00;-1.443115289177811178e+00;-1.505835483749278225e-01;-1.175810980339197842e+00;-5.393129236109787117e-01;1.281978362376686054e+00;2.079156698466804176e+00;9.365066060570078621e-01;1.683235928711712290e+02
-6.865387531537688881e-01;-2.109838240625641514e+00;1.750925941927143459e+00;-3.151851332810415296e-02;-1.285999706516493646e+00;1.068792321394292255e+00;-1.088411235672845701e+00;1.339326589479999718e+00;1.163376055163550138e+00;2.560502959355683839e+00;5.159653071992511286e+02
-1.357823207065442128e+00;4.870865591155939534e-01;-5.540443840880799886e-01;1.782397439050555643e-01;-8.515918325016023083e-01;1.828625262441824884e+00;-2.082227096127528820e-01;-1.508169209372177688e+00;-3.697166847592928685e-01;-5.363460269565218930e-01;-2.426674935806027236e+02
-1.138766077357409590e-01;3.356764806900608411e-02;-5.791288370068761182e-01;-4.578169695901856961e-01;4.307399339818507866e-01;-5.996495114509319269e-01;3.498279126800880046e-01;1.089379836154607650e+00;1.503392554179055172e-02;9.007751317905579036e-01;1.125789034779970450e+02
-1.001009544482814206e+00;1.495571736482426362e+00;-4.627366479963379020e-01;-3.070483409251014706e-01;-1.866700586803941908e+00;-6.514425498636812195e-01;-4.245981660221425091e-01;1.278434957965715046e+00;1.033189864363147858e+00;3.976375017762789899e-01;8.397036504181390626e+01
-1.500555870325267216e-01;-2.975635033599919321e-01;1.594505063224972208e+00;-8.469613483183278113e-01;1.557904758146753423e-02;-1.730718242838696075e-01;-1.096275086895201811e+00;1.375706813311619481e+00;1.255764534715422542e-01;-1.440050882594294368e+00;2.578828733271333107e+01
2.879196212460002902e-01;1.943584087377563163e+00;4.419089221642026888e-01;1.700102189802096819e-01;-1.041886932477368299e+00;-2.870822031150092046e-01;8.401019092435126068e-02;5.545333515769915872e-02;-2.671915656552881768e-01;-7.892465948861970837e-01;-5.534912755533795092e+01
-9.218236563202136802e-01;2.349108558025032600e+00;1.811555773193913144e+00;5.790763008755029917e-01;-1.353342339231096980e-01;-3.351431387781925175e-01;-1.229495157708087927e+00;9.498890682492920901e-01;9.998816376555179353e-02;-4.119232343859531298e-01;5.181151774845295677e+01
8.158535100785161420e-01;6.394280421925498947e-01;8.372094867286812292e-01;7.237994164444209177e-01;-1.090753715822246450e+00;4.159226590575907934e-01;-7.510268068190222301e-01;8.928405543192964311e-01;2.529272042131258669e-01;8.954602236748322452e-01;3.041618911302236370e+02
-9.037018607301281481e-01;4.037300903366094484e-01;2.832878715461421559e-01;-2.589049737040773347e-01;1.187679388461563734e+00;-1.179039791159802508e+00;-4.646172972983930727e-01;-2.419560639091616547e-02;3.243592817216029989e-01;2.011596558728392936e-01;-8.137455897441692798e+01
1.459160994188691385e+00;-9.277142922843684136e-01;3.017919306528726864e-01;-5.124933908809019556e-01;-2.425164495260219433e-01;1.294466425474442295e-01;-2.313859495606874983e+00;1.927987925062688013e-01;-2.073567686940046562e-01;2.059017723467914188e-02;1.040829403761856753e+02
1.069283706395183220e+00;2.736145811657051397e-01;-3.628556273736071036e-01;-1.527461356118704039e+00;2.262922672434363736e-01;-7.877224332655191619e-01;1.963552833543815934e+00;-6.005066354139633189e-01;-2.082052579899659472e-01;3.351605665351178320e-01;-7.012725871368407127e+01
5.910905313252214910e-01;4.030769933024782453e-02;-1.482228888431207925e-01;5.052613431742016825e-01;4.007372536916130601e-01;7.636681497189952150e-01;-4.265996362860370872e-01;8.949300615655605418e-01;-1.564092787928026973e-01;-1.247181582364858959e-01;1.871444564043863465e+02
-9.857260463355437263e-01;-6.267909727317187707e-02;-5.536493053471820414e-01;-1.197877892588848470e+00;-7.928728322623441738e-01;-5.302576183724407866e-01;-1.070303599545578271e-01;9.551423205012382622e-01;5.040465155178444068e-01;-1.035242322419374084e+00;-1.398403899910952930e+02
5.560220968422907584e-01;-6.354098802287370118e-01;-8.464343014589785774e-01;9.256722095027216657e-01;-4.286545269165332739e-01;-1.846573047804417111e+00;1.029440555927040535e+00;-4.129268700728283559e-02;-5.912847888018945008e-01;-3.368951267851385545e-01;-1.991065252903513567e+02
-9.338685889994828571e-02;3.174532612501751450e-01;2.252641172475495224e-01;6.927227551168594344e-01;3.215932113392385716e-01;-1.514470309180766971e+00;1.754933071647241549e+00;-3.328604043825112435e-01;-5.293321124483708617e-01;1.840163078343812902e-02;-1.478686853993291663e+02
-2.123895724309806887e+00;-8.397218421807760569e-01;9.504238381860502516e-01;-5.769036556624030920e-01;1.503937864762076304e-01;-7.591326615536979627e-01;3.417559757771594375e-01;-5.993926454440221541e-01;-5.257550216807610477e-01;1.876170839215886232e+00;-1.516678164655236856e+02
-4.901909062286882168e-01;-5.255416192019340960e-02;1.518475496415706005e-01;-6.860615265436788013e-01;-7.740256503626058437e-01;1.208439989136088188e+00;-6.760510882885870654e-01;1.153327763396889027e+00;9.080902982621390507e-01;7.126620321270068503e-01;2.820031213239087151e+02
-7.882587947345479074e-02;-1.125950896135394119e+00;-1.445867673264478459e-01;1.823358962036466080e+00;6.761016136499132800e-01;1.133237836773408162e-02;-2.154767161643398876e-01;-1.242620144944915239e+00;7.985683576930377447e-02;5.629791819048559631e-01;-1.709954754380972730e+01
-2.246799016298701157e-01;-5.060892911918885018e-01;-1.865732530553646795e-01;2.171192861062495094e+00;8.594142547594531001e-01;-4.262937643876163821e-03;1.455401337726191624e+00;-1.133042347377462011e+00;1.075021214510909706e+00;-5.880185190369670023e-01;-1.711569538292969739e+01
-2.435459226098284080e-02;5.228354880354996181e-01;6.135179727304166386e-01;-1.022792565198405557e+00;4.363236696740320775e-01;1.727543170100711345e+00;3.800347816820028729e-02;-5.737000039385790062e-01;2.142270358611863657e+00;1.200313267182613053e-01;2.789310607705982079e+02
1.538542288734989771e-01;7.620638738625979958e-01;8.537615179168945440e-03;1.609541657038369156e+00;4.156633725386062461e-01;-1.884168469087262598e-01;1.015856518992977353e+00;1.921237417089612709e+00;-6.912124377911171846e-01;-1.467033951438718731e+00;5.089911453269434105e+01
2.086047049537113729e+00;-1.181874125420801169e+00;1.121857856230470851e+00;2.320040722017259416e+00;4.164460381014526424e-01;-3.614627666939857487e-01;-5.390484900573915689e-02;4.494739128323068655e-01;-1.014759493185852124e+00;-9.823035803773145780e-01;1.337254962112231453e+02
7.388104808875030072e-01;5.131057981760827058e-01;3.672873134013406315e-01;1.838183676795122512e+00;1.085982116175032264e+00;-9.354387020445953382e-01;-5.359634451140480316e-01;-2.595466775839171958e-01;6.153674840130534118e-01;8.080577982811451010e-01;1.791624707045945115e+02
4.710469775931335618e-02;1.656322507803557498e+00;-1.381549058879438352e+00;-1.611717065618853972e+00;4.004319938562802550e-01;-3.990279315499204449e-01;1.431889063774513415e+00;1.924845495123520989e+00;2.423106130613553955e+00;-4.590044602229095272e-01;2.462229658871024469e+02
8.953554307625996023e-01;6.295295842218108229e-01;-5.164296438875717321e-01;-1.964665834280971690e-01;8.203440126124560416e-01;2.531652380379811884e-01;-3.361256470371300903e-02;-8.043157596599923576e-01;-6.315777291653313918e-01;4.547409121411343791e-01;-1.003678640771739872e+01
-6.757115301586923417e-01;2.938188067155770078e+00;5.042572444841515455e-01;-3.151920599234445119e-01;-2.914063613488931948e-01;-5.951689990751791726e-01;-1.086410953355618103e+00;-6.666192774947224953e-01;6.940967468117569261e-01;4.915579194025869181e-01;-4.288219749870226849e+01
1.222402161650502306e+00;-1.335606666646360630e+00;-1.617621458626150144e+00;4.497126074965084874e-01;-1.796991647279400972e+00;-1.879466963946166302e+00;1.620856926467755532e-01;-6.603813705355391361e-01;6.217922981228762858e-02;8.623905759176876407e-01;-1.042486059356310335e+02
-1.077166826158527879e+00;-3.431333074980899567e-02;8.105949731485923015e-01;-5.689048530894247335e-01;2.727933862859795999e-01;1.877772338794695892e-02;9.583327146851411404e-01;1.069691681739607825e+00;6.633830488473854148e-01;-1.282556693005287629e+00;-1.319545733782015517e+01
-1.821086069294496346e+00;-1.040193719815897921e+00;4.105500853276165540e-01;-2.310694774576803057e-01;5.843141664353098674e-01;3.702118899417409792e-01;-1.004757205717051460e-01;1.945195074276933056e+00;-5.976676832548570850e-01;-5.739070300154240634e-02;3.184539704264920346e+01
-8.264913757102346770e-01;-1.747110379299744165e-01;-1.891803351589201043e-01;-1.561939000971957203e-01;1.067467851070685869e+00;4.302448501512676909e-02;-3.479895495955831475e-01;-1.246340293620873840e+00;-8.669734564325521919e-01;-2.252533514783649160e+00;-4.291628057941329075e+02
-4.658055691181628433e-01;1.755475698315489996e+00;-1.130615334937526306e+00;6.227112239002685623e-01;-4.516594761596227081e-01;-7.394756560839259307e-02;1.950249840281267355e-01;1.573019725214856335e+00;-1.508377115666953150e-01;-7.582820688875901993e-01;2.329457116878190348e+00
-7.699366413833799716e-02;-3.222411538357208283e-01;-3.254543289050063071e-01;3.958049407302081657e-01;2.317927626259247975e-01;1.003137003305565544e+00;1.112268293035107103e+00;-1.312608267152690189e+00;1.264915894972302057e+00;-1.059518584694176591e+00;-3.945700996876661293e+01
-8.161841718761150277e-01;-1.411403194438358155e-01;9.258046415960592412e-01;-8.191229572560826400e-02;-1.780881640080301365e+00;-1.109307532497994853e+00;5.042676413944306019e-02;5.141326999931191688e-01;1.521337188641158633e-01;1.262277890671672287e+00;2.226233629844571027e+01
8.515910458931973404e-01;-5.996399948212036701e-01;-9.004484613780268099e-01;1.419455680797839126e+00;-1.017911490477159120e+00;-4.513028643436646226e-01;-8.221656066894068582e-01;4.119529990618095439e-01;-9.096804393124754418e-01;-1.287605283653061150e+00;-1.529096364138333115e+02
-3.934378962745504471e-01;2.088535425343317209e-01;5.724453061551018074e-01;3.970466698823998941e-01;1.972344479082200008e+00;4.704829961291064899e-01;4.642512381230035623e-01;5.821272708505646765e-02;-1.909197458977242912e+00;6.091355190535135966e-01;-2.924033083188820825e+01
5.628808601743547912e-01;1.230874513154734951e+00;1.554160420714774116e+00;8.539759765522236812e-01;-5.309708978119644929e-01;1.987061111699441218e+00;-3.351377811714517652e-01;1.685014278708509394e+00;-8.798143535020542805e-01;3.423378344896214620e-01;3.844503847536962553e+02
8.254163489880298465e-01;-2.176812032272202879e-01;3.241663524884421110e-01;-1.301430543676845852e-01;2.100384163275904881e-02;1.305478807154329068e+00;6.819529712949639055e-01;1.098776851987190106e+00;8.135096360006385252e-01;-3.102667565934560390e-01;3.210236019319075922e+02
3.343270545535034222e-01;7.497454754383476860e-01;-7.012895707915499655e-01;-8.758148246462933439e-01;-7.424867777695995930e-01;-8.385006163839522353e-01;-2.145376645179636055e-01;-2.014901232506608242e+00;-2.899813544366399154e-01;-3.601085104459517794e+00;-6.410989076215630575e+02
1.649191323334461723e+00;-8.179372904264822219e-01;-9.550822881358275174e-01;-3.255134129949364685e-01;-1.340972035981279786e+00;-5.076927701800915127e-01;-1.682067283697785465e+00;1.405089042856054182e-01;8.609101045414627729e-01;1.316099451850481383e+00;2.111466816517975360e+02
-1.993735642571455413e+00;3.308802322144570596e-01;-7.050118557584088563e-01;-5.576907765770600794e-02;-1.209641018691205439e+00;1.227668992473292198e+00;1.672572386837703373e+00;8.335289616089246456e-01;3.740565698475721290e-01;4.190190093660451920e-01;4.948484661361915471e+01
7.641876161355641850e-01;-1.154636948884728120e+00;-5.822670625087771334e-01;-4.619755979712840133e-01;-1.344346004830551777e+00;1.382433340905432795e+00;8.546273105507028456e-01;-8.806064597816493089e-01;1.972524773046905100e+00;-6.631623758092900500e-01;1.100987320260675517e+02
4.103832767868920151e-01;-7.204550706750588729e-01;-2.255791331094747498e+00;4.310096921300766715e-01;4.058240866738142549e-01;-1.448667551460943725e-01;1.637424193129370306e-02;4.113576311514390293e-01;1.214666780132902524e+00;-9.869427365015568387e-01;1.808031660948592467e+00
-6.068651778571754196e-01;-2.238231233324972091e+00;-3.850218117128636486e-01;3.829889847409284620e-01;-4.997301761516306229e-01;-2.747504842725234653e+00;-5.262478565174211198e-01;-2.120700152635066171e+00;4.576865860535520580e-01;1.388337778208447837e+00;-3.193620863733339093e+02
-1.034627898469234475e-01;-1.050437628755967356e+00;4.355463189923640122e-01;1.664852725771470698e-01;2.636669141945588546e+00;4.189592115427648311e-02;1.153502849781543826e+00;8.461184692959337061e-01;-4.895706470306716018e-01;1.162573668187840248e+00;2.055245468459627318e+02
1.457101826227405139e+00;-2.264413013637427835e-02;-4.384088880367070229e-01;-5.248268231071404749e-02;-1.915869026308448353e+00;-6.211592434452289924e-01;1.510286651273145431e+00;-1.962936177457665632e-01;-1.123901124922884520e+00;-2.462901426088000001e-01;-1.056192719019425255e+02
2.920357217309079711e-01;2.060341543836831768e+00;-1.707225994570552574e+00;1.132287374838938598e+00;6.178827022964826499e-02;6.658882690292168560e-02;7.884989473510196634e-01;-1.068047138366240434e+00;2.748782415910064891e+00;4.108086409475417144e-02;1.377603818943019860e+02
-3.352440818680267332e-01;-3.051888454807517581e-01;-2.056055735050718591e-02;2.891836731187253373e-01;-2.048766638647172289e-01;7.436517755401732543e-01;3.139586553277644299e-02;1.046911794488139424e+00;-1.341064713301568734e+00;1.607578306399510382e+00;1.613326252780753407e+02
-3.686193657856995931e-01;-3.481573968173131695e-01;1.959961657762829268e-02;-8.024300398648368526e-01;2.830531622586537344e-01;1.119687778553381197e+00;-3.393111871381590539e-01;-7.492655611844788177e-02;8.070464166066873002e-01;-4.133720480917025403e-02;8.178674259945394454e+01
3.673603491474866645e-01;-1.156127367151032148e+00;-3.112082891736814294e-01;-1.091046717194074533e+00;7.009723227039657001e-01;-3.525930970644072238e-01;1.073340176863545326e+00;-1.108764895404995121e+00;1.602844247177969583e+00;8.146844372940691414e-01;8.004694533997668771e+01
9.882404501643171635e-02;-7.621584630262199234e-01;-8.839898989220014158e-01;-2.202095296340773889e-01;-3.546803599307580823e-01;-7.838417390846841304e-01;-1.336759146548117394e-01;-2.309204021408848728e+00;-7.877582576204392728e-01;-9.082794095686441346e-03;-3.858109326981627305e+02
-7.184839851611164452e-01;1.870138692821305293e+00;4.261565596461848737e-01;-9.803882514834748596e-01;7.756752996156892621e-01;7.082662196573997759e-01;1.889282454250251986e+00;-4.992019982759302588e-01;7.834656483247346426e-01;1.136990879849416637e-02;3.816350973724998141e+01
1.300176526813139333e+00;-2.422880981783883114e-01;1.542888105539118371e+00;-1.230978496805259503e+00;-5.442882931554856585e-01;1.236871893518224796e+00;-7.810901011278953421e-02;-5.897592406671353649e-01;-2.304857172596288528e+00;-5.273633377201085715e-01;-1.095625472830997751e+02
1.976440584515485543e+00;1.058944531152342383e-01;-1.891203907770334924e-01;9.216501119244593365e-01;1.043559375232129272e-01;1.617212574968623917e+00;-8.987840483231281929e-01;5.844129804724842447e-01;-1.564241611711051361e+00;-1.330313625738989813e+00;9.269531392802839775e+01
-2.087027018602068740e+00;-6.373077470287947799e-01;2.921927283263731634e-01;-1.873290184063746977e-01;-9.096834169818336369e-01;-3.105893287090195215e-02;-9.365063747895959745e-01;4.583867035514842536e-01;-5.846177306571995747e-01;-6.677795564688862040e-01;-2.457625805887995512e+02
-1.597619729168456404e+00;9.229775651404308334e-01;-1.065682697819566593e+00;-1.683732567614048659e+00;1.542806773769682005e+00;2.054514889404759792e+00;-3.357859389797496763e-01;-5.206306065622989809e-01;1.490137522099841183e+00;-1.154634338728844245e+00;-5.995069761300744915e+01
-9.598503022162949705e-01;-1.213086713895806662e-01;1.912178047662953517e+00;-9.374137884363129558e-01;-1.236953258442845316e+00;-2.010879356003681395e-01;-4.198741622843577548e-01;9.280720066606887864e-01;-2.249195395553515997e-01;-2.074959680895303027e+00;-1.725354328740135941e+02
-1.583588389787579986e+00;-9.587784561867748190e-01;6.577631761503737184e-01;-6.953228624226938381e-02;3.794053976051097177e-01;-2.140676977278613835e-01;6.904726861215130240e-01;-1.352508689440722334e+00;4.129989121377975470e-01;2.656169931725334554e-01;-1.929437898166142134e+02
-1.933042264479698791e-01;-3.028852437989931201e-01;2.183889875441741846e-01;1.288863425206302260e+00;7.072313738042766973e-01;-2.185674744212368070e-02;1.475112364309855595e+00;1.346099794514257653e+00;1.471585082569893954e+00;-1.934276285812056018e-01;2.911612292618074207e+02
-1.831651228713626400e+00;-2.048606342713850392e-01;-1.259562728869741299e+00;3.571928789949390115e-01;-1.975293374691682868e-01;-1.360964586816493516e-01;-5.495445908100448085e-01;2.239965192231447855e+00;-9.011032869843570436e-01;-8.098790940216739342e-02;-7.474329239073775000e+01
1.566937282465246106e-01;1.695722877810865281e+00;-4.545477187434441846e-01;-2.186532774350359865e-01;-1.336725438875930649e+00;1.752867789339238591e-01;-4.118233689636572881e-01;1.897288694773111573e+00;1.023530644185344674e+00;1.319279667719570615e-01;2.746111188629016624e+02
-1.998605566555506918e+00;-1.003433810758229017e+00;-1.265260495286495701e-01;7.749145549139869749e-01;1.323760538012267896e+00;7.939458036321721535e-01;6.855583632171839970e-01;-9.688241140349943548e-01;-8.313214091256161398e-01;5.546322006406813054e-01;-1.882412706219276401e+02
-6.769220003059587265e-01;3.240839693947950018e-01;3.312634314035639571e-01;9.755451271223591903e-01;9.312801191161985681e-01;1.030999522495950949e+00;-8.392175232226385395e-01;-3.850822804163165358e-01;6.116762888408678878e-01;-3.092123758512145826e-01;6.575101429186938162e+01
5.873916998060122463e-01;1.663732832143473450e+00;-1.290561421946218701e+00;-1.432589153641926349e-01;-5.012341077902127129e-01;4.473939370689756223e-01;-4.485428365278613660e-01;3.052431265313529374e-01;1.414187288331089976e+00;2.385549537737391701e-01;1.970017010823458747e+02
6.288138283327616707e-01;1.908776273377735810e+00;1.039441392230591621e+00;2.906046972617918334e-01;-3.226077728016462087e-01;8.747546767096061604e-01;2.823777511995151368e-01;6.938254128560182865e-01;-4.950464606506815163e-02;-9.162930470045602682e-01;1.558512048781643671e+02
1.652400500649252035e-01;-1.720413592654725099e-01;3.726481864800550992e-01;1.664931271151245118e-01;-1.431354847054427060e+00;1.637211644702853297e+00;-1.285599114052772274e+00;1.438169201145701903e+00;1.252186432978633773e-02;-1.615846470966832094e+00;1.117301917078157487e+02
-5.649515266552204151e-01;4.778141529206551552e-01;-2.038834689798545430e-01;7.159171404855652066e-01;1.803212491772989978e-01;-1.523442058135619837e+00;6.685626163371266584e-01;1.476922022214699481e+00;6.291352982577834707e-01;-1.448124775276868448e+00;-5.658827498702665082e+01
-1.491227831390462777e+00;-1.568796675693795092e-02;-7.838669972939289743e-02;2.305415868507293131e-01;-6.280978350797833398e-01;-9.955068318496844426e-02;6.867754890476648333e-01;-2.711096926467944646e-01;-3.998226835954675762e-01;9.194084287536471445e-01;-1.239001574380649515e+02
3.430485306940431744e-01;3.701437749614225337e-02;9.323752416471869919e-01;1.719208489074454393e-01;4.263678189735570223e-01;-7.651346671096204144e-01;1.191720302401696019e+00;-4.271105487326318784e-01;4.661471304949542094e-01;7.058941961045526181e-01;7.802643117971260267e+01
-1.323649570842178935e+00;6.552336285137606575e-01;1.626430734608859341e+00;2.360430638243700419e-01;3.516623549740590104e-01;8.775475534514206588e-01;5.686446160127704985e-01;2.569974455858304863e-01;-4.359014690904329803e-01;3.829217100572630539e-01;5.917418520717653507e+01
-3.277950558774631040e-01;1.174814057585691796e+00;-3.680582821436806928e-01;-4.075893446596955960e-01;1.804960560780811962e-01;1.590865839963108083e-02;6.104398198094931338e-01;-1.878980944753827265e+00;-4.166002338133473898e-02;-3.540743904535086084e-02;-2.347917763909433688e+02
6.324077390555209455e-01;7.077519354554754338e-01;-7.443342910004628610e-02;6.206720975506779814e-01;-1.570224719890456422e+00;6.218099622171964214e-01;-7.271371758248685868e-01;-5.624667758942676343e-01;9.725544496267298777e-01;-2.475186355515047454e-01;9.923868748452946420e+01
-1.379319228014527221e+00;-1.769472274940493972e-01;-1.642289607275207453e-02;1.188393273448083987e+00;1.794557863517787677e+00;-3.312697287379709477e-02;-5.176112990361714239e-01;-7.982972445384537430e-01;-7.309300399419190741e-01;2.237879516388985024e-01;-1.653358595489198990e+02
6.722934080404021628e-01;-2.403668601100530378e+00;-2.266052094149282770e+00;-3.507782056015541494e-01;1.672265904097527622e+00;-1.478777123846285679e+00;-7.373799034979585665e-01;1.392455941483067505e+00;-1.500476549163001661e+00;-8.341848487326237738e-01;-1.977048239850360574e+02
-4.785542667177182796e-01;1.685701754034971467e+00;7.990680731422993288e-01;6.131450435226852916e-03;-5.198341457252261266e-01;1.621873747785051334e+00;-1.332449780998204991e+00;-6.462423241465945489e-01;5.156606300833942447e-01;6.314186062724064241e-01;1.389019429110774979e+02
-1.070668371416596987e+00;2.925966679437699142e-03;8.549039226364024691e-01;9.395354575849456519e-03;-1.946636950246799502e-01;3.582601832783282800e-03;1.272428382816595427e+00;1.779083914116544041e-01;-5.276537761783373082e-01;2.174058527270034402e-01;-6.352467062686189081e+01
-6.003566942635732984e-01;-2.321485342077578284e+00;-9.661265231290900868e-01;1.745903632185619614e+00;-3.310521687503577004e-01;1.755311070633304604e+00;1.390725929141430894e+00;-2.576935587725706980e-02;1.016287942756635587e+00;-3.161162806304107509e-01;1.190348285188283199e+02
-1.087893012109258262e+00;-1.008106506760428012e+00;1.247303650664677743e+00;1.354913723167619211e-01;-2.606083323339581925e-01;-7.057555622271979301e-01;-1.487374446403976869e+00;8.497296263582720943e-02;-6.842421805152435477e-01;8.720499203726700399e-02;-1.237059997431564682e+02
1.704429987213628428e-01;1.429519658525992165e+00;-1.128351337510777652e+00;1.263539010796508100e+00;-6.144235244478419844e-01;5.541429265127487680e-01;9.637712311403587306e-02;-3.030927196917260757e-01;7.268705237449359924e-01;5.475398201690533373e-01;1.155368967856350935e+02
-7.289592500331621983e-01;1.869902097246642914e-01;-6.332727047102726381e-01;-9.676010318688932355e-02;-8.148681489093441144e-01;1.802948805034443880e-01;-1.476262544001779364e+00;-4.427331984464882852e-02;-1.890142976824741583e-01;1.805574432686815278e+00;3.678079090743203494e+01
1.618068481166039518e+00;-7.269948257170567585e-01;2.676962543586619003e-01;8.531102644497399190e-01;7.833847241542398754e-01;7.515632254021709091e-01;-5.803550028527311166e-01;-7.687668285606931162e-01;1.993383500582413870e+00;1.947328486904282840e+00;5.081334675397691285e+02
-7.336079460866397062e-01;7.274902041567653521e-01;1.043042526836381878e+00;5.958318645105472600e-01;-1.113844377401016938e+00;1.187127252408025413e+00;2.266573596489938336e-01;-2.205935179914378264e+00;-7.255183044419154514e-01;-1.281284144197813168e-01;-2.157400854491772577e+02
4.625479227977496444e-01;-9.809709185260753195e-01;-1.344886780781199498e+00;-2.142719846398546402e+00;-4.251929532728843109e-01;7.814289194655281712e-01;-3.789840740581912892e-01;9.510213361781546526e-01;3.770609096283998318e-01;8.097792725614250120e-01;1.796386685857315513e+02
9.156538042583440840e-01;4.556469100885947587e-01;-4.299001052078866847e-01;1.677625442156134516e+00;-4.908728948935657255e-01;-9.888723476355838482e-01;-5.319315082920923476e-01;-7.932211972070344341e-01;1.186415590517608809e+00;2.632386204677498398e+00;2.698008935345354757e+02
1.450927548279211887e+00;-7.744346072599364583e-02;5.059655534558652468e-01;-7.282722024066130562e-01;-1.024028590886379542e+00;-1.682658694122685761e+00;-2.798103423770060827e-01;-1.195293763599244663e+00;1.807196643637885236e+00;-9.645377949101913151e-01;-6.223446550865104854e+01
8.669457148553405545e-02;-6.750390114194679825e-01;7.939351209105096618e-01;2.135965745643160774e-01;1.117520548774606937e+00;1.529101006673247332e+00;1.120129406331043853e+00;1.197494516564363343e+00;7.429954109391514461e-01;1.926799298494722423e-01;3.689780795404366813e+02
8.100272385061164648e-01;2.188882116483477705e-02;-1.407293443492402485e+00;-1.298103903687157779e+00;1.255485866511482917e-01;5.405166284600093629e-02;-9.560585516833944864e-01;3.169520069841153531e-01;-7.248610838000522083e-01;2.317636788673878456e+00;1.415924382501302716e+02
-9.893782707397201781e-01;-1.685459159035578303e-01;-1.696582540042593568e+00;4.778789360960513655e-01;-7.376183625734388238e-01;-1.211193981226469374e-01;-8.767522314712319353e-01;3.918866289421122362e-01;3.202534336821735717e-02;9.188046467023570640e-01;-3.600637443817410599e+01
-9.721622179433250244e-01;-1.758208876655435127e+00;-3.816310954132113298e-01;7.401256641052442742e-01;-1.739425244232278178e+00;1.434177036520326576e+00;-8.002227353999037396e-01;-2.511178346424408625e-01;7.957954655656064580e-02;-5.526929537834970318e-01;-6.493932934821658876e+01
8.700677306887542040e-01;-1.906824007633465823e-01;2.010990467149675054e-01;1.050654396007612013e+00;3.649610024662254260e-01;1.504189051435764202e-01;2.403415585238275032e+00;2.174328731797228742e-01;4.956818879726046512e-01;-5.761879703358539079e-02;1.795024715728718832e+02
6.559007765297609760e-01;5.935567222808618704e-01;-7.728776678236091158e-01;4.070522871245351171e-01;-3.885184530888858290e-01;-1.870875644589741621e-02;1.124112719986013476e+00;-2.940388634664280243e+00;1.947361947187748465e-01;9.475264621228578488e-01;-1.456880987597550359e+02
1.083051243175277012e+00;3.577873603482832898e-01;5.150476863060479138e-01;3.852731490654721203e+00;-9.378250399151227823e-01;-1.377669367957091051e+00;5.150352672086597750e-01;5.607845263682343928e-01;1.053802052034902959e+00;5.137859509122087998e-01;3.092059908655791105e+02
1.360658595838651008e+00;5.993263026632825174e-02;2.096594152746257822e-01;-4.916361856320473622e-01;1.838495447536948602e-01;-3.019512155820825328e+00;1.800511181510853653e+00;2.773769379581916827e-01;-1.308820399119112077e+00;1.238946352939437334e+00;-9.614929409916825875e+01
1.221294945685148070e+00;1.548639295024036633e+00;2.642547636073390716e-01;-4.033391021404375554e-02;-3.330376190537616687e-01;-9.511164770076600827e-02;-3.103909913775654839e-01;3.202165779488289066e-01;1.339583805802353200e-01;-1.547801556309031268e+00;6.841426886428923382e+00
-4.136055334216442447e-01;-1.907807557877390980e+00;1.082691053887073318e+00;-4.711246518178786036e-01;-1.335481569099891352e+00;5.565531245337581590e-01;4.860362894176369908e-01;-8.603850107795019131e-01;1.887687657340190395e+00;-1.547303988938365515e+00;-6.070757726646929342e+01
1.575720450373764958e+00;-1.551026181983319985e+00;1.729300866044756413e+00;-1.491079923611473568e+00;-5.516751380466781152e-01;1.322926160335532009e+00;-1.866245934849589450e+00;1.505195998879039543e+00;1.879051130794076249e-02;-7.602844386215936723e-01;3.233106073167855357e+02
7.907593122325292656e-01;-1.417087217018242473e-01;-7.532037815909707890e-01;-1.135921617019646779e-01;2.992810570060641329e+00;-1.768131032706718342e+00;1.745858970273135968e+00;8.778260312391258369e-01;-2.203007251694046389e-02;7.226748248882984837e-01;1.063813861570132815e+02
-4.326595133965920881e-01;2.093488573346887760e-01;6.589160860223994276e-02;1.665142382543781441e+00;-1.209435328959058698e+00;-9.261632634832083211e-01;1.242826893326827609e+00;-4.504411801092395029e-02;3.924560184705201960e-01;7.271679888921005475e-01;2.867663928704821785e+01
8.794170411374031548e-01;3.308513046155777682e-01;-1.111580249513551166e+00;-3.582557870646293358e-02;3.131321400131553134e-01;1.376496450019537798e+00;6.870657958589162506e-01;1.451001438131336085e+00;-1.077376076984758235e+00;1.466540859278602893e+00;2.961406942222835710e+02
-1.058907587056600486e+00;1.954157433750286277e+00;-7.424842325383840258e-01;-4.853058353678683101e-01;3.695671847847325532e-03;1.962587190530794778e+00;1.011463035408356248e+00;-5.057467042619366859e-01;1.481663402462598755e+00;1.341475915530881080e+00;2.073942458350880713e+02
-1.258197290026925819e+00;1.447004617585060160e+00;7.512777051426101638e-01;2.949347351101359593e-01;1.388639892005482379e-01;-5.954243852430157746e-01;1.053310279641870517e+00;1.271918303422366225e+00;3.327052943741828916e-01;2.130104266320958839e+00;2.419619657219716373e+02
-2.102600691921022058e+00;1.405647597507963642e+00;-7.686540700366202572e-02;1.313473161325236616e+00;-5.462640091774648710e-01;-8.582160317716267528e-01;5.629106602850851848e-01;2.007385407583894832e-01;-6.735396478972428547e-01;-1.074448817942494083e-01;-2.473856260386547206e+02
-1.642137840414943095e-01;-1.097926363067046385e+00;1.103083278293367275e+00;-1.557553085832099893e-01;7.949260176739449957e-01;-1.070255440014416193e+00;1.944017650000441577e+00;2.607061619712753298e-01;-1.888523412715406247e+00;3.671654050430446237e-01;-1.291442994496337064e+02
-1.088538807327011637e-01;-2.525961281769378619e+00;5.746929937075994088e-01;-6.709143776847711349e-01;-1.324785910399225219e+00;-7.543246385464068560e-01;4.631384799750401515e-01;1.279883636772640443e-01;1.680256017595314344e-01;-3.563013177320619174e-01;-8.703244832232131500e+01
9.372251736666142863e-01;2.908711906440858974e-01;-5.916436402635216751e-01;-7.237313449535614888e-03;-9.959971069613903216e-01;1.683414844742668448e+00;-1.345627918328146766e+00;-6.505419960415695924e-01;-6.557512606391393550e-01;9.515520780790862609e-01;1.043066603945742372e+02
9.513849835007703870e-01;-1.402929072413110934e+00;-9.887262565948246040e-02;-6.859345039496179686e-01;-5.801637221245197207e-01;-3.902675309316181451e-01;7.479953986271999922e-01;1.291715607521239484e+00;-1.569776684718876325e+00;-1.228779350905013779e+00;-1.170970854246658348e+02
-1.134171145277790504e+00;-4.283182577977556749e-01;2.023833705986952114e-01;-1.556951086706477971e+00;5.397645128283420357e-01;-1.794143511198600383e+00;-3.265358525345711249e-01;-1.046512905272933835e-02;1.029180436127967058e+00;-1.170924893807453682e+00;-2.569157210943563427e+02
-2.369024311581251485e+00;-6.476527563780456465e-01;-5.561645694219996550e-01;1.487607333356961159e-01;5.672179054338725157e-01;9.243573680260055436e-01;-4.962058757415074295e-01;-3.300068686248863181e-01;-1.973551553346642728e-01;4.693629841522772156e-02;-1.905031065585077101e+02
-1.443854816133541830e+00;5.279588565972928018e-04;-4.532484090230133877e-01;1.452467534470745392e+00;-1.220712425914158628e+00;-5.505368494915835464e-01;-5.081401976473108872e-01;6.012067489291148537e-01;-2.296180953137238134e+00;-1.477803188174715288e-01;-2.905476966761009407e+02
-1.244486449888865698e+00;1.010839735020313546e+00;-4.129136178466143864e-02;-1.474502687048235616e+00;-5.387903045767108434e-01;-7.075522852941062979e-01;-7.202120210067899375e-01;3.529055187570484087e+00;4.498272137265099113e-01;-1.125654967800584938e+00;8.158507575583095672e+01
8.720901955337837519e-01;1.270845621075548104e+00;-1.654510394912745985e+00;4.828487457481085987e-01;-6.045138605597950576e-01;2.679628693900002911e+00;1.744495549359888154e+00;3.276262173284149593e-01;-1.662420723208304640e-01;-6.136604009991286635e-02;2.250151424865175045e+02
-3.631755587328161505e-01;1.251947454513157254e+00;1.612868370707128074e+00;9.466183083304366974e-01;-7.783085530065033675e-01;-1.364221502776160333e-01;-4.434294182350356772e-01;9.158237815976042473e-01;-2.164187116383712028e-01;-2.702703676746090466e-01;8.518650114864823308e+01
2.305636837367189163e+00;9.338104260749966468e-01;-2.072135116096486929e+00;-2.049324742416078760e-01;-1.311543966037001185e+00;8.225729212004805335e-01;1.573465676730776697e-01;5.032323845324963019e-01;-1.015581379650545069e+00;9.765065890631645651e-01;1.855318883494749684e+02
2.303638752104788967e+00;1.068379333694016387e+00;3.361449630262288157e-01;-2.274762599534077834e-01;1.146440870400727619e+00;1.259233239786798908e+00;-9.733788380270346208e-01;6.041208895885179508e-01;-1.479444223139724013e+00;1.007133336473159613e+00;3.198148394047619831e+02
7.670626894897021320e-01;4.308460051697466930e-01;-1.122901156076832718e+00;1.667797933004514954e+00;1.350993905727515987e+00;7.178462289962667109e-01;8.836245489709719791e-01;2.365421936148630611e-01;5.379836721509411168e-01;-1.604862203285626343e-01;2.011403258928223750e+02
7.310006267854813888e-01;-1.236135796030462419e+00;1.623884992811152284e+00;3.831681897589003238e-01;2.394361900582450797e+00;7.157342411708403906e-01;2.185094895036112206e+00;1.254338360757339510e+00;5.384349572164524034e-01;-6.867153430032952866e-01;3.215427761991310263e+02
-2.359165293121239237e-01;1.103933546701907131e+00;-6.654222981294605210e-01;7.219034854381414235e-01;2.949714557088215505e-01;-5.347566708443231009e-01;-1.497257645178644569e+00;-2.562808242515724477e-01;-4.068852445043746879e-01;1.280939576666727531e+00;-1.435569620540981717e+01
4.385792909210053936e-01;1.227273822081262677e+00;-1.223220230061929925e+00;1.424627732077243358e+00;-2.580455156111615134e-01;1.065376272259602741e+00;1.268583235647469332e+00;-1.210160502980885067e+00;-1.370026627364429261e+00;4.914127563555270028e-01;-9.506324281777335727e+01
1.218194711754255977e+00;5.333592447054493757e-01;9.331280723410693145e-01;-2.227207007766070501e-01;-3.150867311941086268e-01;8.721970000729778461e-01;-5.717460419560613794e-01;8.394685045184047123e-01;1.057368305378225015e+00;3.326075103241975528e-01;3.884907856607107419e+02
-1.063354499830318600e+00;-4.580251830145565251e-01;-6.167753615197076877e-01;-1.347995784367168826e+00;-1.050054789823186230e+00;-1.055989811926843380e+00;-9.096897884083343655e-01;4.753349254274912838e-01;1.021624764399948093e+00;7.595000375161221617e-01;-5.850756536744921732e+01
-2.485794912286183322e+00;-1.839992249413632486e+00;-1.074989567130405499e+00;-2.343403149520164458e-03;4.472665582510690352e-01;8.551890533928273586e-01;-5.948203104540761288e-01;-2.660636557620031928e-01;-5.855215618957392287e-01;4.079821822381235474e-02;-2.574220886118993690e+02
-4.105184827297300165e-01;2.952325750406031291e-01;2.703027564405083627e+00;-2.306616666397081350e-01;1.367466473992306752e-01;1.177184963184338962e+00;-2.304211935943966783e+00;-2.382336750556175164e-01;1.818898532200324825e+00;-3.610092232525696776e-01;2.293787189864529239e+02
-2.378070374259396991e-01;4.731454532677869529e-01;-1.129849857218559794e+00;-8.238368696411541015e-01;-1.079532852166039003e+00;5.206894964226687073e-01;9.970593564536414100e-01;-7.029114380395674599e-01;4.664312874123169306e-01;1.127350089355485308e+00;1.416929129289211886e+01
-4.594754319526440645e-01;6.244697666312929579e-02;1.477926736159535626e+00;1.815677455080316083e+00;-2.543093189474778804e+00;-1.215543212051056976e+00;-7.907106194885666905e-01;5.505735937015978632e-01;8.829248055867520151e-01;-1.455473475617315771e+00;-7.402786727672339850e+01
-4.637972696498793290e-01;7.861205475982456781e-01;4.820397972196491798e-01;7.240942025060932430e-01;8.439892521191966201e-01;-9.692791983443652670e-01;8.990415328371245129e-01;1.797544844685986742e+00;4.050296044441930032e-01;2.397023918201186543e+00;3.667590095849091654e+02
-4.410238205236087228e-01;1.325080968421812055e-01;1.365291207505672788e-02;2.516538689865536749e-01;-2.043072086001658516e-01;4.287279932940681326e-01;6.768882044807154053e-01;-1.810799578319680858e+00;2.556995380481427160e-01;-1.093162572360408119e-01;-1.605829051823190525e+02
-1.251199136633677877e+00;1.434265668574932207e-01;-1.619548169413274619e-01;4.384126994966452417e-01;-6.117596395045848956e-01;1.579437891694859486e+00;1.135947845943821921e+00;8.715243860879341442e-01;-1.532518276829663684e+00;-1.539976651978317013e-01;-6.481460838621130449e+01
1.089629522909161263e+00;-2.491161408151460144e+00;-2.717300398697083952e-01;-1.869731661954991075e+00;-8.593992108172007205e-01;7.172635437832151073e-01;-4.702557162663573709e-01;1.216723492497946868e+00;-3.592853043064165308e-01;1.498546360669853694e+00;2.706288363987126786e+02
-5.184356318775038552e-01;4.290732616769143276e-02;-2.245550415906528985e-01;-1.058450489421037810e+00;4.826650260413065663e-01;-1.078364163794865327e+00;-6.681491915167361295e-01;-2.685725863242228052e-03;-5.798551814633283730e-01;9.687446211672514629e-01;-1.108719675645129286e+02
-8.709232698700103414e-01;1.083548523327869662e+00;-9.896592875112686372e-01;-9.166386933635470857e-01;5.799721710336103175e-01;-5.244769964911913385e-02;6.698680379048219669e-01;-7.216964540154425789e-01;-7.447561567843886676e-01;-9.439850153478882566e-01;-3.189604164826046713e+02
-3.652808582038848950e-01;4.932816579484362168e-02;8.671874128277388127e-01;-4.973543714140932215e-01;-2.729333202255128654e-01;1.800710376959814840e-01;-8.356890050200361797e-01;7.224469852209793874e-01;2.387967705524732143e+00;1.097220191606438355e+00;3.649809058554299668e+02
1.220282896417717033e+00;-1.987363536831156935e-02;1.699435983008709572e+00;-4.017950269416336595e-01;1.036302892072479720e+00;-7.625192391465982489e-01;-5.955349351838592487e-01;-1.072647658109417423e-01;-1.076679127471013464e+00;9.005330773315916026e-01;9.540340301251472965e+01
-3.913031039404598621e-01;-3.993300229002119117e-01;2.632654875753965840e-01;-2.945411332595115287e-03;-2.590840590806308685e-01;-2.811940121974292883e-01;1.197423199804907412e+00;-1.959181608735977020e+00;-9.667345298767034967e-01;6.952927266643855742e-01;-2.740229137795567453e+02
-8.560848720009113233e-01;1.280352020837135729e+00;6.665425319826306927e-01;6.737688343362597809e-01;1.516347465799197325e+00;6.742483084247655745e-01;7.184902973171294338e-01;1.541457194832253519e+00;1.112685191674894492e-01;2.909134015923316996e-01;2.242673673645869314e+02
2.117730003008564843e+00;6.538926102710241883e-01;1.027552713675157214e+00;-1.271284249114102094e+00;-9.947717179316953873e-01;1.024886432765930389e+00;-6.189888028476826509e-01;-1.527120795335755732e+00;-1.224556940225089763e+00;7.887540438854471203e-01;4.902085958814829780e+01
-6.088597690670254775e-02;3.182552465834272981e-01;1.416661308297956223e+00;8.509369277757800054e-01;-1.574879987462734610e+00;7.645995976355801638e-01;-2.443170386396489868e-01;-3.285665162529580741e-01;1.903101253970566897e-01;1.508336098057728947e+00;2.259936470930470023e+02
1.086758977026564876e+00;5.598117619307608761e-01;1.187591818018012724e+00;-1.496809479153170530e-01;-8.072777700103707099e-01;-1.380389846724067393e+00;1.365328748275821402e+00;1.426213926688828237e-01;6.712596660773543222e-01;-2.032982445768050095e-01;7.898968690614924526e+01
-1.223744846656269258e+00;-7.398478153626887599e-02;6.555543582884527654e-01;1.805668878116265086e+00;1.112798195612906493e+00;-1.038540857035755938e+00;-4.028334284748040228e-01;-4.093202145866852160e-01;-2.477506118629016818e+00;-1.693288571150473043e-01;-3.602735146064512719e+02
2.300707591914020744e-01;-3.206676255571916934e-01;-5.583017539460305434e-01;-1.100154232971694901e+00;4.215866106144556813e-01;6.659242520544613742e-01;8.389405004696122159e-01;1.795211355912322171e+00;4.977430890913942529e-01;-6.172531865469231827e-01;2.087869207755209118e+02
1.173124637586641317e+00;6.969544045107356478e-01;-1.193925006399055411e+00;1.429430947637067573e-01;4.477169258102776106e-01;-1.073021440042288832e-01;-1.570876152068499287e+00;-3.338194897560099461e-01;3.696421921980939107e-01;-1.126767468909805281e+00;-4.630128887385294689e+01
-6.267172245899651495e-01;-9.716567345412859824e-01;-6.414815952229522278e-01;4.319225446739406449e-01;5.130854200972929657e-01;9.531250453760866659e-01;7.250957868479971369e-01;-1.379618164788930512e+00;8.623934723827587634e-01;5.161782871149583896e-01;-1.310097042124609423e+00
-1.119166851992046408e-01;1.049943599525013482e+00;-1.311143821786976194e+00;8.802141396241769389e-01;-2.911549919320648883e+00;9.988621603282145101e-01;6.429931547333338493e-01;4.966135570821738482e-02;9.510568624814650374e-01;2.796654397862665883e-02;6.706479766747986559e+01
-3.317787717721222274e-01;1.214944106854969119e+00;-4.603923326566551344e-01;-2.796941448698229277e-02;-1.115217227970919156e+00;3.105396379142040253e-01;-7.931346636139368078e-01;1.057703835241232265e-01;-1.528591296259286247e+00;-1.190745800736671578e+00;-2.649320025651645665e+02
-1.729182889503420251e+00;9.641558841719786166e-01;-2.305055608546619297e-02;1.278575167939374424e+00;-7.487997960200537539e-01;-6.109750800586813413e-02;4.168015744831138902e-01;-3.054447024416819811e-01;1.952917382489510745e+00;1.167120788003297438e+00;1.214209722349777962e+02
1.077293673015692788e+00;-8.361948507041708778e-01;1.291468889065363390e+00;3.070030600053617054e-01;5.656329018867201075e-01;-3.346038545302956746e-01;2.725179902295931100e-01;-2.658283656469923040e-01;-1.786215488773349944e-02;1.030438785636791366e+00;1.902074176758080455e+02
1.704592093297377042e+00;-4.418489272408238633e-01;-1.036309247373770281e+00;-2.034611410803048859e-01;1.399486426972343045e+00;9.760407193559466066e-01;-6.286543050745702077e-01;1.108863828284178538e-01;-1.108112458258869282e+00;-2.775136188602334575e-01;7.239722914398251419e+01
5.648641321559588757e-01;1.586114131421311857e+00;-3.683327100391763365e-01;-4.803596724913550831e-01;6.504896399884360081e-01;2.079296919616743511e-01;6.645524143941822226e-01;3.808450571949244939e-02;-4.887997983509315691e-01;7.747733900743571933e-01;8.032788372179791736e+01
-4.057365016322516671e-01;8.530604560516108492e-01;5.020018890665597366e-01;-1.706862562193049992e+00;3.278187158159838743e-01;4.925234462063564078e-01;-4.794594109504584645e-01;1.127924985516827405e+00;4.994146079390693327e-01;-1.028067812464110720e+00;4.571056258860188137e+01
6.862601903745134679e-01;2.314658566673508666e+00;-7.153037092599682234e-01;6.795977489346758382e-01;1.088950596967366069e+00;-4.719318657894334690e-01;6.428001909546277037e-02;-1.867265192591748058e+00;-1.612715871189651651e+00;-1.077744777929306119e+00;-3.731365772222691817e+02
8.486545836110416519e-02;1.442535222820400254e-01;4.845913788392748334e-01;2.674753888980612171e-01;6.573766004728737178e-02;3.128656514909110009e-01;-2.683687991373807646e-01;3.307838065382359694e-01;6.856193742184829576e-01;8.129142504248110246e-02;1.478476119543385323e+02
6.754908472654697071e-01;9.955266916741141170e-01;6.418790614777691861e-01;-3.830949211597937665e-01;1.111953360860408857e+00;5.065876716972756988e-01;1.104477703837466462e+00;-8.145598777787942113e-02;5.775169546072117521e-01;-1.271585968748842888e-01;1.569337067055831483e+02
3.852126522593541935e-01;-5.632097340426203136e-01;-1.089342637712106265e+00;1.108444601722892831e+00;2.054864275600201684e-01;-1.332787152291554922e-01;1.143087530592477585e-01;-7.019572982951218787e-01;1.120685706422595240e+00;1.803506356414176460e-03;5.201286757522640869e+01
1.396760177398491232e+00;-9.345938948984711114e-01;6.092388308897529470e-01;-3.318648618219791624e-01;-1.617672811656690190e-01;3.106342639893143812e-02;3.308670284063512379e-01;7.758538948639095989e-02;4.449683153761758159e-01;7.497666284891850719e-01;2.372029102790309025e+02
3.286337398021317580e-02;-8.516172401867081465e-01;1.092959110896668307e+00;9.704626369066661207e-01;4.892118246643011870e-01;-1.164883526310347556e-01;4.404944961633377454e-01;9.661253255303112741e-01;-3.827784017095585134e-01;-7.502700039680086641e-02;1.491924269496191471e+02
-1.297728375681232560e+00;-6.893290680800718828e-01;-1.026485734506315944e-01;1.363607295199699809e+00;-1.514573509058556589e+00;1.009585967891193814e+00;2.740388406493032281e-01;-1.410467416412775066e+00;-1.462110455195414715e+00;-2.659241940724330067e-01;-3.311174343047699722e+02
3.997799176168511104e-01;1.140895977150274243e+00;-9.764255397315984020e-01;9.753357348887595757e-01;9.459409606394377779e-01;-3.688032651888686897e-01;1.980569258851501979e-01;-1.363867933629341556e+00;-6.807664465790268515e-01;-2.034355867884362734e+00;-3.404410977887109198e+02
-3.313083831833227300e-01;5.706129972195309596e-01;-1.351074366208021349e+00;-1.322457956743570140e+00;-8.254105299789551431e-01;-1.085150526557798090e+00;2.949094425308725231e+00;9.681846605328611188e-01;-6.122367345077502909e-01;1.244679580736786750e+00;-3.990805467395886552e+01
-2.398163095250897658e+00;1.246329811074944560e+00;4.526240299801209122e-01;1.893340361801658378e-01;2.112089327252908433e+00;-3.250333476195705895e+00;2.145329188864159853e-01;-1.155008497399902634e+00;-1.408431490368360794e+00;-9.246440184480313462e-01;-6.677224870895265667e+02
-2.350455852624361075e+00;-9.489528277686781754e-01;-3.756336607173401676e-01;-1.304816890432949350e+00;-1.265325797470599756e-01;-8.639798490760782768e-01;-9.103243419282839310e-01;-9.069028747220609921e-01;1.672868201898529916e+00;6.951652483301404839e-01;-1.938923198329216575e+02
-9.934335991331156857e-01;5.205607958438698279e-01;9.852201728091006805e-01;-1.398357074460222504e+00;-1.423336794881386647e+00;2.894510728506586306e-01;1.307438590182497806e-01;-3.951654223156102208e-02;-7.244397601032758205e-01;5.410509840616631871e-01;-1.026865576197914294e+02
4.961991873633163075e-01;-3.270173176097710965e-01;-1.831504710532946834e-01;-3.566731341798712318e-01;1.935154040060229175e+00;5.114995753618614138e-01;8.155010224442625910e-01;-2.134567793504382471e-01;-5.353167125676590032e-01;-4.808850733077258549e-02;5.997073340941696529e+00
-7.494159869569733123e-01;2.572534211115016789e-01;-1.113188487978006846e-01;2.990857340211058868e-01;1.816755629575104614e+00;-5.450872299955903388e-01;-1.269291105243104179e+00;-3.444772087524526905e-01;3.377660990546013653e-01;1.536156772854945229e+00;6.506894189478342128e+01
5.972282182533847905e-01;-1.175594605624851630e+00;5.522999376795232340e-01;6.256309336460008641e-01;-1.367137806460245741e+00;4.632062920991230626e-01;8.481742126666681481e-01;-8.950698422766046880e-01;-9.483480042242007357e-01;-1.232523314768509071e+00;-1.799551986741304006e+02
-8.557425799515071541e-01;1.188806241193156588e+00;1.134639699821056835e+00;-6.719173104649905914e-01;-1.853732241219123278e+00;1.829145636202559322e-01;4.621540960596773329e-01;-6.650459180031120798e-01;-1.185921599186855913e+00;-1.091930945005526732e-01;-2.150983947352141854e+02
5.837029081789564533e-02;-2.549412858519966088e-02;-7.734558440334301510e-01;1.898734981355238771e+00;-2.085792438905003987e+00;-3.432059268430376897e-01;9.737262308523677579e-01;-2.171588071368566186e-01;-6.038589312369546658e-01;2.987977803217619077e-01;-6.816251507729199943e+01
-8.679224627511535894e-01;1.992036635959308910e+00;-1.728456748141109223e-01;-4.357644969706191973e-01;-5.974788580244033698e-01;7.492825568794513336e-01;-1.495541536498203872e+00;1.833896546024375462e+00;5.571376184034818602e-01;-1.229844930805761190e-02;1.933722636412230145e+02
-1.337793725212396700e-01;1.411144967055929511e-01;-3.612301929143729717e-01;1.224909253744546622e-01;2.572752389244473914e+00;6.943263811492988991e-01;4.998216359738093528e-01;-1.524984940144059609e+00;-8.604384680668331065e-01;-1.991140148954666511e+00;-3.271543609522560700e+02
2.088374704780727509e+00;9.980101098596522169e-01;-6.237689606958051192e-01;1.914031353866786134e+00;-1.039905927125530871e+00;1.108182816737516507e+00;6.127739050625696793e-01;-2.896255378193689278e+00;-1.395896281551737561e-01;-1.053415563173656144e+00;-1.277438226479342092e+02
8.611086825897790176e-02;-6.040372919690829151e-02;-6.498268854974363906e-01;8.416823018569614956e-02;-2.171310749462024847e-01;9.901662389592890134e-01;5.265366836723071042e-01;1.127780250633898529e+00;-7.469232850701675863e-01;-4.774107061928004603e-01;5.837434640239979444e+01
-2.814600798882956334e-01;-2.736065565341688766e-01;1.639514808948106250e-01;4.104602219020778708e-01;-9.680835891538280835e-01;-4.492853479358082658e-01;4.737316607686571368e-01;1.712440476849957649e-01;-6.061825773594803519e-03;-6.031200882261200658e-01;-6.688048907737081095e+01
-1.335322538755504995e+00;-1.827195937471260079e+00;-1.901074428817985718e+00;8.329463754680775656e-02;-4.864926155454852852e-01;-5.488538596322529717e-01;6.642752042571254956e-01;-1.220950570998870610e+00;-1.042583153533826135e+00;2.223878141346970205e-01;-4.381413076651817846e+02
6.581430360025632975e-01;-6.289386689985819456e-02;-6.506566213361949513e-01;-3.266475631886114894e-01;1.465210503481380933e+00;1.592964096027381204e+00;-8.915434898545047115e-01;-4.478776449319583630e-01;-3.952835480161807080e-01;6.970426942928022174e-02;7.756329452409828207e+01
9.384114238732917945e-01;-6.929432301470680455e-01;1.203212782292285343e+00;-5.495543958595862089e-01;5.960086729861199251e-01;-7.472218322204847718e-01;-4.661081995441796466e-01;5.765611205089945512e-01;1.220476391081074530e+00;-6.056556335106323408e-01;1.549622465300864746e+02
-7.689599126747923563e-01;-6.543418710551034412e-01;1.008038704597741253e-01;1.654668315866706374e+00;-6.625171463067404121e-01;-1.195575328223445366e+00;-8.214304557286504493e-02;5.865151576180001047e-01;1.126852001603737413e-01;1.814649167323077794e+00;9.532876087828213940e+01
-3.989438375171192042e-02;-4.806479414882414147e-01;-1.582427974023639994e+00;8.168370114309811969e-01;5.193587456378880862e-01;-1.341802106769245662e-01;1.673363946152523596e+00;2.539381622782861392e+00;-1.404239566261588745e+00;-5.894523999387184521e-01;3.437204951168322964e+01
-8.166061871395835503e-01;1.268780588413841892e+00;1.722709710720728093e+00;5.789130237728995487e-01;-2.259832033522487238e-01;9.843762392458367538e-02;4.342071778618858957e-01;-1.386560058780998306e+00;-1.055929592886782759e-01;9.961047893171002254e-01;-2.868922776735385938e+01
-8.648961124284226809e-01;9.345849176635273592e-02;1.983373599422574074e+00;2.315284802175192058e-01;8.320920183739459741e-01;-1.185852329238869851e+00;8.206074759086712245e-01;3.920445038685057004e-01;1.275247012921972400e+00;-9.741674281722221274e-01;1.510212383286836868e+01
-1.431188333235752008e+00;1.174761800233038223e+00;1.494141897266825003e+00;2.013945587152810857e-01;-1.518415698828682547e+00;-2.451724218513857134e-01;4.621160367091715210e-02;2.116012056830995025e+00;-1.923216286209752157e+00;7.489361138059267287e-01;2.096008969370849684e+01
-7.801438813877717982e-01;-6.304584541854775237e-01;-4.047953794202931999e-01;1.132804697174807140e+00;-4.603067625743630931e-01;-5.591638350592083029e-01;1.030249693969566893e+00;1.637082407992742406e+00;7.352693099749874062e-01;-3.800368462893536359e-01;1.119075198027467337e+02
-1.096220324868565132e+00;-1.242246533549229204e+00;6.087355891244169426e-01;-5.571305725722311974e-01;7.396754681178336899e-01;4.316316296375973249e-01;2.571995317494968791e+00;-1.125587114031969094e+00;-6.787138169948189748e-02;-2.249432454200763765e+00;-3.405405875658611308e+02
9.342740176365468274e-01;-1.371649108741166967e-01;1.924940513187056501e+00;-3.082566297533864685e-01;-1.558762253138141762e+00;1.749766505880830270e+00;-1.135316281238773151e+00;7.872736948162223358e-01;-1.381962784987004422e+00;-2.617876736240962732e-01;1.674899260520363100e+02
4.998641237403713689e-01;-8.184286659420013654e-01;-5.923559556520535674e-01;1.235476959555823345e-01;-2.100026507651624019e+00;3.676492929914215724e-01;6.255080168310357402e-01;1.532367724678115994e+00;-1.399306174801941527e+00;8.852314829889910142e-01;1.029228043545685125e+02
1.162980880391841554e+00;1.047176655002996837e+00;-6.649665113199965116e-01;-1.542822149037212487e+00;-7.174986020844216217e-01;7.071061601065627977e-01;-9.655750062098389375e-01;-5.608572627867428051e-02;-6.198710706245520452e-01;-1.071272171706762616e-01;-9.120343789448760674e+00
-8.614434294642864254e-01;1.329534243970524443e+00;-1.289676097961055756e+00;1.253734786219734554e+00;6.491477210704204026e-01;-2.266622037239995613e-01;-4.532595259470423299e-01;-5.894234114868910357e-01;9.748893902369684672e-02;1.718439615602713966e+00;8.220979513606398115e+00
-1.026369207665892125e+00;7.060789138151315480e-01;6.789312900592783251e-01;-1.369954894424582625e-01;1.628468554772321664e+00;-9.647054257507148289e-01;-2.843846496065093321e-01;-2.426812768120333308e-01;1.230000572719150087e+00;1.590582072617850340e+00;1.014274168862104375e+02
6.875507195924941417e-01;4.786811806509370659e-01;1.172274959608068157e+00;-9.326066554176462575e-02;1.586899657033091104e+00;-8.935809679780108983e-01;-2.460435822096205261e+00;1.560907384568523959e-01;-1.577229636132122081e+00;-1.401779298253439388e-01;-7.443675986070611827e+01
5.210038966049030940e-01;-1.849408005878405703e+00;-1.542192894187222940e+00;8.855273723059547963e-01;-8.527678625699305348e-01;1.798414979164819183e+00;4.672012026497229797e-02;-3.166834879634097821e-01;4.040491665329692950e-01;-6.995692785784218826e-01;5.763614839502886866e+01
6.816606513974394765e-01;-7.702269831101420383e-01;3.265959599163560934e-01;-5.133130890056608608e-01;2.431030583284144175e-01;1.125679932123462068e+00;-6.202642966676786829e-01;5.435243325500278555e-01;2.380387746164489560e+00;2.937473516739987911e-01;4.246405529411221096e+02
2.488939691332564264e-01;-1.621716963380123548e-03;-5.159809893490795440e-01;4.168730625900403663e-01;-1.704785905790114464e+00;-4.290372480926655241e-01;-2.479542073278896142e-01;-1.771681151147619093e-01;-3.911563722528425546e-01;-4.799681461487265155e-01;-1.370634744331715069e+02
-1.004340262299589837e+00;1.396597846223177841e+00;5.362900625654685172e-01;1.025134604557581319e+00;-6.324390380761749642e-01;2.099260524129978045e-01;5.772056525279508632e-01;8.601852107818441784e-01;-4.088961749894954867e-01;7.204861082542877160e-01;8.163766702359818339e+01
-8.534954800613415715e-01;-1.099039224531859205e+00;1.106231558859968711e+00;2.006986942888782932e-01;1.798480087138117467e+00;-9.783079498224979131e-01;5.529052285994815463e-01;1.796665201675017087e+00;-6.694369136334904491e-01;-9.365920062436421389e-01;-1.028194814141755842e+00
-1.443200793785794023e+00;1.592024898576083425e+00;1.414840662825554762e+00;-8.741992700141498762e-01;6.635978685607627492e-01;1.744311114743111180e+00;2.047978772819172288e-01;-5.877379693198984123e-01;6.381869988485734391e-01;4.091409227759938982e-01;9.081584164388122815e+01
8.642483846986365181e-01;8.331577666294346374e-01;3.857499681816948245e-01;7.026599984993058268e-01;-9.240628073410653842e-01;-7.199895332219391486e-01;-1.253506012371761624e+00;-6.302492950044362718e-01;-2.707543855381177256e+00;-2.149548380789511326e-01;-2.847945581504729944e+02
9.062811201760208046e-01;1.378229846670149472e+00;8.301176644952266148e-01;5.913413211727055474e-01;3.459436679800665937e-01;-3.276075260921117449e-01;-1.300708412835326899e-01;1.053287133952399701e+00;-3.118270528745533121e-01;8.893179073293531189e-01;2.721062773455826118e+02
-8.538230875043770762e-01;6.882053064528826924e-01;-1.917348886010298958e+00;-1.471126405373518020e+00;-6.290378612036109374e-01;6.989530717174211594e-01;-1.176549316021640729e-01;-4.436068302073859493e-01;-6.431833420270304247e-01;1.502775028709700880e-02;-2.490897692603338101e+02
-5.982793341978477342e-01;2.872725140274269284e-01;-1.779438925423430851e+00;-5.330040818263342972e-01;-3.250389305768940085e-02;6.134601656718370322e-01;8.304981339859519585e-01;9.437155057560443483e-01;-8.687675445729097223e-01;-9.057972133711476026e-01;-1.585519140796263002e+02
-2.264840988498319219e-01;1.221033695525352902e+00;-4.888494217862741076e-01;-1.119617433289011199e+00;1.088748619704186016e+00;-3.722067760710530138e-01;1.884586305934609074e+00;5.820977034686157792e-01;-9.594392367234797492e-01;1.543243528272189025e+00;4.554864956155858380e+01
-7.397286359437803271e-02;-1.576996482190997195e+00;2.271449745422795985e+00;-4.043974231839612687e-01;-1.385987942398998030e+00;1.972542176789808144e+00;5.055892418358746143e-01;-8.028244439508422925e-01;-7.566560432583026297e-02;1.489113108328289581e+00;2.240063546994088313e+02
2.865212023085962567e+00;1.526812663577265194e+00;-5.820613340930124169e-01;3.990441406465261021e-01;-3.542063885087882724e-01;2.824220426395203098e+00;-5.924654553805143165e-01;1.902558205229559762e+00;-9.019926494431974584e-01;3.270723748778452955e-01;5.551334609186394573e+02
-2.489641484790734993e-01;2.060747924881987103e+00;1.058424486849587787e+00;-1.758739486423114284e+00;1.368631557532348664e+00;6.453759495851475458e-01;-9.649234605801044751e-01;1.755340842443204430e+00;9.715709509543554168e-01;6.860514599984393058e-01;3.793144980667960340e+02
-5.471917888824909815e-01;-1.106870291534056694e+00;-8.281805638735081354e-01;6.856563925137109106e-01;-2.386055317146274224e-01;-4.309962002198129971e-01;2.684132736945621378e-01;1.334506133337837852e+00;-1.251356182239286907e+00;2.509510207120430048e-01;-6.659271875563295850e+01
-4.463984988155156319e-01;-1.481892904036419545e-01;7.153256097487520858e-03;6.416252324412085040e-01;7.587561926560388859e-01;-8.063312188796102342e-01;1.655855621951232400e-03;1.391991576181331292e+00;9.655735587931837394e-01;3.520248287892805972e-01;2.016775764885007334e+02
1.895507345991355175e+00;-7.748021781355290960e-01;-5.277014119206057119e-01;-1.127285523706929915e+00;-6.701004172522105617e-02;2.000337873123279875e-01;-8.216808263050223715e-01;-5.326067566734964398e-01;-1.503283737637099160e-01;1.623529210891806240e+00;1.824199076803483877e+02
-2.121854899008594586e+00;1.317115067339865275e+00;8.406200265045530307e-01;5.467335682013793052e-01;-2.286806229888212194e-02;1.296994546561109241e+00;-9.993022322949107750e-01;-1.180685269910787399e-01;-6.078219870944324699e-01;-5.047749212282174325e-01;-1.375713151186438665e+02
-1.180972483664385564e+00;-6.056799999357980191e-01;-4.213568077704418768e-01;6.213467399691022797e-01;-8.605654038138869089e-01;2.111296334099584282e+00;-3.230423687730067939e-01;-3.204237068048686882e-02;-1.151681109034343509e+00;-3.672370007992858398e-01;-1.104866190490126598e+02
6.101335450879343814e-01;-1.808342054024234091e+00;6.518415719803556385e-01;4.629127794931132134e-01;6.602587067065491810e-01;-7.172829730156689010e-01;-8.860393883859075670e-01;-1.395140283330708053e-01;3.421194201096571241e-01;-2.238465649681007155e-02;6.772493201515723626e+01
3.214314696456089387e-02;-1.120417918936389201e+00;-6.181604486836274059e-01;8.985117045515644829e-01;1.693547133413672023e+00;2.233923931860800835e-02;1.514073906247775658e-01;-7.548661965719209999e-01;-1.725771124812573332e+00;-2.926854589752769242e-01;-2.232645697545873702e+02
3.216785413765000934e-01;-7.146806769904318068e-01;1.428857707813567357e+00;-1.474132132042105692e+00;-1.815031621356671399e-01;-9.951484818533794519e-01;-2.177065046442854701e+00;5.212799050138144930e-01;1.680598059668202415e-01;1.784766638853897414e-01;3.005318326606511903e+01
-9.813259365174648030e-01;2.943059167755218350e-02;2.050753392346298942e-01;-1.623382529941243435e+00;-3.188463554947312262e-01;1.072079620401336503e-01;6.264346724539442413e-01;5.166444459359672559e-01;-1.404816943927506889e+00;-7.990845266254970047e-02;-1.944690847993608429e+02
1.329696741468759935e-01;1.073631749859772055e+00;1.565524029234340420e+00;-6.575026107298780065e-02;-1.523186904783774720e+00;1.195046628924842480e+00;-5.589218472715883346e-01;-1.026515299411060234e+00;-7.001208149391732194e-01;3.772118750645208629e-01;-1.701455851383417439e+01
7.203686128374475750e-02;1.516394055253572848e+00;3.341764172448974390e-01;-1.552590488247487521e-01;7.748051851886253449e-02;-9.519184600222355686e-01;2.577525401427506746e-01;6.021183203924834748e-01;-2.122089699011516784e-01;-1.241760575481624329e+00;-9.482464068768128129e+01
8.855770816950448987e-01;1.398213585182108698e-01;2.156687709336185810e-01;-3.525462427366199414e-01;-5.247385606304943995e-02;-1.364676325900541665e+00;-2.763352950442173328e-01;2.384989256730541407e-01;1.781684786466851467e+00;4.337496859609622502e-01;1.806820151816942825e+02
1.078125395794771846e+00;1.923513487603454530e+00;-4.638544295059456868e-01;-1.098186383778149811e+00;-1.536530690382038378e+00;-1.296730520286006882e-01;-2.847894095153950533e-01;-9.530404633648498214e-01;-8.621709800745275265e-02;-9.972649579684154109e-01;-1.625860259281297431e+02
-1.525105641014360636e+00;1.274059643266795883e+00;8.596950512977657999e-01;-1.096625044147317762e+00;3.646018037048318061e-01;3.351261330736639565e-01;1.478183935639001856e+00;-9.500418802658165962e-01;1.331664893627055868e-01;-1.733767090008248246e+00;-3.069072463127263859e+02
-1.627037015690917798e-01;7.453607240778757914e-01;2.330429515294839271e-01;-7.180647836182643129e-01;7.382372308161619934e-01;7.215323682176132125e-02;-1.143338991083860723e+00;9.352349643860970174e-02;-8.711930300076307088e-01;8.747375368073924407e-02;-6.707940354282951034e+01
4.220143594106938734e-01;-1.359968213672274162e+00;7.104245340914494555e-01;-1.055844637433840827e+00;-1.563929264900653981e+00;1.867231287180808552e+00;-2.217283710253568074e+00;4.031701666343897594e-01;-2.167150113864274030e-01;-7.308348996976709033e-01;8.293854465222349859e+01
1.469784258787495634e+00;-2.157871263282196139e-01;-1.765387587029974004e+00;1.740941486596990773e+00;1.328166053957332782e+00;-1.840266384795568477e+00;-5.042980158126232348e-01;-1.177761457991358007e+00;-6.222702228939960278e-01;-6.078238926156243060e-01;-2.205742233720336287e+02
1.131600113927831719e-01;-1.058858008857994415e+00;1.685744191973961303e+00;1.232728342068284411e+00;-5.348543227867003091e-01;-1.083338832445891881e-01;4.645021652142125035e-01;-2.181175237665677447e+00;7.946412035736588608e-01;-8.333220062434699982e-02;-6.415980867009253075e+01
2.831308223195250218e-01;-1.493189812208931322e+00;-1.031106053294263303e+00;-5.131272463642830850e-01;5.010900093087718998e-01;-2.476792066877087084e+00;1.519336351090644133e+00;-1.687847374159493208e-01;-1.020563906288479705e-01;1.166617511695034332e-01;-2.104418340321103358e+02
-6.744655855518212617e-02;1.120936512406245811e+00;4.235078740220374338e-01;-1.604705009797812165e+00;9.020913115882680522e-01;-3.423048434491489656e-01;2.074887978521817722e-01;1.569628586939493031e+00;1.193611755172587996e+00;4.456779070819238964e-01;2.680885887688697267e+02
-1.851842731574658618e+00;2.169936588080542794e+00;1.598538112096341335e+00;8.021284586181193221e-01;-3.182375277426202631e-01;-6.786430612941032336e-01;-7.811563781311141597e-01;-1.423682636883923047e+00;7.835896647986066998e-01;-2.598001407675125107e-01;-1.850003229629559485e+02
-1.087510228336178719e-01;1.247638628773853342e-01;-1.634072307313122474e-01;1.809106752250252415e-01;1.222345256467974872e+00;6.176206650846504109e-01;-3.839436220634590002e-01;-1.202691028894867564e+00;-1.950095160018759044e+00;-1.351300070757020799e-01;-2.469024744606406614e+02
-7.215690823400292553e-01;1.453840237121884815e+00;-6.411649293968504359e-01;-2.650649968885793739e-01;7.980910486615616639e-01;8.314988669316620840e-01;-1.424167600187599136e+00;-4.799646427122089554e-01;1.388560324308801830e-01;1.911606067063321701e+00;1.158004411848705928e+02
7.682072166317372997e-01;1.412571400874632344e-01;-2.874475194003555667e-01;2.873289044030092887e-01;3.926237706436326746e+00;5.082686396745895729e-01;-2.084112939498588446e+00;-2.130566479807200597e+00;2.153965054562879400e-01;1.724696649761108480e+00;1.118112743617925275e+02
4.557183990381378363e-02;-7.303666317171366718e-01;-6.617864647683879831e-01;8.524333347962239626e-01;6.339190223180112271e-01;2.143944089325325653e+00;-2.025142586657607158e+00;2.164585895819748640e-01;-6.516003476058170873e-01;1.864543147694276426e-01;1.265568038755683204e+02
-5.082651460833204071e-01;1.029566923822751168e+00;-8.027217162249163929e-01;1.942577178830631635e+00;-4.220058967090801749e-01;-1.252866227694379164e-01;1.208274740652139245e+00;-3.710640289008524939e-01;-7.477851043659818897e-01;-4.753234176821888868e-01;-1.508730088491900005e+02
-6.997255079925855936e-01;1.964725132916389283e+00;-5.305011476105274681e-01;-5.758182406446800128e-01;-2.209695995332229823e-01;-1.123280496908298232e-01;6.141667000434252177e-01;3.526355197172861139e-02;2.139799107342220119e-01;7.575077100473051050e-01;-1.817770151054061145e+01
1.928618431501906427e-01;1.123427287095761784e+00;1.304834763319329571e+00;1.351762413426690901e-01;1.304962688790418879e+00;4.202685290565614795e-01;6.069426083866378274e-01;6.769940973750542268e-01;1.518422030652179844e+00;-1.841919078931542941e+00;1.689783295944949657e+02
2.496094582097118098e-01;-3.860227978706979868e-01;8.096575301482412668e-01;2.307117490749625854e-01;-2.058398599213439595e-01;-1.842890018327119350e-01;-1.364470853617280932e+00;-9.157550411335605434e-01;-2.440704014775084030e+00;-9.282658386559958785e-01;-3.339193426368552764e+02
1.233039133450945624e+00;-3.816958696642824833e-02;2.263159528984785840e-01;4.963464110704922105e-01;9.016194489247447708e-01;-3.093284927742968038e-01;-1.421669048059032381e+00;7.681169524306940000e-01;-8.140712224921828888e-01;-1.970721281845569939e+00;-5.794980094862098952e+01
-7.285768884105507659e-02;-9.289264824607303961e-01;3.247582395335417704e-01;5.805676870356147878e-01;-8.407718898986250577e-01;2.381713061396282805e-01;2.206308043071632252e-01;-5.041286736516636946e-01;1.889278795503996022e+00;-3.520877474538809393e-01;9.187402886488759179e+01
-2.180056311211240327e-01;-1.196589024731501416e-01;-5.329937194259537492e-01;6.399029571520844506e-01;7.018230405433439900e-01;1.699745397492694043e-01;6.369080790029854056e-01;1.514280735720483717e+00;-3.126141415424607550e-02;-4.751252784446032273e-01;1.130774786334634001e+02
-5.249019628689984840e-01;-6.622380786656234530e-01;-1.773227878900386356e-01;2.528927956903095353e-01;-1.239606811380522311e+00;1.228517606414912811e+00;-1.498281809324653047e+00;-8.033128584071165257e-01;5.716087108071156164e-01;2.339996321932447998e+00;1.878890181036539389e+02
-8.130143722601298473e-01;3.220823107669854579e-01;6.647027453331099123e-01;-5.529208373673020205e-01;1.761325193365731456e-02;2.257615231117544030e-01;-9.753660272782499474e-01;-1.109200394860205934e-02;8.232799156777053096e-01;1.303507931934759112e+00;1.213471857876205462e+02
4.583890099570683829e-01;-7.504101277546562088e-01;-1.208858864620721896e+00;-5.659371308924054933e-01;-3.811376966734188465e-01;9.886087934991747428e-01;6.037132405441961724e-01;-2.162032299927438839e+00;-1.104774673641516713e+00;1.401500346552158049e+00;-1.471448607718004382e+02
8.382662792936093621e-02;7.045065398247231103e-01;-4.430440211284822905e-01;-4.794929673992433528e-01;-8.610879101735704477e-01;4.097627959594973834e-01;1.403369970125190713e+00;7.890566873755189281e-01;1.410459145203503795e+00;6.979032725390276193e-01;2.508713229316563798e+02
4.331840672715426277e-01;-5.505339682007013291e-01;1.875225388483388489e+00;1.045140360758211318e-01;1.929088037394280711e-02;-1.443928922492227152e+00;-2.230853891243118892e-02;-6.167301099564016509e-01;-1.603729475029895379e+00;3.435545770399357490e-01;-1.667166267228409140e+02
-4.060291544127153651e-01;-2.342478337665347077e+00;6.248178230538752320e-01;8.049425736373473361e-01;1.951620471418180069e-01;9.442148402518143468e-01;1.665252233944695570e+00;2.996719773379263319e-01;5.371798145417360226e-01;-1.787068845634957326e-01;1.548450278534836855e+02
-4.209858680131760567e-01;-2.029239565342277618e-01;7.183315431942461915e-01;-1.011976273175318741e-01;-8.410484303982944665e-01;-3.700809407323362582e-02;1.682888388947831437e+00;-5.474639567621555208e-02;9.004158386695831906e-02;-1.487154235709770900e+00;-1.639089379038965433e+02
1.663042259596117400e+00;-1.055249387709541187e-01;1.029652424646105291e-01;-6.265002160433267298e-01;2.553281717450444077e-01;1.451375461070381734e+00;-8.483665364230906780e-01;-2.680325873276105941e-01;5.397236797383070384e-01;-5.833429328784879297e-01;2.085838956148704142e+02
2.049812095785926047e+00;-8.239354869719995866e-01;-1.349576211551532179e+00;-4.152137679052715358e-01;-7.908993816675531363e-01;7.821300015314591736e-01;-7.798529462216388097e-01;-7.191094514491859213e-01;6.828189574826279808e-04;1.081984809249942225e+00;1.516840245706806627e+02
-6.149441025160431451e-01;-1.786808876079835351e-01;-1.732494594967327384e+00;-3.932010036821900201e-01;1.117933822727152027e+00;2.262380886674214830e-01;-1.169315265086468880e+00;7.528910814937849194e-01;-8.251658997455378897e-01;-1.501478320174389203e-01;-1.146498983334278705e+02
-3.106292398368805663e-01;-1.133547941072996917e-01;1.038727059442182910e+00;2.015296057825019804e-01;3.564771046694920620e-01;-1.585246010729857380e+00;6.476059825670704706e-01;1.315516401774956823e-01;-1.723926998092312757e-01;4.935372942037668520e-01;-4.395923267575820859e+01
1.737904761835250111e+00;-8.963333329719959108e-01;-4.571075464582749492e-02;-4.385245056049819623e-01;1.527981573639511259e+00;-1.341130032655710735e+00;1.196763224980438522e+00;-4.855901120450092368e-01;-9.750988557869398887e-01;4.321202439837694143e-01;-5.001453910190961238e+01
2.620475277403565978e-02;1.007157200596669133e+00;1.592669998282884025e+00;1.934407081175429019e-02;-3.170425735878055651e+00;-8.091733766268820183e-02;2.106008392976417842e-01;5.179947763914518610e-01;-3.035643252659150360e-01;-4.884760801103597005e-01;-3.036124081130716945e+01
-2.821787893722977475e-02;1.189226461255785239e+00;3.963669564673509838e-01;1.697477679706617115e-01;-8.228559015184323533e-01;6.625360333986130001e-01;-1.039220163990766110e+00;6.672451474292419027e-01;1.364326244170866564e+00;8.179815444538613978e-01;3.139444974326058286e+02
-1.399078428184475476e+00;-2.277196148357528427e-01;3.754184148682145061e-02;1.091805339074645609e+00;1.006730071227064816e+00;4.509626347764768561e-01;-1.571152351117883095e+00;7.154930967694852484e-01;-1.520286792240609586e+00;1.081514086299741217e+00;-1.620850245565473102e+01
-1.135625647904514868e-01;-2.880627983512786261e-01;2.120993565845109341e+00;9.778475646543314248e-01;1.344854031180694465e+00;-3.773865174622099139e-01;-7.329260381085350717e-01;4.310229580108931313e-01;-5.585218265281086114e-02;-7.402322525487083915e-01;4.815848501885957944e+01
-6.737901056594763904e-01;1.082999938516868488e+00;-2.988200890292041501e-01;-3.582443779075079604e-01;-1.494556931649887732e-01;-2.712612563810437916e+00;-1.430831201624671811e+00;-1.076381187402058348e+00;9.575371632797674559e-01;-4.765538014335246597e-01;-3.247149169362796215e+02
4.558877720816076340e-01;1.328194141849057930e+00;1.528468426412531667e+00;5.078357562896237409e-01;9.278401280812371699e-01;-6.435182303801429970e-01;5.701312489708450226e-02;5.562300094006599194e-01;2.165002344901084008e+00;2.685922788632569280e-01;3.451635069780514300e+02
-1.794443585088901338e+00;3.131234171929916377e-01;9.530339915361779601e-02;7.810089546071514732e-01;8.760457766719285111e-01;8.881573217434416412e-01;-1.548583033621392380e+00;6.675849604766076473e-01;-1.121279591481784799e+00;7.950214592691725590e-01;-1.571459828634438338e-01
-1.201535394739286833e+00;-6.480925356113022284e-02;1.520600901763211832e+00;1.261761160395000081e+00;-4.063568513704235996e-01;4.473862964734274805e-01;-1.658409056620021027e-01;2.051848907361835950e-01;-1.336722084146622080e+00;-3.596926657008234773e-01;-9.257063576649083814e+01
-4.129978221434340568e-01;5.950294658355647082e-01;-3.596296724524624122e-01;3.011073391917420961e-01;-8.484286341908146012e-01;-3.143917037477642062e-02;5.731278132412001014e-01;-5.574230531083211870e-01;-9.266983088473107477e-01;-1.785866491934111178e+00;-3.428515909972574605e+02
1.882024496475033670e+00;-7.904744554453119187e-01;5.572491228869460439e-02;1.094191518470948532e+00;-5.112156764311851509e-01;1.593186626639397030e+00;-9.896048202585808751e-01;4.714683571359957193e-01;1.345420046154977678e+00;-1.257869200996481474e-01;4.291360636663944206e+02
-6.547697756239492239e-01;1.597397293221623160e+00;8.551332963959902556e-02;-1.715708318638129448e+00;3.209300619256575393e-01;7.991526374003748989e-02;-9.878659101397718745e-01;6.446898032842333093e-01;-5.106084992975794545e-01;7.230379395798638420e-01;-2.660759383470399086e-01
-1.146408355063924522e-01;-2.656045602861051846e-01;-2.050357457284200269e+00;7.391804947015678806e-01;-1.264006167947363757e+00;-1.501169512538065853e-01;4.861847915619388893e-01;-3.998782386683714662e-01;2.642682716456365433e-01;-1.949371755322423239e+00;-2.927798543662474913e+02
-2.443998355375105458e-01;7.837313967528776182e-01;1.173900931574208162e+00;-1.018037671922815024e+00;-2.067544034292712329e-01;-2.875841475920969947e-01;-1.377858611922804510e-01;-1.398098014681875334e+00;5.558584593174067390e-01;-8.356012406877455501e-01;-1.815722145862293928e+02
2.202013924659615984e+00;9.540851021566280066e-01;-1.345014483930668803e+00;-8.610496721655754859e-01;-4.164384332480255413e-01;1.095715800778581106e-01;1.976844755810775681e-03;1.218480214871686451e+00;-3.560920486190551904e-01;1.532873355636311885e+00;3.262885399104625321e+02
1.223948753146004709e+00;1.689188933651678992e+00;-4.919569048694830693e-01;1.328056888986967499e+00;-1.671169772494065064e+00;-3.652409774898465189e-01;2.035873535181792704e+00;1.669922781404638901e+00;-1.976204677959656208e-01;4.689780781484677030e-01;2.707373340643377446e+02
-1.525662409286842047e+00;8.092586281232986289e-01;-1.289500069723980014e+00;-3.015798077911049924e-01;-4.677386838585820272e-01;8.201435941230599269e-01;-7.982060763581541041e-01;1.232328605214664030e+00;-5.969720279011154762e-01;1.018537427650394678e+00;3.163497651645586117e+01
-2.358714645336772164e-01;-1.450163167036701894e+00;-1.795129196619868361e+00;1.385575233941481077e+00;1.612311527903548258e+00;3.093904424598202252e-01;1.197488540038174509e+00;-2.010387718666350465e-01;1.048794439671240974e+00;-4.564956095040956785e-01;3.382735590597155095e+01
8.446678638994742361e-02;-9.935895155940361878e-01;8.451847581532724585e-02;-7.135846699071758392e-01;2.324673305852817951e+00;9.562950020913461024e-01;-1.700607448383099560e-02;1.359245672183479747e-01;-1.069254493755080082e+00;5.050210882737669049e-01;5.067382408003418703e+01
-4.941900230669127314e-01;5.989963416842640775e-01;1.911242338363921822e-01;-1.149707472897405713e+00;1.165594895144128174e+00;9.625025919532984586e-01;-5.883285413152220672e-02;8.533489773401465861e-01;2.838445673027367722e-01;-2.209317249396126059e-01;1.057302798880488268e+02
-4.992476144946552119e-01;1.279272023745792464e-01;1.027060426873017462e+00;-6.478722896465213266e-01;4.068476351397830593e-01;-4.503681912566681045e-01;1.015392328675223332e+00;6.357265264405499439e-01;-1.873240111819151954e+00;-1.171831300472525150e+00;-2.361692344053453780e+02
5.570296224878030777e-01;-9.597323348329340753e-01;-1.131505301352162540e+00;1.578477336065005343e-02;1.222194180106795258e+00;-9.960449401698920902e-01;4.342340881641101186e-02;-1.663689978196382979e+00;1.744010234075732635e+00;-1.335691521693076034e+00;-1.859446647368058336e+02
-9.445871444200275302e-02;-1.817979225387154729e+00;-1.295172468634407659e-01;5.798572852951321410e-01;1.279464931657751103e+00;-8.638829605897661024e-01;1.041724664058851335e+00;7.597122954841684095e-01;4.196099720241181497e-01;5.835443030118876440e-01;1.090635324709871838e+02
6.975869703391990306e-01;1.888436939614256627e+00;2.919050393556744602e-02;6.979740301300975114e-01;-1.302844763524745320e+00;3.080099022173409251e-01;4.520678382596710065e-01;-1.642419850320318842e-01;-8.360916702196264927e-01;-3.559740843858327786e-01;-4.443652574251460408e+01
3.813096122647846586e-01;6.188862980231536470e-01;-5.147826749147419445e-01;2.435302041863446343e-01;-2.630730136829063426e+00;-1.518910825090067807e+00;3.883757292301683317e-01;1.638359732270940894e+00;3.116528560047783225e-01;-9.482423128087223707e-02;3.689851866226058519e+01
1.232204237413911274e+00;4.685312569051240938e-01;-3.920477826671145971e-01;2.832026367776419723e-02;-2.325420154139680395e+00;-5.638483318598599414e-01;-2.373122341952182690e-01;1.522693758075000237e-01;4.373726741796683526e-01;1.027959002257798016e+00;1.455259614209149959e+02
1.377263903813233714e+00;-5.740647135680381208e-01;6.125271034038719947e-02;-1.698426909237350069e+00;-3.496069615338034259e-02;5.422593912485507150e-01;1.289593619624759047e+00;-1.836488838570426552e+00;-1.299874407368452278e+00;-7.922540927747564465e-01;-2.693765652231159606e+02
-7.821794539526339962e-01;1.189129781453466261e+00;1.048798267387544315e-02;-1.400056537163379966e+00;-1.811639847118387214e+00;-1.168980910212499724e+00;7.184116977766297207e-01;1.756101589693533915e+00;-4.605660297595575714e-01;2.230203029621631305e-01;-5.249358350933432860e+01
-1.546497065608334609e-01;1.601074306164392613e+00;-6.849871791437476265e-01;8.011817639881827491e-01;1.016300535334246774e-01;-1.931830427183567345e-02;1.167217733304372951e+00;8.918405795948127768e-01;-1.813293472017158514e+00;1.588447176240111780e+00;5.588723662499257472e+01
7.543363890159279772e-02;1.639964529371392921e+00;1.232048067844856709e-01;5.514853760404675453e-01;-8.432465953161917271e-01;-2.460624881299485756e-01;2.170942717497813756e+00;7.421274910718922424e-01;-1.601965811897168468e+00;-1.758858124323366134e-01;-6.368838226690022708e+01
1.163282132794208668e+00;-7.480094866005350118e-01;1.677965836968697166e+00;1.072858660965786970e-01;3.757468817196583655e-01;-2.228342439949780207e+00;-5.371642623883200462e-01;-1.784938532872104577e+00;-2.473542080240107022e-02;-1.483805855033323295e+00;-2.777612689561429988e+02
8.208689962743151436e-02;1.451486961703551959e-01;1.796660388715873302e-01;9.528187772234548714e-01;1.473188590313953272e-01;1.046800903491346357e+00;-9.353972599822935052e-01;-9.448805011240154483e-01;-7.802171481376415363e-01;8.405676977916716197e-01;3.569286417648335430e+01
-3.080342841857412473e-01;-1.105704668485935738e+00;-1.683438192220950258e+00;-8.058700664961887528e-01;1.395683810789956070e+00;1.310308746119608347e+00;-5.621680265783021158e-01;-2.149210302887353263e-01;7.796605322693398454e-01;-2.092218737445277754e-01;6.108085546974542979e+00
-1.793892497867890290e+00;-1.153332403205745038e+00;4.004813865063286960e-01;1.310651862158487280e-01;1.953259137526568212e+00;-7.090209576304904449e-01;-5.258796758952039019e-01;-1.687344347110710352e+00;-1.355447503112289231e+00;1.777501062680313382e-01;-4.045011819580437873e+02
-2.283607926576391722e-01;-1.870742699227205819e-01;5.247925755013217453e-01;-8.784987909695047836e-01;7.906862100258403858e-01;1.146471877487902580e+00;7.860172908142085690e-01;8.324005385905596244e-01;2.315410688138056505e-01;-1.149179602216780172e+00;7.241846765711689216e+01
5.712242102362394824e-01;-3.171028325739657094e-01;2.156349631729298721e+00;-3.806946237950925016e-01;1.033819962120951230e-01;4.700136612466614405e-01;-9.864404990992465816e-01;-8.034342741712571234e-01;1.390643595949957234e+00;5.168252658244508746e-01;2.330342887471134361e+02
-5.466800845872653580e-01;-7.217375533372533125e-01;8.113965544915920924e-01;-1.148263288752618294e+00;1.340461051790347913e+00;1.673452090298537032e+00;-1.299581236927597638e+00;1.768208721393979832e-01;-2.716551103260532729e-01;8.297324178791745108e-01;1.440137492291396200e+02
-9.621226204057896358e-02;3.812446551620988222e-01;-6.848121097388959466e-01;-9.426907076490066706e-02;-1.249564911924005095e+00;5.368074692249037438e-01;1.433633608817877825e+00;-4.060623167853000259e-02;2.589304282256898460e-01;-1.859663040549798474e+00;-1.665644110168636303e+02
1.252346362298008220e+00;8.766058798421794140e-01;5.697589197041790232e-01;-3.241768610406412510e-01;-4.514453903249336375e-01;1.031179257172048502e-01;-9.728278925829570989e-01;-3.117855732560247395e-01;1.136455574324845230e+00;-3.756350936619123199e-02;1.851698322700547124e+02
6.884959745615665261e-01;-1.070666406190178277e+00;6.338339263771816667e-02;-7.283903132417099968e-01;5.011292760645763567e-01;1.589147301636457232e+00;-4.866311881892691482e-01;-7.843209703002557154e-01;-2.345075351458909552e-01;-1.020560039093268076e-02;4.886235935469646563e+01
-2.856275413341157421e+00;-1.757423370402755092e+00;-3.307899952497388441e+00;-1.513629035757423635e-01;-1.059340687274826553e+00;9.191861536769533325e-01;7.164302036574000665e-01;3.110390653680782380e-01;-2.894900804336195677e-01;1.155732712120892236e+00;-2.065496867593703030e+02
2.530369668641689440e+00;4.847346479689238485e-01;1.203578054533460007e+00;-1.489284264440217997e+00;-7.969866688138774746e-01;-2.307861521027221308e-01;1.239068165210710781e-01;-3.017984933962528094e-01;-2.278925587658340857e-01;6.149612320467746640e-01;1.938853063437533706e+02
9.458881565546393144e-01;5.880766751678317972e-01;-5.106632027225022422e-03;3.987637644248142599e-01;-2.978668049568612419e-01;-6.308455507908563575e-01;7.690316554422754747e-01;9.623451692665695445e-01;1.073621943907571596e+00;-5.273890616396199604e-01;1.675391279475729789e+02
-7.535224125955694574e-02;-8.523336784531098109e-01;2.354711397744091883e+00;-5.852068969036012813e-01;2.050396651111509705e+00;3.881680334339422389e-01;-4.615131352549083910e-01;-1.473762251978182614e-01;5.146402399811590422e-01;3.847505337668031822e-01;1.925020577429421849e+02
4.026569816471609609e-01;1.315048059524201562e+00;-9.370069812461073733e-01;-1.329405103325081772e+00;-6.545649415957304207e-01;4.269836838620996722e-01;1.103354331593758147e-01;-5.696300765463775395e-01;-7.046034046599580769e-02;1.107823282416800836e+00;1.231859853417783590e+01
-4.889718347410554333e-02;-2.788833941507565251e-01;9.514492770580865733e-01;-3.665070203680518279e-01;1.704105516255491226e+00;-5.240445057746945245e-02;1.246891715534719447e+00;8.451579711843215659e-01;-1.405189846803575060e+00;-6.200400936603174540e-02;1.770156019604085529e+00
1.895148612108969788e+00;2.505448905356893796e+00;-6.003386590064870854e-01;5.935394322931908384e-01;-3.056324424067956014e-01;-1.372409737561306908e+00;1.048203967675275905e+00;-4.516410891769468972e-01;-2.631612720598265898e-01;-8.381764823315314139e-01;-7.694289316887440577e+01
2.140937441302039612e-01;-4.465149520670210759e-01;5.820871844599989631e-02;-1.142970297830623094e+00;3.853173797288367841e-01;1.731809258511819993e-01;-8.838574362011329955e-01;8.563987943234723232e-01;-1.245738778711988015e+00;1.537251059455279067e-01;6.474374798460161173e+00
-8.879629366016216219e-01;-3.190629197847000831e-01;7.397592906972692006e-01;1.485216584147117214e+00;1.617358697445054672e+00;-1.828164927927139916e+00;-3.429942256022319724e-01;-9.146537353257297998e-01;1.027883891433409635e+00;-7.725086063921601243e-01;-1.570936994117059271e+02
8.937617973878306810e-01;-1.819454383424186361e-01;2.565773958493077211e-01;7.090297753183040230e-01;6.382122503363889254e-02;9.885261046474419500e-01;-1.308253255424371542e+00;5.970560997385406798e-01;1.620158684956707340e+00;1.556582976717410804e-01;4.016844100397283341e+02
1.612220628255424337e+00;-4.830610516834394907e-01;-2.111302388276944386e-01;-9.871795271511839553e-01;-8.911922254152874201e-01;-2.685306479058323093e-01;-2.151815401329304933e+00;1.467930119855493654e-01;8.968393158655318942e-01;-7.191533192424200971e-01;8.805717238212820064e+01
1.534482101794514941e+00;1.096547118230253748e+00;9.826831427699411758e-01;-1.400070723183009180e+00;5.433908278718095897e-01;-4.597646158304762865e-01;3.147726906326633097e-03;-2.191253851165281041e+00;1.122374218703159565e+00;1.229990368438683035e+00;8.555685070610344667e+01
3.231677141847814627e-01;1.408862469112039384e-01;-1.169916835710288039e+00;-2.872262213281649323e+00;-1.594703067266795449e+00;-4.660365018682422478e-01;5.136001065697165524e-01;-1.768439365562851640e+00;-1.476025862986686810e-01;-5.327008396619113961e-01;-3.902081736160320133e+02
-1.117894338720207603e+00;1.031042738782661283e+00;-5.472184402659727720e-01;1.789790770308400614e+00;-5.916458153424456468e-01;1.114082436135438670e+00;-1.521432980914307453e+00;1.318607828178044894e+00;-7.841115340562387903e-01;5.325964876140653059e-01;9.724783983587718694e+01
1.082537008682909807e+00;1.075390554416413957e+00;-1.227653350217588514e-02;2.839278876047215960e-01;2.394669887804349306e-01;-1.683376342371908641e-01;-1.370842044829005735e+00;1.110499865647383899e+00;-6.601478673364760130e-01;1.594920208086014757e+00;2.619047626283789327e+02
9.078606377044912135e-01;-1.153659351426568724e+00;1.047701568877609679e+00;3.651606324751693333e-01;-8.715105943331572513e-01;4.855939200440023140e-01;1.487688446403513609e+00;-9.362131907061146951e-02;1.741424899823096686e-02;5.617110279184432953e-01;1.805055075270974214e+02
-1.503046859357480614e+00;1.052786239096779458e-01;3.433338856883547813e-02;-3.624990028820685439e-01;9.030979920643496250e-02;-8.814337052269954897e-01;1.164411740535270301e+00;1.506024928446337841e-01;9.956937543703620053e-01;9.256767577138693692e-01;-3.086238777279577405e+01
-7.924199209999612803e-01;-6.751782749743815426e-01;6.592456684324050631e-01;9.375701376265583864e-01;2.132937073729385680e-01;-1.893614666953785663e+00;1.205475362224236839e-03;-1.445186707155178274e-01;-3.079615296390402768e-01;-8.170886310681906295e-01;-2.549680000515647293e+02
5.379759698264888756e-01;2.948306892096945186e-01;4.551463809495185364e-01;7.727283779193933055e-01;6.173467646029672656e-02;-8.446772632932498803e-01;1.731976427087473791e-01;-1.957249790838829218e-01;-9.528610405863005006e-01;-1.825615178564646390e+00;-2.375547045072521826e+02
-8.766970856192929373e-01;6.865677467531761113e-01;-8.544934627380542658e-01;-4.030658680367221192e-01;-2.071377179338157237e+00;-3.854932409123582038e-01;1.167741925527779001e+00;7.410737806822860207e-01;6.604599523515503057e-01;-7.750449630162398185e-01;-1.271232244691835547e+02
4.644876055772337864e-01;-1.243673114188841966e+00;6.546884930081444676e-01;5.652002170845991103e-01;4.703927420091565392e-01;-2.913320061249464743e-01;1.190361419752066219e+00;6.369525399948700040e-01;-3.597550166056319720e-01;-2.827932101093248440e-01;7.589990854177194990e+01
1.344959666174148749e+00;-9.065077809327704017e-01;-2.761320864811651066e-01;-1.088627720673625010e+00;1.255323189530938466e+00;9.546668160293867444e-01;-7.334620911689643252e-01;-7.253400408147568923e-01;-6.133756284731867181e-01;-8.899625565571414043e-01;-5.574445789894234338e+01
-6.013676439512136707e-01;1.053755061459599046e-01;2.239141340646614298e-01;1.364140429973844215e+00;4.404747379603989876e-01;-1.592993733531669287e+00;-1.963779892668121585e-02;-1.334025494918204435e+00;3.197819341425369721e-01;5.524899544171477661e-01;-1.468999879350197659e+02
-2.471773825205969277e-01;2.083828079475524842e-01;-5.711789897827967977e-01;5.725827813561585877e-01;-2.811002928859548944e-01;-1.001620009894915508e+00;1.797686526849522570e+00;-2.041734868424290639e+00;-6.819842479977985539e-01;6.408428612670098445e-01;-3.056341044454017037e+02
5.259372802546504744e-01;-4.457953138268170301e-01;-9.809467270133694905e-01;-7.708136306140893623e-01;-3.927262384258175532e-01;-1.192973371019136808e+00;-3.714620210876854456e-01;-5.037223368294536652e-01;2.438909416204509406e-01;-1.775982246961892663e+00;-2.891729957149825623e+02
5.628544804571306015e-01;-1.088693410476342160e+00;6.832212993981753857e-02;1.263125145869993526e-01;-1.174202295720146560e+00;7.802017211860750034e-01;-3.559349170869707257e-01;5.614726298261329962e-01;-1.377410603879270501e-01;1.647877605783673260e+00;2.695373623278785544e+02
-8.031108339533145069e-01;-8.022718339345203953e-01;-1.606256788401958069e+00;3.949579703233071504e-01;8.444558720716657252e-01;2.721912147906492940e+00;1.101737861786209027e+00;-5.046337422892345215e-01;-7.318573084158859210e-01;4.919934868364961300e-01;7.834538608165971141e+00
-1.812727965073142933e+00;-5.815807632272180783e-01;-7.418431610084754713e-01;-3.817711966740430229e-01;6.095098962124401165e-01;2.441255845265339897e+00;1.917287968605754012e+00;-8.555276879406237267e-01;-1.032533276209410600e+00;8.290984400183356584e-01;-8.992041339856173465e+01
-1.237254982874627762e+00;1.568533938709326447e+00;-6.247141668532749659e-01;1.534273803853890006e-01;-1.338341825321939460e+00;-7.146128121242966147e-01;1.391684617326208462e-01;-4.191337935889046795e-01;-1.514160679864266223e-01;-7.102820371510779607e-01;-2.920023239742735655e+02
6.708721945019315847e-01;-1.533174595362334580e+00;1.123379487323766801e-01;2.391873389457284116e+00;-1.799839535388437550e+00;-9.766776953073547096e-01;-4.861364668488323271e-01;-1.741569650251124868e+00;-1.930833600724082944e+00;4.280587476511655831e-01;-2.934095876372738303e+02
-7.168223206028049299e-01;-1.141689114133505045e+00;-1.024186824329204937e+00;1.854092566334188286e+00;-1.217475083832835342e-01;-8.268068584269924748e-02;1.513449743242130996e+00;-1.936594592797181158e-01;-1.866536617073059956e+00;6.308116845547775409e-01;-1.961135053710692375e+02
-1.609049382765987413e-01;-2.021002320876243541e+00;2.733112495851641732e-01;-1.204329827178960421e+00;1.027070300644139067e+00;1.937987137670920124e-01;-2.155679434189498311e-01;1.699447110514828441e-01;-1.188384670740070925e+00;2.681669498219737546e-01;-7.576544228494111621e+01
1.332551467665127776e+00;-2.165231975361736061e-01;-1.694255895995077754e+00;1.006606541032627922e+00;4.977883094177774082e-01;-6.049067639281747732e-01;5.374120028203807076e-01;-9.392415406820068258e-01;9.289320135322151062e-01;6.423012350111759750e-01;9.110039033238767558e+01
-1.656840982252007557e-02;-4.842583519308302220e-01;-1.477612406919444732e+00;2.576008573981293792e-01;-2.201137312548285263e-01;5.907443355103257909e-01;6.364906149651770872e-02;-4.592882874016063904e-02;6.833245115160918592e-01;-3.717790115234884119e-01;1.125226926847504583e+00
2.410432778621117433e-01;1.589895594810694091e+00;1.284080276542286958e+00;-1.701725314007837553e-01;-1.538977739856352833e-01;1.512067949141453038e+00;-5.394297937784185981e-01;-7.201539770215666936e-01;6.039170414833745504e-01;1.730676485705534839e-01;1.734140764021561267e+02
1.042190576983017314e+00;3.456203446514458655e-01;-5.866945887618727484e-01;-7.511672196238787791e-01;3.140226024861145215e-01;1.214785793290578259e-01;-9.360902336636650611e-02;-6.208869821428740499e-02;2.332850410878720138e-01;9.226992995468901587e-03;8.400434720967356839e+01
-1.997047436617974903e+00;1.814590069425389696e-01;-9.496002440650042065e-01;1.499012068233548600e+00;1.261498990802383702e+00;1.743675877683032727e-01;3.995468410157058115e-01;-1.772027828424042273e+00;9.782649185226753585e-02;-1.498107187457909661e-01;-3.027732189390545159e+02
-4.765514232192413768e-01;9.838523436061467065e-01;-2.655605125185412363e-01;1.370101853610370846e+00;-1.641380115602096845e+00;-8.935950137191204234e-01;1.222354841516946553e-02;1.258865305766578013e-01;-1.304589443800472592e+00;-1.196665592284395840e+00;-3.122586998883712113e+02
4.513228247434116214e-01;-4.513752310813435864e-01;9.912579247616001843e-02;3.935575499419535078e-02;6.371190404112275774e-01;1.235483769503069151e+00;1.558384011880781683e+00;1.535284572503509692e-01;-1.136693118920815149e+00;-6.792219372181003134e-01;2.926088101230418737e+00
8.212011497518233449e-01;-9.243041684813365633e-01;-1.154573171891894318e-01;-5.534312459752200875e-01;7.565529007024824892e-01;-8.956885116957724602e-01;-1.201212818893262924e+00;-2.364259383706801276e-01;5.548672402144880778e-01;-8.377416743488576012e-01;-3.943580645876907909e+01
-1.180626045295110726e+00;3.280097179834052801e-01;-1.049913545369527412e+00;2.692351328862579996e-01;-5.891435454843897412e-01;9.412563966689189154e-01;-4.949118732998493142e-01;3.395299482636598420e-01;-1.044085935823840794e+00;9.639512510547116886e-01;-3.948538388024043400e+01
-5.439100535132576075e-01;1.570986506438301344e-01;1.494731007269304079e+00;-1.359201268663323026e+00;-5.347722560578037632e-01;-1.862863586451235953e+00;-4.849555448776149413e-01;6.868070965053836574e-02;8.258526698277095512e-01;-1.636301785099459449e+00;-2.250405718526371288e+02
-1.256155274507386732e+00;2.118421017472471492e-03;-1.564101763479279983e+00;2.248167366914747556e-01;-1.629563108058410259e-01;-2.626684755998611731e+00;6.318366880775604100e-02;-2.146945473868372145e-01;-4.454486424478854012e-02;2.419149843214985773e-01;-3.492161706568983277e+02
9.280156591516868225e-01;-4.012092065446776767e-01;4.458388752292465895e-01;-1.722256933957519109e+00;1.825246085611294602e-02;-2.354482922696602198e+00;1.230460047759975417e+00;7.095994793835664893e-01;2.084919705755807207e-01;5.274808330277304114e-01;1.025016155260090933e+01
-1.075650483574887462e+00;-4.846285646000813574e-01;-1.266640273476633827e-01;-5.511162400406287576e-01;1.046712713775763692e+00;-4.576845616790778393e-01;7.735577062068134113e-01;1.434176306814761437e-01;3.365830454590349463e-01;-4.957059465748996918e-01;-1.057887363721613383e+02
-1.651053395061915507e+00;-1.027313423050972396e+00;-2.521231587720763612e-01;2.197329596321628831e-02;-4.052238352693170870e-02;-1.692136581655467320e-01;1.204001130085651239e+00;-1.389727315551067266e-01;4.150725096990842133e-01;-4.569940385564593144e-01;-1.728451797844454916e+02
-1.638029057436016789e+00;9.955815140020297660e-01;-1.199697528365308186e+00;-2.316143862968876643e+00;5.827375831738643708e-01;-6.220348055543813981e-01;4.968735905075971071e-01;1.703172609918037761e+00;-1.786375465354686609e+00;1.069771454983850179e+00;-1.442552481665456980e+02
9.788895585567791713e-01;-6.143231440962944045e-01;-1.499407190791093580e-01;-1.433151814524711964e+00;8.282296901846227799e-01;1.608780855734373461e+00;1.090861670603697986e+00;-7.097889922335350876e-01;-1.371743129263505612e+00;-4.629395120252582929e-01;-6.839112384560978342e+01
-5.245202662797736615e-01;7.216720640432351397e-01;7.109599682034914991e-01;4.442633114860397581e-01;7.129984301723880646e-01;-1.222127808891945389e+00;-2.403253981581350285e-01;-1.129051771217229216e+00;4.893745612279180590e-01;-3.748208075495975122e-01;-1.758197925739997913e+02
1.140785800452474463e+00;2.001922459248361097e+00;-8.463983057776877095e-01;1.744103184465978451e+00;-1.671332267634772162e+00;5.855215328568676991e-01;3.710537382153631381e-01;4.406463491293768908e-02;2.930088072586550241e-01;-7.349751012572659503e-01;9.512555672439299315e+01
-1.133946335967804142e+00;-1.415844192943381263e-01;-4.008653350097023393e-01;1.299631285303439965e+00;6.321516296907727650e-01;2.203309815257757709e+00;1.259238204854551402e-01;1.770641872462673350e+00;8.038503876365497847e-02;5.066364549090027758e-01;3.166416887399907409e+02
3.333698512608780917e-01;5.682733771527842537e-01;-1.044836313903071190e+00;1.783922595201768990e+00;1.197168027247853539e+00;-4.991389514703656327e-01;-8.075913400982960288e-01;1.086380711205837901e+00;-2.492810499395353485e+00;-2.234725052369391507e-01;-1.050846401301311488e+02
-1.498780335221683024e-01;-1.635290270071552587e+00;1.112233348408580291e-01;-3.273255750723957358e-01;-1.167500823880714300e+00;4.637230575571145152e-01;-1.403162280471597634e-01;-9.186164585230326418e-01;1.112292449891727708e+00;2.017806448793030061e+00;1.796870213527663509e+02
1.764841836629528204e-01;9.853997114500494536e-01;-1.485186162699932089e+00;-2.049474485669680934e+00;-7.907709190853536851e-01;-7.310730200893851560e-02;1.015937223563556202e+00;-1.585845640385847410e+00;4.512260161360988064e-01;-4.033797459686825904e-01;-2.485166726040806111e+02
2.316726841950608462e-01;1.973726054396600371e-01;8.276575097351986932e-01;8.435502912221203298e-01;-1.317799752108973710e+00;-1.273212773913397600e+00;-2.214268185884551432e+00;1.137576834802773718e-01;7.234521731918178156e-02;8.175345098452976300e-01;4.705786891412983408e+01
-1.167865307291710231e+00;-1.118471040863129456e-01;5.233237827285885935e-01;-8.005903423481054437e-01;5.666021483927254909e-01;1.107721095982448611e+00;6.443105001082004568e-01;-4.526901485095333744e-01;-3.283752594168024008e-01;1.464756116533182106e-01;-6.947589665317362062e+01
-1.573346949605739731e+00;-1.416990139680990968e+00;-5.142094443630261802e-01;9.999910050596110267e-01;1.218665210788921094e+00;-4.472451047873071128e-01;-3.928438907672072711e-01;5.813730593389240253e-01;1.520157778377793367e-01;1.107272972003804146e+00;2.719036243989241086e+01
-5.028687536709558481e-01;-9.154770290902924934e-01;-1.191874704191249856e+00;1.943528881122197127e+00;8.640699821389469237e-01;1.311162296603616495e+00;3.061345531027553357e-01;1.264592190606900479e-01;1.178865937036938982e+00;-2.310595368408985828e-01;1.695313823543019112e+02
-7.870362789332989717e-01;6.229440304133081474e-01;-2.207287569583665510e-01;-1.332678441025203719e+00;2.398727522847250715e-01;-5.066348337879192920e-01;1.485477369272549586e+00;6.415416449360119566e-01;-9.782656492662400449e-01;-2.047437185770750290e+00;-3.315990406603642100e+02
-1.309258051261265043e-01;-1.761124339598626465e-01;1.378467355453808052e+00;-6.715122069805457006e-01;-8.057996548842046858e-01;-8.758424064951101373e-01;1.010274586836015676e+00;8.298741881250996932e-02;1.128239783268837559e+00;-4.436145551156163436e-02;5.083339945300104290e+01
-7.255698465661165539e-03;5.881379513426595596e-01;7.091143896332838814e-01;1.622232168988319290e-01;2.281872889609554145e-01;6.617366120969478960e-01;1.345117173611788397e+00;-1.310645784304372619e+00;-3.117075924672144671e-01;-6.018971609326135841e-01;-1.097443541903067796e+02
1.038606069208816596e+00;6.595314695891383305e-01;3.903661943953756763e-01;-1.539052269746875867e-01;-2.553549596055898263e+00;-5.109891701957270937e-01;-1.683849224728525273e-01;1.766511800327633663e+00;9.315833769974234124e-02;-3.260124958168491571e-01;1.688585531917325966e+02
-4.363858905265686206e-01;5.462842480036995685e-01;5.609194479412387135e-01;-2.954803180291603604e-01;-3.700110298821276955e-01;-8.836295920533532300e-02;-2.587960626671023667e-01;6.422269810937816445e-03;-1.096098039258308343e-01;1.598647170504716941e+00;9.533922041925875135e+01
8.708175518634642120e-01;-5.425460286414785643e-02;-8.539289145713574447e-01;1.138281444889579275e+00;7.074872072053618455e-01;-6.755685285912162996e-01;3.749076863007757554e-01;-1.296912613271982595e+00;7.435106703345966128e-01;-1.280612145361108345e+00;-1.265052282442967169e+02
9.248262123767372334e-01;-3.300527352440008055e-01;-9.899153130235488485e-01;-2.104880305370333549e-01;9.462436716153140859e-01;8.199736423467860469e-01;-6.880821265803180875e-01;1.554962727725764937e+00;1.147520616632242252e+00;-1.986021553534843553e-01;3.415826407943540062e+02
-6.962935790523947510e-01;-1.695017792975307636e+00;-6.690967601377133533e-01;8.039864958905025283e-01;1.471400348166522098e+00;6.961897158262456697e-01;9.075323007926968666e-01;3.673193878491966546e-01;8.652711572945459562e-01;1.090244283658064806e+00;2.122368621710254217e+02
-2.041297688727161663e-01;1.106710424287317363e+00;1.606499403531165271e-01;6.622629821596196509e-01;-1.120767650696249618e+00;-1.204355295993149964e-02;-5.739746378679374400e-02;-2.274621031206199628e+00;3.117681129208047519e+00;-5.080078861953354896e-02;5.444167174376192264e+01
-1.070754376338502567e+00;2.782045960209798552e-01;1.097075306412627738e+00;-1.445399836780758118e+00;-1.986290611870420886e+00;5.602808936789537286e-01;2.774211112373431987e-01;1.555794692306387839e-01;9.660928553563207233e-01;-7.729734341666210096e-01;-3.344299317261982907e+01
5.008315910042115959e-01;1.680153405325285065e-01;-2.188662517356257109e-01;7.662429750405095330e-01;-6.375875420759639089e-01;7.424589135926202843e-01;2.166831189642862143e-01;9.452115346114835503e-01;-8.784738013420599900e-01;-3.033500674771342220e-01;7.486199118966379729e+01
2.142711034464186426e+00;2.305336672113391383e-01;2.915191232501267854e-02;-1.024894899380866864e+00;-1.273576681211117667e-01;-7.418206417017582099e-01;2.445980696492174034e-01;-7.746840576638448495e-01;1.439597927430135371e+00;8.634140715616104300e-01;2.079606413214431768e+02
4.572248119493435570e-01;-4.211302348010840246e-01;9.308873827918374699e-01;1.810522478420993231e+00;-2.855416253072237676e-01;1.198225393201286959e+00;1.299871243530604570e+00;4.479307327729469268e-01;1.352759030614762992e+00;-7.140417437774548848e-01;3.045416888501684411e+02
1.112046842103206368e+00;-1.947339872661923321e+00;-8.853264322180603996e-01;-7.726368896531002894e-01;1.462147963775592974e-01;-1.506922299138013566e+00;-6.047188666354781361e-01;-8.933586547104598041e-02;-5.515157301029804948e-01;6.295583660658357061e-01;-8.846105217428333845e+01
-1.547706401241187413e+00;3.650622238552014148e-02;7.845272604756385881e-01;-5.671951510151009845e-01;3.482211041441688470e-01;1.568199690527486201e+00;-7.203688548966539207e-01;-1.961966850678315888e+00;3.496305416696275370e-01;-1.442853754067335403e+00;-2.961544268998181906e+02
-8.607379884731032327e-01;4.784997317958898377e-01;9.252905496854980649e-01;1.354892931521838761e+00;-3.837529809130093006e-01;-2.877070555494765647e-01;2.111613218417972782e+00;5.389630726557221863e-01;1.354210925245083130e+00;5.227667423667181623e-01;2.021305181791121299e+02
-2.468578925108527999e-01;-1.787138587584451432e+00;1.449292428403826216e+00;-1.131706482900635413e-01;8.569052705051000141e-01;1.112149062806598199e+00;-5.747932272153171152e-01;-1.008530808252646294e+00;-1.560433467805031116e+00;1.279614119177747700e+00;1.012273911377346636e+01
1.480574138908146431e-01;-2.543744170265619942e-01;-3.152781874521438099e-01;2.315187720464615406e-01;-3.308105195222719730e-01;2.615185967258301658e-01;8.804864602241313509e-01;7.368371241051792087e-01;-6.431504101226552805e-01;3.330584350670474092e-01;7.430590031829433428e+01
3.473898417085552470e-01;-6.578984885747408695e-01;9.343117376707711363e-01;-4.324011872779615628e-01;1.167290717383779874e+00;-1.266538828944971717e+00;-2.820168822240690876e+00;1.040642442799667888e+00;4.060851098744290288e-01;8.340554518493689118e-01;1.718130919343707887e+02
1.062167447588660218e+00;1.848109104105552403e+00;-8.317177193461948448e-02;1.377335029528341748e+00;9.109444038394752807e-01;1.428721188398906529e-02;1.612978170593054372e+00;5.400178017231407335e-01;-3.235149467844571358e-01;7.292369493107530021e-01;2.288827223153981549e+02
-6.567703583517163768e-01;1.006250799432715226e+00;8.796427747427569555e-02;9.104611024518410867e-01;3.535661467404633274e-01;-7.906736399225946510e-01;7.324765292380993609e-01;2.340300215856979449e+00;1.676189507502015230e+00;-5.107771919044724607e-01;2.628800835597408536e+02
-2.858722549791206102e-01;2.452769322176075184e-01;8.564598131487864974e-01;-1.386213450427135549e-02;2.440923965456534894e+00;-4.321210431294197352e-01;-8.386236735995307168e-01;-1.121968119949415366e+00;1.615134992384073265e-01;1.179424468140427784e+00;2.323165267080137042e+01
-2.009733366868717397e+00;-1.292303374928451154e+00;1.231304263568685720e+00;1.040464810390855921e-01;2.648242424647779814e-01;1.510731651539213516e+00;-1.198361546999096916e+00;-9.612514874510678098e-01;-5.490544311588658744e-01;1.017147674379312416e+00;-7.177678405596913080e+01
-5.093450963307085688e-01;-3.417188153432739600e-02;-2.318779750612326163e-01;-9.600105221878282302e-01;2.802912919659069635e-01;9.066483858092830861e-01;2.924841879422958590e-01;2.115770809562984578e+00;1.947740056280672372e-01;-3.624024336880800057e-01;1.705260748268423185e+02
1.600182258527876877e-01;-1.558981779366675202e-01;-4.134651611232760260e-01;2.602805065828861508e-01;1.448499229892926232e+00;1.117398815902460818e+00;-3.597686457890857392e-01;-5.482872964906009283e-01;5.017827361675449849e-01;-1.326047686082038268e+00;-2.714313885595987585e+01
2.189639158559750776e-01;1.103217572053658113e+00;-1.249820339589364115e+00;-2.652375404702022044e-01;6.841632086089545206e-01;-2.435312331782888418e+00;-8.147560028235480978e-01;1.441942401952600816e+00;-8.418216318681522869e-01;1.761504518876921277e-01;-9.381957190594697238e+01
2.822000249838398478e+00;-3.870530262337276151e-01;-1.001137557885149576e+00;1.600397298889294273e+00;-1.460285906058812033e+00;1.150128678393632198e+00;-7.071886792934604093e-01;-2.903829916507966735e-01;1.078651945959725911e+00;7.468163945423902939e-02;3.662514065682453293e+02
-1.474778541238394913e+00;9.594960765994410279e-01;-7.058040551156495868e-01;7.566424651069376672e-01;4.918144010879625938e-01;-8.571723738917057522e-01;7.733998160676113232e-01;-3.650550328049707027e-01;-1.645145317961699549e-01;-1.056270407748106210e+00;-3.100444196904921910e+02
1.330803915639861890e+00;-6.183968529606526099e-01;1.438028721873262139e+00;6.887463951376919524e-02;-1.435368827046889173e+00;8.266517974324316675e-01;-1.443718369595054618e+00;2.068825297567905008e-01;-3.393358444160606835e-01;-4.828006886849496304e-01;1.364650337914962961e+02
-3.468743918900938361e-01;-1.869715128172816931e-01;-8.798704047100920356e-01;-8.003406320359496284e-01;7.665037670055788732e-01;7.463165225591262830e-01;7.841701737244762827e-01;-1.404765221667000796e+00;-1.679635497706629899e+00;2.887248017446782458e-02;-2.823044161617137320e+02
4.006416383398366809e-01;-1.021030588914389331e-01;1.491673858801807695e+00;7.248293734858317627e-01;-3.670746460181830151e-01;4.563559731326962687e-01;-8.965855406471915368e-01;3.755307666056290766e-02;-7.880762539036711978e-01;5.734474933553989073e-01;1.130545851577780780e+02
-1.460302435209222649e+00;-8.141532565976035141e-01;-6.820747980237830133e-01;1.152348638961925742e+00;6.509656787794414479e-01;5.724714117797358170e-01;-1.179810946073778372e-01;-1.165201999965288504e+00;1.879417764327564466e-01;-1.156996455664363932e+00;-2.399310838787746434e+02
-3.992566459459620520e-01;-4.917666126562028062e-01;-6.411116541527696056e-01;1.658869694455329835e+00;2.611845412796286459e-01;-3.759282454713563926e-01;7.917452740087222995e-01;2.177293447549065508e+00;9.068705346102849951e-01;-5.719028498099240077e-01;2.080739274818371882e+02
5.488838353173643991e-01;4.818660617184915007e-01;-2.297996305751938140e-01;-8.514064342603135938e-01;3.278795241593573939e-01;-1.254542600029002197e-01;8.589300629333040948e-02;5.472647973779669606e-01;-2.549557935536978515e-01;-2.219300372747535111e+00;-1.284926343873045198e+02
-1.970103817711835514e+00;-6.846298257600039738e-01;-4.070363129267804969e-01;6.863184569567007953e-01;7.307641190665244979e-01;-1.211171929280781212e+00;1.427306783643410640e-02;7.906255991627686441e-01;8.925973382993092065e-01;-9.539394193966448388e-01;-1.478786733630707886e+02
1.519019572530980966e+00;-7.795444753593765430e-01;9.084142390861619232e-01;7.107740251751940574e-01;-3.215876844257072320e-01;4.245850960471449498e-01;-1.543630521873684769e+00;4.014668584815456187e-01;1.116800950632768248e-02;9.674294191540578902e-01;3.184330294593248709e+02
-1.136871181634415473e+00;-1.594825854900820739e+00;-1.084756434158813843e+00;7.731318638032247392e-01;1.317383917939821236e+00;-9.999470267933823209e-01;2.206782724615100388e+00;1.312724069272661387e+00;7.471865901250932529e-01;-1.686530059690336758e+00;-9.682927193369431507e+01
-3.294477863470913759e-01;6.791427754381954562e-01;7.567886799869819603e-01;6.124687940136023245e-01;3.161559571827782800e-01;3.350580290841175257e-01;4.692675898085262309e-01;-3.020454994898641998e-01;7.318707042882955927e-01;-1.535572123207105788e+00;-4.862973514463033098e+01
-1.117327008931234600e+00;9.346547073366235914e-01;1.061816645989731800e+00;1.414029135561987394e+00;-1.258264629367287890e+00;9.704884596133799279e-01;6.365532068732643323e-01;3.699256130043903079e-01;-4.149110457737923557e-02;2.322609225262766142e+00;2.894473285782661947e+02
9.790358254675167737e-01;-1.865839755203436034e+00;2.096161276050950928e+00;-4.786963810079456483e-01;-1.858056100997783067e-01;-1.226560579901965431e+00;-6.068543320192062995e-02;2.846894043841042415e-02;-6.431539972011117712e-01;-9.086522819154584374e-01;-7.418332404373342115e+01
5.343472134537843310e-01;4.212473786909801676e-01;2.201893142051327967e-01;1.032389398126396740e+00;9.373674142536798648e-01;9.951676651586061073e-01;8.301613723463043826e-01;8.468399454691651895e-01;-1.768415425638072414e+00;3.728422486558249926e-01;1.290411874888816044e+02
4.955165241448956648e-01;4.180914275066016650e-01;1.170678788706500217e+00;-1.051041950286693671e+00;1.890840420039165304e+00;-4.002422829318855180e-01;-4.055873567476788732e-01;-6.749378569134982797e-01;-8.330082558394399372e-01;-7.988515440172963000e-01;-1.428257115043712133e+02
-3.536525548815511732e-01;-2.158307554361544589e-01;1.237369793563599218e+00;-2.577245615862952532e-01;-7.937614002031229132e-02;1.297297533925545698e+00;2.144632674675513162e-01;1.137857775969371765e+00;2.273259068231903157e-01;-9.638463631489710415e-02;2.158152449531879711e+02
-5.973810610451428804e-01;-6.784947304872217533e-01;-8.476272124968842192e-01;8.185946183432132317e-01;-7.710421571412046093e-01;1.197178531461912776e+00;1.000820497768414086e+00;-3.054994630536528866e-01;1.104180469461195635e-01;-7.816720723468876253e-01;-7.028662449226629860e+01
-4.590903102189917706e-01;-6.065033882157396805e-01;-9.662367001488972318e-02;-4.159669279473586223e-01;-1.751828806751719148e+00;-1.154362668232984390e+00;-3.899237065594453044e-01;4.559041951707026863e-01;-6.946003691631446042e-01;1.580534899201318511e-01;-1.743283872076062551e+02
7.005216311318138156e-02;-1.044492185374714943e-01;1.895816165987433966e-01;1.001046092567141166e+00;2.383689827347851287e-01;-9.273531341905740799e-01;9.751976297824297424e-01;-1.688217231900106252e-01;1.161878302608190472e+00;5.010941699398452354e-01;9.500298391205171811e+01
8.889400055930373190e-01;1.660188478745722451e-01;1.301129852178572577e+00;-5.297782520307183773e-01;1.271696791522557879e+00;5.996436407250352874e-01;-1.499662911708610491e-01;9.964626154129835323e-01;3.533937974589567710e-01;-1.115420003530206206e+00;2.087332152666079423e+02
-4.805744132024745152e-01;-2.396082288330416254e+00;1.106774518624328740e+00;4.147844620792411341e-01;-1.980836470922634041e+00;-1.157415790215433615e+00;-3.832383569737249362e-02;-6.789803464631321006e-01;-1.874892064047533058e+00;8.187659708488160826e-01;-2.594154018278371723e+02
1.371098813911922010e+00;-7.442433669555712505e-01;5.539691178333414762e-02;4.350483716404443535e-01;1.514247599980887093e+00;5.652471239747299814e-01;-2.358464142207465031e+00;-8.257690954681581319e-01;1.796991501647062298e-02;1.278873764700374949e+00;2.146625263478966019e+02
-1.661204405183922539e+00;6.037330161902217940e-01;1.126393449722065565e+00;-9.860839900467728569e-02;7.496980214448689672e-01;5.136092944152218509e-01;-7.586652015427722828e-01;6.280786969002486453e-01;1.549818606328339454e+00;6.223791184731186643e-01;2.224967642358953128e+02
7.733416946447086993e-01;-1.147662627947748648e+00;-4.284284347555767369e-01;-1.283085436376442567e+00;-4.160749537039392515e-02;-1.259002726968151187e+00;1.228115293780928541e+00;3.688244122486614707e-01;-4.233774902357365089e-01;1.125930330634056453e+00;2.207337689362385902e+01
-4.358573549814068748e-01;-1.305754572951713099e-01;-3.075773895637438082e-01;-9.677523395470999379e-01;1.083261776294303980e+00;5.553988606517399340e-01;-6.059900460849119153e-01;4.613307130354217245e-01;4.643205608266651185e-01;-9.427752402304745427e-01;-1.802280026907732235e+01
1.293817690814725863e+00;-8.623069361636810370e-01;-7.828665102974913248e-01;-9.604469539838815795e-01;-7.825412863264450403e-01;1.248676101954789702e-01;-3.139521869158606870e-01;-5.869582099762844507e-01;-7.754826486844134115e-01;-4.616194396997189836e-02;-8.357868890207419099e+01
4.323527142003399382e-01;2.573731064173493954e-01;-6.727746491353453484e-02;-1.074661039432863063e+00;-1.321555786511050989e+00;-2.032353764298384657e+00;2.109274785058724497e-02;-6.308464029471887446e-01;-7.171819007224714548e-01;-1.131067235502587698e+00;-3.779595065584989015e+02
1.992515353168118342e+00;-6.058608207588933592e-01;2.538842054241018109e-02;-1.919673156197656327e+00;8.595878869798019295e-01;-5.495571359085801300e-01;-3.871306497895146137e-01;1.719377906207296691e+00;-7.666565877833478870e-01;-4.541121793223822090e-02;1.735114079038679904e+02
-1.767741631157820903e-01;-2.058594308803403661e-01;-6.176419986012892521e-02;4.794415180860638892e-01;-2.848754933696708291e-01;-4.911537471421046908e-01;-2.561797524953801086e-01;-7.465783465402389130e-01;-1.548618298863746690e+00;-2.414974458707788152e-01;-2.775675508841368355e+02
1.870965175371782196e+00;-1.585983312237958298e+00;3.278211728430852623e-01;9.242701395378297713e-01;5.346290861224353153e-01;-8.682927318763664637e-01;-2.635747739016877755e+00;-1.879924385139045029e+00;3.896141773709038691e-01;3.375506597160998941e-03;-1.744799483759257441e+01
1.290129556830568042e-02;-4.398532631004059001e-01;4.249196023936837041e-01;1.676650802761359582e+00;3.547728686280085530e-01;1.690619559011258960e-02;6.588202446894643183e-01;1.789438711077373290e+00;-3.072898386747180965e-01;-2.288801631579418239e-01;2.064719915656774276e+02
-8.263652852658686099e-01;9.719303434406338926e-01;-1.894581150472302911e+00;-1.600386735793444259e-01;-7.296943188127828772e-02;1.678179922124870105e+00;-1.817335376159058546e-01;1.434289370373244277e-01;-3.922296113440238430e-01;-9.413814861392652000e-01;-1.100164668516734281e+02
4.602716249823038397e-01;-7.380570836613915553e-01;9.619871890718409979e-01;-2.370119700126277207e-01;2.063617713254506936e-01;-1.019695319708856740e+00;1.462195938717636867e+00;1.812511626020504030e-01;1.948423402701380536e-01;4.486357645145273021e-01;7.276630158472251253e+01
-7.201629036798192773e-01;-7.037369567249628366e-01;1.288210471066083329e+00;8.381468968971603761e-01;1.676501553866558136e-01;-3.804685361173344438e-01;8.782055654366450748e-01;1.383572322239462471e-02;7.069702166483936290e-02;8.392478453905952707e-01;6.956462558330407830e+01
-1.429724243030371156e+00;4.788475732177350785e-01;6.051330157589493997e-01;-2.802827130771807229e-01;-1.606532863660744548e-01;-2.031685289846788811e-01;8.509826785067651223e-01;-2.721413237785700462e-02;-1.420893985223443234e+00;7.573042237747471539e-01;-1.617558241284659175e+02
-9.658267708959641373e-01;3.708677924710247487e-01;-1.928060873074124715e-01;-1.339517923565037183e+00;-1.874865655501710915e+00;6.785496546210516566e-01;5.220206351107665732e-01;-9.913343922342502390e-01;2.367171210263931680e-01;-5.432015003763370764e-01;-2.223988738252882627e+02
1.678674673372566151e+00;6.336610247740587232e-01;1.139555536025469218e+00;-3.873619645528112443e-01;-2.243189708781047897e-01;1.311167497802624426e+00;8.595848723435561833e-01;-6.981996746110497032e-01;-1.911640550651757087e+00;7.980148405873309370e-02;2.520355121313211555e+01
1.871074482308114018e+00;-6.362237126519297847e-01;2.529927749251952296e+00;-9.935930039314480045e-01;4.371267797310518510e-01;2.441221722471913935e+00;9.205513731199198302e-02;-5.650604735511924881e-01;-8.508840890388986722e-01;4.762403533876659045e-01;3.106767405056754114e+02
-1.785025839069702025e+00;-1.938526836939753695e+00;5.094948616555285970e-01;1.342256782860180797e+00;7.466848560946793834e-01;1.011295447972919703e+00;-6.645854879485937339e-01;5.963335838654738597e-01;-2.282175344345308277e-01;-1.588503136408172534e+00;-1.161006847447794428e+02
3.973970234592342776e-01;-1.622311759594123950e-02;6.852900847109678617e-01;1.402009325919121974e+00;-1.402866157207854680e+00;-2.805020534116173803e-01;-1.081389903914167505e-01;1.156833781036988862e+00;-7.474556539582122294e-01;1.112100619221338516e+00;1.992162693164590621e+02
2.921688282073260923e-01;2.921488421187988793e-01;-1.979018693489712266e+00;2.026817116042392453e+00;2.310434600073103112e-02;8.687983383055493114e-01;-9.779388355526387189e-01;2.802359460024942961e-01;1.148450902777529981e-01;-6.124228909008682109e-01;3.821871062212867542e+01
-1.070852418684438812e+00;-4.179095457658905666e-01;1.847104747810832948e-01;9.379155375106550396e-01;1.894798212210806465e-01;-1.280455571002466764e+00;1.007443973195198517e+00;-2.025807873111376889e+00;1.911419087139723416e+00;-1.254922668002292463e+00;-2.921474462575573057e+02
-2.230256812664022092e-01;-8.796436755512406780e-01;-1.715179970703420542e+00;8.259235830306531634e-01;4.335624601918792731e-01;-1.528549918142254882e-01;1.762979652537399078e+00;-8.203284611324673792e-01;2.820362104622205490e-01;-5.077167691497138646e-01;-1.646863470569722949e+02
-2.841878821547785816e-01;-8.097354673898115029e-01;1.206085476135786289e-01;6.623068966479679354e-01;7.039646767942335792e-01;6.455980789595455738e-01;8.898569517854946209e-01;-1.251227915377675748e+00;1.567791509795664062e+00;4.207665625185863512e-01;1.193717650182431100e+02
2.608661747219759297e-01;4.530396565720589686e-01;-8.483778038821382372e-01;1.742895295810178991e-02;5.065343913859176039e-01;7.076782440272428865e-01;-6.584735952612559284e-01;1.073118026799374958e+00;7.998872897059834397e-01;1.739235119751524616e-01;2.266274565104687042e+02
7.934887205522129783e-01;-1.343087414705478044e-01;-1.090966430215198235e+00;-4.108142879545848003e-01;-1.662491988035674328e+00;1.304340242878152534e+00;1.032546204341657337e+00;8.108082731597821002e-01;-1.748531973238180770e+00;1.126705136827583331e+00;9.450228559975234077e+01
1.553594810449827612e+00;1.006240747311636818e+00;9.587078449618279263e-01;1.535479764239154055e-01;1.145216686571658871e+00;-4.426012027857668951e-02;6.989037915017654035e-01;8.189083063472839541e-01;3.851080321263795070e-01;2.244898414148726484e+00;4.955336958052997716e+02
8.241523634556385813e-01;1.785530148217440508e-02;1.673743753983424787e+00;1.466311802917859453e+00;-9.748843046390414102e-01;-8.157060480993442164e-01;3.354213204803694892e-01;2.475313800936102204e+00;-2.434810696329003932e-01;-4.887770449134068440e-01;2.796372175808340899e+02
-1.284727766417467221e+00;-1.046921750106906135e+00;5.948543733972446734e-01;-6.132118924759965006e-01;-6.616593454643472649e-02;4.547043964167744035e-01;2.588875157127057958e-01;6.779699708965284399e-01;-3.310243342080805840e-01;-1.065802711348758258e+00;-1.215533023512898438e+02
-5.893647569442115319e-01;-2.081222503572752180e-01;8.128621188389600905e-01;6.296288419236122369e-01;-6.929095952606542097e-01;3.570154859650473411e-01;8.995998754332507064e-01;-4.930009346588328234e-01;8.496020970210246270e-01;3.072995208766093334e-01;6.557332396498985361e+01
-3.003181425654727343e-01;-3.193389005081066767e-02;7.379349262621551775e-01;-6.448089363934833562e-01;1.370791833805777404e+00;-4.172348352383145054e-01;7.086499705513647773e-02;1.432078603904563430e+00;-1.178436712930675645e+00;1.930658259056259762e+00;1.782880004411563561e+02
-1.750975574405227997e+00;2.800453426974044424e-01;3.912093272373938779e-01;5.817817706283625601e-01;-3.693187701581888693e-01;8.244176663484245604e-02;-1.579436298717598719e+00;-2.674567128154140772e+00;-1.774918837742831823e-01;-8.178918421385055204e-01;-4.517835201598269919e+02
-9.789240517213632087e-02;-1.384378144213690209e+00;7.298430351149830519e-01;-1.793280278730315369e-01;2.798118543023553340e-01;3.670467929299678911e-01;4.450426998941867662e-01;-2.079123100661142420e-01;-1.232454390830225899e+00;2.789230971674434567e-01;-5.744537970657751202e+01
-4.146269005718631329e-01;3.098947793806345330e-01;-1.248868853500673948e-01;1.569779595775838005e-02;1.801430099266488005e+00;5.496831862902596955e-01;-1.301587982803331212e+00;-1.273585548596599226e+00;-9.951739598992374036e-01;-1.853018482897569097e+00;-3.517786233988625213e+02
-3.746228193260549011e-01;1.512326158455363882e-02;-6.270508454473505688e-01;1.207503194951920600e+00;-2.339396024394622270e-02;-5.927992331786469116e-01;-2.382762352073064971e+00;3.363229693212808069e-01;-4.801695842072341569e-01;-1.101326628769709881e+00;-1.685229505494693285e+02
-6.177606227056069849e-02;4.910039459577534293e-01;5.615734705711045160e-01;-1.986691338229029935e-01;6.165793523072711224e-01;-5.972789358462476939e-01;-1.307098344399132417e+00;3.298230608685100429e-01;1.634278203861309897e-01;1.860684324705468851e-01;2.500041443765193705e+01
-6.438720111083526820e-01;-3.082562175143237493e+00;2.105856344363326915e+00;7.641582999318943248e-01;1.124095894701625298e+00;3.901926106054027787e-01;-1.083596544672537743e+00;4.014296593674620550e-01;1.111145215204462522e+00;1.038386037159632735e+00;2.869740642412689340e+02
1.195803684141532597e-01;-1.530984917299555749e-02;-4.432822511915103236e-01;-8.848027140269009161e-01;-1.585295730269700165e-01;1.196571501664491333e+00;-2.730453950993185983e-02;5.792914996010883888e-01;-9.730689408815554886e-01;-9.332679590731960406e-01;-7.866305637156955299e+01
2.426178003841775066e+00;1.493928143642197615e+00;-2.096399934191622294e-01;6.084916486780788114e-01;1.796953811062069473e-01;9.772633703031222696e-01;-4.946657132325151668e-02;-3.306586623763317911e-01;3.683520038409712205e-01;-2.517786739263792595e-01;2.463599289709686389e+02
1.070365160229929780e+00;-2.430611988808664969e-01;8.913036868697554738e-01;4.229858994151576568e-03;-3.882430535215388723e-01;-1.108125602790874936e-01;-5.592044852221311757e-02;2.287936143504049318e-03;1.271892421938656481e+00;3.379575282321182761e-01;2.445707709197444331e+02
-1.395448504755071983e+00;5.070202721353568309e-01;1.427305364289216394e+00;-4.194347526585506247e-01;-1.595893968574113364e+00;-2.627467476865040230e-01;-7.390286580232329205e-01;-5.739536507403601023e-02;-7.079109406740753396e-01;6.523303381766798470e-01;-1.268124719465615442e+02
1.033881054924208565e+00;-5.741006752835983162e-01;7.466113646021571570e-01;3.255778167870700956e-01;1.234798091645942092e-01;9.079623136270489336e-01;-1.242857771624362867e-01;5.364138998913433598e-01;-4.074601072916015920e-01;-2.113842298179689771e-01;1.741272594447970619e+02
-1.573629022116984633e+00;-9.907369187412842226e-01;-5.527909175451800605e-01;-5.953056976939823386e-01;-2.783102558765762624e-01;-1.115246536376814035e+00;-3.720643253313258847e-01;-6.420379495271358317e-02;3.720814786673862784e-01;2.808911266011714924e-01;-1.887121546832047727e+02
5.878351218657895672e-01;-1.548261668230835220e+00;-5.891790496976467839e-01;-8.796738134146367960e-01;1.532978247531084692e+00;1.382252365018404316e-01;8.719934654268632901e-01;7.760873728625645729e-01;5.850702024583720462e-01;-6.070771913756997096e-01;1.056846820763713737e+02
4.174590313631659777e-01;-6.673840543601281539e-01;-9.831031471441492586e-01;-1.010590603158594725e+00;-1.738148504693709240e-01;1.787151243359529351e-01;9.959549282264059666e-01;3.601309512775626720e-01;8.114383184962019324e-02;7.362274451651269480e-01;8.398983004182511536e+01
7.899197221808522684e-01;2.402058439462229911e-01;-5.152292852464605832e-02;5.030903686237467864e-01;-1.389298730210990263e+00;3.268554006104373300e-01;-1.956985311469014444e-01;1.253132824768243392e+00;9.695690257529068212e-01;1.060089739908665507e+00;3.786862935990369010e+02
3.306132610904058966e-01;-7.742699224040546779e-01;-1.718104638026740072e-01;-1.466317740436022810e-01;5.753567245201256508e-01;1.434059610713044330e-01;9.606132325034852926e-01;-2.236665718034441253e-01;-5.653499525010943216e-01;7.914974359729571862e-01;2.871003601201907074e+01
9.577916144729056169e-01;-6.076463453734726183e-01;-7.352010347632466081e-01;1.656208252057295605e+00;-1.095519388845562325e+00;3.076766534011138310e-01;-8.807540896027301613e-01;-1.373109657888796076e-01;2.076033514006257741e-01;1.798725018351311933e+00;2.311949462618879352e+02
-1.590141830680297907e+00;-1.941858659379406049e+00;8.800659629573422960e-01;-1.433805823928414380e+00;8.092646982419857693e-01;-9.028089269627997959e-01;1.168301741721837900e-01;-3.804133670799383395e-03;-6.646510975020625267e-01;-1.285591000756027613e+00;-3.518220600710867529e+02
4.802605014059249111e-01;6.523061516102304225e-01;8.614365256328049281e-01;2.513166482381024025e-01;-9.626510119189762849e-01;8.227827808340024696e-01;6.927690318488605170e-01;-1.631335110417073242e+00;-1.055107675480449370e+00;1.105833066294712674e+00;-4.330789312612248665e+01
-6.626237589458466859e-01;-1.669405281121371765e+00;2.597225017214818688e-01;-9.043166251044085779e-01;-1.804882100664519040e+00;-7.632591565425168589e-01;-1.627542437883162663e+00;5.433601923799350475e-01;5.705986685931593305e-01;4.808494666138199425e-02;-4.778888004653678934e+01
-5.125887969785087872e-01;8.983595683469856041e-01;-8.208789224096867398e-01;-4.268041949352576192e-01;1.787346414429825447e+00;1.390255327511989547e+00;-2.463352811798481812e-01;1.124776719985812523e+00;6.832124040010688626e-01;-2.301471717669986816e+00;1.973436592478225293e+01
1.276965386088187770e+00;1.418531345148036582e+00;-1.153350510595959388e+00;1.137314542364729286e+00;-1.075312393049237869e+00;-1.207021647857215552e+00;1.676393027208203046e+00;-2.487808656535079432e+00;3.380234811017081564e-01;-9.455068799427311932e-01;-3.073289479192631575e+02
4.891783506377936908e-01;-1.202402891318814747e-02;7.740227740710524662e-01;-7.480796740746614715e-03;3.953072526493308647e-01;-2.935170211569454804e-02;3.302330719303323003e-02;-2.395558589370995195e-01;-1.179776749374508604e+00;1.346941244388995651e+00;7.009459736834864430e+01
-1.749597566954086414e-01;-6.680904536430487539e-01;1.085895565831578091e+00;4.746982328799527751e-01;-8.984679817910372623e-01;5.365098435704035440e-01;2.818115736912824715e-02;9.920423495365228161e-01;-7.557451594928447092e-01;-9.118996644203543681e-03;9.299690458362593404e+01
-5.893322314273619078e-01;3.954209853880381598e-01;-2.169677417725702107e+00;-1.194189401092289327e+00;1.677377087805489220e+00;8.567024802425556862e-01;-8.051717517428762516e-01;-9.575689550152118867e-01;-4.586386361010845181e-01;1.076848144657680306e+00;-1.000900508819871959e+02
9.675491843880031084e-02;-4.489083873130063629e-01;2.252697220150466917e-01;6.067621502064073358e-01;3.619142707305265660e-01;-1.445518147745323390e+00;-7.974381170700989285e-01;-4.061103570234032567e-01;-1.614749862291330995e+00;1.074529790229931114e+00;-1.639436593823625969e+02
2.571989703559273699e-01;5.861658003927833205e-01;-9.933586995819506660e-01;-1.015878826989978334e+00;-3.256110521485036102e-01;7.880184694728151890e-03;-1.643352058853911890e-01;-4.124138182164803768e-01;-2.406651745302130219e-01;2.120933530741752338e-01;-9.613058400995961961e+01
-4.154504830387494851e-01;-1.305512437582971641e+00;-3.402696779541700134e-01;1.946698462365562099e+00;-1.135444194337123180e+00;-1.938799909381577757e+00;6.424744465726186515e-01;-1.062700275527899141e+00;-1.336331889215444990e+00;-1.271544072126767233e+00;-5.032206122569490958e+02
5.269813913637531044e-01;-1.329007637223448279e+00;-9.390356871304721131e-02;1.163000969705304088e+00;1.812539483450502642e-01;9.429386198972337096e-01;-3.524537316377417961e-01;-7.423280128765717967e-01;7.560180394133264765e-03;2.148296863786959054e+00;2.435930007733288107e+02
8.252244191816259233e-01;-1.490492865736893435e+00;1.101219580727708758e+00;-8.415074589115312254e-01;4.522899925709180646e-01;1.356728490712121094e+00;4.485808792518472532e-01;1.158565492822321907e+00;4.819016320403386455e-01;1.557679271822242306e+00;4.653488443371232393e+02
-7.482746547776955026e-01;-6.581134930916945347e-01;-1.248581689099764525e+00;2.068163617914038355e-01;-1.147888216345503004e-01;-1.209965028667176146e+00;-1.502801711305069787e+00;-2.440955621585414737e-01;-4.202640311588285993e-01;-2.001345542281376400e-01;-2.792969212118671862e+02
-1.629209039080053545e+00;9.328388923622371598e-01;-2.208542801295515501e-01;-9.073809527633206473e-01;-2.754521628398372890e+00;6.980834649176681506e-01;2.518694483180254906e-01;7.236038990838447593e-02;3.440001063050359131e-01;-4.166919867957353807e-01;-1.529008874596981684e+02
-8.938164305816126420e-01;9.553885711798509872e-01;-1.505747800564166461e+00;8.399445397420275405e-01;1.464142918426034334e-01;-1.490247523299046639e+00;1.161503048481975942e+00;-1.197532311265162130e+00;-1.104025633472385470e+00;-1.848767562452656443e-01;-4.178898944677075065e+02
6.728612359668199039e-01;4.384757388097272890e-01;-1.239107075653900880e+00;-1.467525265752440022e+00;-5.736017728969009521e-01;-3.540407109410237951e-01;1.018562952619866957e-01;1.961665769398990289e-02;5.918141337413780345e-01;1.549020151495187347e+00;1.325563889120822125e+02
3.198879678544116478e-01;-9.361504460748791834e-01;2.278517315955998601e+00;-2.143889319767783297e-01;9.818219444386037109e-01;2.785911913994055578e+00;-1.170435757497501950e+00;-8.096444597036450697e-01;9.427637251523103279e-01;-7.672725723599823633e-01;2.588957252619781002e+02
4.258436586298290916e-01;-6.073544332122113865e-01;4.441983272906718794e-01;1.101322957735762165e+00;1.063940987560856088e+00;-1.776011754048402169e+00;2.525688459966234922e-01;-7.722104522304557017e-02;4.182057558879720971e-01;1.384532047593906245e+00;1.198480215130166044e+02
-1.151153736552869233e+00;8.622235118869771009e-01;-2.230028371805305165e-02;-6.888855425754055739e-01;9.567031863856584328e-01;-8.093808210827539984e-01;5.169465157483709161e-01;-1.416227055792645517e+00;-2.839078659485426925e+00;-2.215132629521238961e-01;-5.464057445941580227e+02
-1.056030799966667599e+00;1.807608507769263184e+00;1.799143695464167914e-01;8.378305352294806996e-01;2.068226041505823787e+00;3.078323725138849554e-01;-1.397805478424297032e+00;5.061576554607123413e-01;-2.569451251217815257e-01;1.202576505225227521e+00;1.254070501890346350e+02
1.821706277121016848e-01;3.624498815945265129e-01;-8.631897121668280493e-01;2.040133885996918917e+00;-6.799058967468314396e-01;-1.227014077288535843e+00;1.849625873420866207e-01;-5.098939528656327713e-01;8.918776345702745800e-01;2.401583661030352257e+00;1.828012788917118598e+02
2.474805476401046589e-01;-7.823539225019935373e-01;-4.296349785275087041e-01;-1.301109266391345276e+00;4.806085933473473459e-01;8.789639730706512166e-01;1.446563291251367511e+00;8.531653064131917708e-01;-9.664421313347187903e-03;-4.598592623151401826e-01;8.566620874060363633e+01
5.043650657184097774e-01;8.234231845623113388e-01;6.185563569779244375e-01;1.985676411014839715e+00;-4.952150980047351214e-01;-1.976821568947590535e+00;-3.043448710539514157e-01;9.456334275676296919e-01;-5.412990949622398240e-01;-3.129289671900141179e-01;1.387351498232259317e+01
-1.092121200348567189e+00;-1.742221692635275154e+00;2.952799406208683752e-01;-7.764991404930002838e-01;6.460061871145514889e-01;9.944473755089073830e-01;-2.371659360858892285e+00;-5.460417988167212133e-01;1.353383478922909056e-01;2.042069652927880341e+00;8.865656205307057292e+01
-1.532598234597762010e+00;1.466442391188579997e+00;-2.059160483692320298e+00;7.985013379072202211e-01;-1.574341717731962964e+00;1.149487364010368440e+00;4.076897368371770747e-01;-1.409215798024513466e+00;2.693061895623381496e-01;5.809995399616920686e-01;-1.793043389285641069e+02
4.021978249123512872e-01;-6.421271738316033373e-01;-3.023495663317506410e-01;8.416322557650750547e-01;-6.422324784439893408e-01;3.439379530758307491e-02;-3.457222548581901506e-02;-2.026577776599435499e+00;2.485451051189872251e-01;-5.112594578695273118e-01;-2.113315739017131420e+02
1.382137994846674101e+00;1.326846191330768310e-01;-1.503483662862671877e-01;-6.088231624233648720e-01;-4.949101954903018519e-01;1.181828293942039476e+00;-9.624988349193223103e-01;-5.504518726892120295e-01;1.188061876251060189e+00;8.202992938811552726e-02;2.250426302301561066e+02
6.835693232004775854e-01;1.059936384046621827e+00;-1.776235232898319971e+00;4.086528114806708412e-01;2.612505312338560537e-01;1.211943985386400469e+00;-3.692771392462031455e-01;6.170059495766975211e-01;-1.365955711200534273e+00;1.433884673422510803e-01;3.973042740589595212e+01
-1.372117030442004670e-01;3.001750492845209894e-01;-6.367305591080572036e-01;1.738235252448483703e-01;-6.337886457778003635e-01;-1.629121933762352759e-01;-4.121611450482138839e-01;-1.979329694996401878e+00;5.634099508221322994e-01;-5.407633549772220549e-01;-2.346301491677732542e+02
-9.680497955496960572e-01;-9.676564282885213863e-01;-5.866157355597524381e-01;-6.484148089588124275e-01;5.116050903690204654e-01;2.009257065652459706e-01;-1.590191323254298128e+00;-3.032607776667061161e-01;-5.655527624024238031e-01;-1.736800750909817115e-02;-1.836314460757874940e+02
-2.980378185144063469e-02;8.286484186899613358e-02;-6.770111767903435052e-01;-3.743900332069141079e-01;2.688049344392308138e-01;-3.360666965057405031e-01;-1.510546050369496296e+00;4.733366755549671123e-01;5.245846830476146305e-01;-6.877842948254310196e-01;-2.296575215750476673e+01
-2.248559818080785588e-01;-1.312569670923047216e-01;-9.858813228426173414e-02;1.884962294484766182e-02;4.419406495694090387e-01;1.686546719667276761e-01;-1.090399077442846032e+00;7.685188295876821396e-02;-6.500025808234597413e-01;1.410932379746270060e+00;5.892382535433067403e+01
1.378911243001682552e+00;-7.027270654272929074e-01;-7.914676425128536197e-01;-1.181893974371989398e+00;-7.522345365274425433e-01;5.929508094251295658e-01;1.026419377134600408e+00;1.764180873501967201e-02;2.937866882747226516e-01;2.318102260463801745e+00;3.056007477632037990e+02
7.631423007096569400e-01;5.546387081318071566e-01;3.651690010483210069e-01;2.448973017127292484e-01;1.598110895751758909e+00;1.243761223009295092e-01;2.167196421228829717e-01;-1.623917842569967185e+00;9.224811702331091601e-01;-1.416823527949189865e+00;-7.651608039784954940e+01
-2.576204855109940350e-01;-1.380598705899651168e+00;1.495979575187880439e-01;9.782717470792266778e-02;-6.836342822863876734e-01;6.891644570743356013e-01;-2.737292521667606948e-01;-4.361554415074850310e-01;-6.963345330010817236e-02;-1.427035294938850535e-02;-4.613168741643439574e+01
1.022841471550764103e+00;-1.448785619478868414e-01;-6.281437391691783168e-01;9.893378702888371012e-02;-2.811254848880863078e-01;-5.740825770872696188e-01;5.793467597567757421e-01;4.304087085038764415e-02;-1.904461859292167769e-01;1.412026878543249486e+00;1.196204410901418669e+02
-9.358312297905655441e-01;-3.022693920825264557e-01;-1.057514670293431491e+00;6.233423006748285422e-01;2.045654547677154156e+00;-1.123195050875377632e+00;5.303429016705799581e-01;5.308671620671487901e-01;-1.075893828724259649e+00;3.044922016801447917e-01;-1.813528544504278841e+02
-1.683004231716427046e-01;-3.807634038618044059e-01;5.306831230100478303e-01;-6.634361572194880097e-01;8.091127907313787615e-01;-1.207759392543352295e+00;-8.497209214776962893e-01;-1.269465266012812954e+00;5.991033318635946570e-01;-4.829839260728407413e-01;-1.997613664798693378e+02
6.123322140025120319e-01;2.431346551384890864e-01;-3.009803123932219271e-01;-6.314370274831833107e-01;-1.798214739409107477e+00;-1.381591718463581087e+00;-2.223574167937196755e+00;-4.702033387853113422e-01;-9.785883899886543835e-01;-5.180690194750567912e-01;-3.065160441143345906e+02
-6.257730437317763350e-01;-1.735444175613874984e-01;1.045460240482252612e+00;-2.014199000769735237e-01;-7.322995497370884399e-01;7.777976308777149184e-01;7.813581198065147060e-01;4.158027257204451876e-01;2.299243454179375201e-01;5.237276872756847779e-02;9.347945192496827360e+01
2.298898123619250278e+00;-5.172884501003721658e-01;-4.201868170958572568e-01;-2.817846088605072130e-01;1.453384477117700913e+00;-4.455025214007717893e-01;1.579572145730712363e+00;1.409347440185579892e+00;-3.628385604396590636e-01;-5.228600271532682919e-01;2.182790321789161680e+02
-8.857356006337546717e-01;1.896479548748979393e-01;6.739651517100496703e-01;-1.517949114946703260e+00;6.626783576861646763e-01;4.482313193228475157e-02;-9.084643375227768880e-01;1.032538898301121666e+00;-2.628168425261151464e-01;-1.316569792887215096e+00;-1.206555634928645730e+02
4.789798257463918629e-01;7.156623721939246729e-02;-4.442932600761115847e-01;3.773004930448521921e-01;-5.100163988547470328e-01;1.037539944257899194e+00;-2.698749352933712542e-01;-4.776574467651166778e-01;3.336621052869482851e-01;-9.787637157823073641e-01;-2.746344118852615068e+01
1.654036602997042416e-01;7.031425422200039410e-01;-2.271060077809260169e-01;-1.417575540275385904e-01;8.417807747840126975e-01;-4.836171395554367258e-01;-1.051220029782502730e+00;5.332073178993125273e-01;-1.382017568692437637e+00;-2.531769316250813695e+00;-3.087290126737260039e+02
-2.044629003801268219e+00;6.381540963314977048e-03;1.615872490122313598e+00;-9.648933001863843062e-01;7.882916566360036459e-01;1.056101251669989027e+00;9.140771642240336226e-01;-1.848258530078415118e+00;-5.789842199399047873e-01;-9.870461789363152993e-01;-3.606695501655885892e+02
-1.103669828530369212e+00;9.784221120280350847e-01;8.929538701087692543e-01;1.829620201716087191e+00;1.330574904039040218e+00;-7.801991291174626975e-01;-1.196788646426311553e+00;5.221425459339358310e-01;-3.307892243275573629e-01;8.936976893891108720e-01;6.272879302322866124e+01
-2.047072335222877293e-01;-8.644303136735378423e-01;9.948686937879384073e-01;-5.338446438149184736e-01;-7.696664090113884971e-01;-8.136645751375527480e-01;3.200581914932445482e-01;6.927757697082377319e-01;-3.864948903227902188e-01;-1.315438265887262093e+00;-1.519467305376863635e+02
-5.429757067720121233e-01;1.012692204550936115e+00;4.053541693291353165e-01;-1.138580733734382733e+00;2.787457541300640829e-01;-8.660344452233920132e-01;-7.321087746883706560e-01;-4.091650692139414680e-01;2.944545973019720431e-01;-5.567345123247693373e-01;-1.721407557508225068e+02
-1.143019312073728644e+00;1.029457481598357260e+00;1.191707497107064917e+00;-8.371795984921201472e-02;7.287409801551539279e-02;-6.468860503251848415e-02;7.319699100169449468e-02;8.723153800284503268e-01;8.201581867554844640e-01;-1.502429887982599799e-01;1.015038368021017732e+02
2.472899995742523227e-01;1.120815319589908536e-02;1.027004411787656446e+00;-3.748533801851622500e-03;-2.541545308743869969e-01;-9.474228950184588882e-01;-1.155496042128764111e+00;-2.283280457527230300e+00;7.614306240608931242e-01;-2.570147548580352659e+00;-4.024996776272853936e+02
-1.941960588773260915e-02;-2.234659823718521399e-01;9.503075919735757271e-01;1.710613372581925251e+00;-1.616310608436587914e+00;7.999419019420500598e-01;-1.053682419146354077e+00;-3.493167961181974923e-01;-3.031797828342754353e-01;-1.067802921579193098e+00;-6.049479105834686976e+01
-1.979594275852528229e+00;6.227691252275501244e-01;-3.657807453020063826e-01;-7.158569289387904655e-02;2.744683356365649196e-01;9.497003842778697358e-01;-1.196515048150933014e+00;8.233568294771725915e-01;-4.134388023765102615e-01;-2.430122375727356232e+00;-2.574389981140506620e+02
-1.098409217962552642e+00;-2.728445463401307225e-01;-6.982618487513923000e-01;1.241756847446134487e-01;-1.004290563494253163e+00;-1.506525258039115300e+00;-1.181981996068218965e+00;9.701750825678591150e-01;-6.191229482499316372e-01;9.959736788464457202e-01;-9.714763997202634016e+01
-7.043436905427592487e-01;-5.227230205190395163e-01;-2.081929407883722050e+00;1.696456368290038208e+00;6.060099513456396192e-01;-1.556629173523903731e+00;-1.280429352496283091e+00;1.049009225836889270e+00;-1.408461296363559656e+00;1.754794181984364654e+00;-5.174146854503743498e+01
-5.151708990920177422e-01;2.057811177097762290e+00;8.425138964550042964e-01;7.549587661419644435e-01;1.267960487103088951e+00;4.394526904579905691e-01;-2.439856723615664927e-02;-1.438411166794559159e+00;-1.265188969539502994e-01;-1.422229649506207227e+00;-1.864592611637147286e+02
-1.287163568584249962e+00;-9.363618873917084473e-02;-4.511588584089987752e-01;5.517407999109203987e-01;1.038378851019316595e+00;-5.835993263460048652e-01;-1.519346075476842417e+00;1.325796647542190065e+00;-1.397118185112991240e+00;-2.832155598110568828e+00;-3.886405825277137183e+02
9.916463782608021527e-01;-1.292966012403528042e+00;6.952675002522368253e-01;1.127281123432069432e+00;-6.827428448042348608e-01;1.386780657285211271e+00;2.965838371508028315e-01;-1.017245369286841505e+00;6.010529350741034005e-01;4.265679117836775891e-01;2.025567229251420827e+02
8.888388195399919978e-01;1.232866791386714400e+00;1.713529729340279584e+00;-1.619919803188433427e+00;3.878273420089585755e-01;9.525905079520448071e-01;1.377366578781151318e+00;-4.686605094797979265e-01;9.024916555578470501e-01;3.783539693527278591e-01;2.397709554452108591e+02
4.800636179041039009e-01;-8.819607642671740688e-01;3.320814614168104972e-01;6.461296760241715953e-01;7.099327481472373913e-01;1.266330267956288669e+00;6.385433172675990532e-01;-1.442714786002712524e+00;1.383194515329343233e+00;1.697623779709340974e+00;2.914783112747558675e+02
-1.858291488225107368e+00;4.123559690859481264e-01;1.206347608934541238e-01;1.044025129442379685e+00;3.162197391024777066e-02;-2.126833487799265399e+00;2.716835845000306615e-01;1.576172527741378504e+00;-5.076941283897106194e-01;1.590795742171252636e+00;-3.355980255261309608e+00
-7.531115801973117252e-01;9.625919828458020522e-01;2.036582356672080429e+00;-4.127440942215488962e-01;-9.191586584740023547e-01;1.251329907696772381e-01;-1.104624974093992629e+00;5.125995112727984582e-01;7.610241646858743880e-02;-6.807216091177045181e-01;1.076679365427965962e+01
4.805867584277126459e-01;1.040954173797789428e+00;5.519642593318275781e-01;-3.440980282623329334e-01;-1.031025275147307019e+00;-2.069845890983687542e-01;8.223504708957536380e-01;-1.265258409085215030e+00;-8.729889668893526800e-01;-8.369803544395869599e-01;-2.456136627881788002e+02
6.421210038765838846e-01;-1.476230480309398407e+00;8.873089624597463310e-01;3.474123353902421746e-02;1.017174214170156299e+00;-1.023734445277818317e+00;-9.908607540167149175e-01;4.448749166771230890e-01;-7.596517608333779314e-01;-6.066639407505668435e-01;-4.701350968372951655e+01
-8.701522331813740796e-02;-3.183010141043340346e-01;-3.403404828829032502e-01;-2.257226316121350163e-01;1.973134122902665544e-01;4.867415021580600021e-01;7.735476151070180828e-01;-5.416207633091875140e-01;-5.831228313242980965e-01;-1.050941166188960496e+00;-1.638772539497516902e+02
-1.448013900416244004e+00;-5.551995266931983863e-01;2.438007137711988292e-01;-5.640786307367283703e-01;-5.020542243526111559e-01;4.400144500533323955e-01;-1.021232817130713233e+00;1.881157069440590135e+00;-2.198805956620081936e+00;7.083564472993533201e-01;-4.336673083887579594e+01
-2.248496534499655475e+00;3.254851123246176314e-01;4.080960585699445198e-01;-9.032931107791092318e-01;-3.480848573201828378e-03;-5.807410905564502901e-01;-1.450336915284224371e-01;1.099584464327669542e+00;-1.125096327023028975e+00;-1.216886856872695516e-01;-2.286968878583555522e+02
2.060214072624680703e+00;1.154234804899759936e+00;1.119566116981092430e+00;-4.782326078584284712e-01;-9.747351819124205896e-01;1.997948204512899784e+00;5.174849028804414663e-01;-1.232419388511337421e-01;-4.478150038717660375e-01;-6.425321688062370917e-01;2.224057953808372474e+02
-8.500082547603858840e-01;-1.383859018995845735e+00;1.686006949770444185e+00;2.411640191788568810e+00;4.300135238113548808e-01;6.747002525722299582e-02;-3.469734531051172910e-01;-5.967724763676152122e-01;-2.787949797715530420e-01;-8.773557351548937344e-01;-7.942704213218370057e+01
-1.217671377606484029e+00;1.228327710544461437e+00;-1.204086950171196602e+00;-1.061472972923627633e+00;-9.991869029616581299e-01;3.641700631424107382e-01;-1.252999757168393735e+00;-6.370256098728607208e-01;6.952692270887473880e-01;-1.874814874912822393e-01;-1.924928685839013554e+02
2.024309623286852489e+00;-1.598124351883747574e+00;-6.414869090443096056e-01;4.878722848710739801e-01;-6.619821777966090615e-01;1.897061676103956596e-01;4.258872061930357722e-01;4.621726660819428512e-01;-1.363174004592810462e+00;1.914777741575205902e-02;7.350180919343463870e+01
7.081086766885904549e-01;1.335409047822823103e-01;-1.103366606173873610e+00;-2.152890592952482862e+00;-1.331232953557778043e+00;-7.859894605079494889e-01;-1.836205373103296568e+00;-1.524698363805438994e-01;9.567023167945840623e-01;5.079913269125436726e-01;-1.296885266219868704e+01
2.810092502818062887e-01;-1.435909523868527549e+00;-1.814490692475167477e-01;-1.063370025313149642e-01;-1.581538443723203013e-01;1.012637409644071784e+00;3.243092969594733255e+00;-1.315815816427507112e+00;-2.132595626154836221e+00;2.307916250616110609e+00;-5.008684258196832673e+01
3.992231226052792570e-01;-2.573765374233450975e-01;2.244518185599720383e-01;1.047098302612154530e+00;1.573986763290032842e+00;-4.831864622993740088e-01;-1.225765663002341244e+00;-1.668584073877589447e+00;6.471959397027410299e-01;-1.464374880209820207e+00;-1.804709894638887704e+02
-5.289163791046551655e-01;-6.973642279161708091e-01;4.403539938779135743e-01;-5.209685512310957556e-01;2.351352993661885160e-01;-1.458758392530693504e+00;-1.984687941445909987e+00;1.138150330967618418e+00;7.775960617922721418e-01;-2.671374859417546821e-01;2.100460747841633236e+01
6.347214685617699192e-01;3.506300992735592037e-01;-1.326337463825735530e-01;-9.745293046706414719e-01;-2.412576546185424553e-01;4.098186569285125480e-01;6.725737012027313000e-01;4.891871301476635181e-01;1.109699841956223176e+00;1.899881934895215618e+00;3.555285670551263593e+02
-1.181566579102412362e+00;-1.433040404617854202e+00;5.868018507356550506e-01;-2.690410918880824509e-01;-3.990705392430932696e-01;-1.740700606380335413e+00;4.219688214334574861e-01;2.191638255054987106e+00;2.201291874877759069e-01;-8.247339795023627129e-01;-4.278587569231279986e+01
-2.645458987047221711e-01;8.942327745009348572e-01;2.064220134852410737e+00;1.580948758668099252e-01;-2.384905508950582398e+00;-1.941567800620221274e+00;3.461173287977227231e-01;-7.663225247814262620e-01;3.657599860929155455e-01;4.920142805668985542e-01;-1.078168392854819331e+02
-1.443925547073756865e+00;-1.972089026643818022e+00;9.758233372885634083e-01;8.857703668895378080e-03;-9.414031690020248089e-01;4.115657191642819179e-01;1.120967023614377611e+00;2.880283683054891686e-01;4.448535375574880213e-01;8.055747028061734927e-01;5.107832326969956682e+01
4.091917539572113155e-02;-5.441140021141925853e-01;-2.562333658795310498e+00;-1.910277626001690154e-01;-5.132135664715852252e-01;7.408243454201258738e-01;-2.285999153400185835e-01;-1.627929060722942134e-01;-1.002187455781472725e+00;-9.943493746085122487e-01;-2.542481044118186446e+02
-7.820034925110369572e-01;1.001824853681937189e+00;-2.075588009078533247e+00;-8.606969279089306257e-02;4.715423804182057310e-01;-1.771068553088091191e+00;-1.831144878338350157e+00;-4.975708383852071592e-01;-7.597031174802870712e-01;-1.228443831265762620e+00;-4.749569259325455732e+02
1.951929089517423721e+00;-9.906540774992385057e-01;-3.044580211482294518e-01;1.307135423150713738e+00;5.069763458281416613e-01;1.182900489387523901e+00;1.113862397982220420e+00;-2.867216948200628779e-01;7.793729655820970381e-02;-2.799964302593585863e+00;-2.260512532804348496e-01
4.884839320948487773e-02;2.140970296330353850e+00;9.842964451970457329e-01;-1.390429005789809436e+00;-1.158001806522231947e+00;4.967377567757184642e-01;2.164892589101457432e+00;1.441656263554864405e-02;-6.666451929579778612e-01;1.317351304652011335e+00;9.336982487188808477e+01
1.335473897850654623e+00;1.228572082061997417e+00;-1.327507490537430668e+00;-5.011771369530351183e-01;-1.593285775093509771e-01;-6.958096106261655311e-01;1.784558888853586156e+00;2.202243273372913368e+00;-7.753790296726064124e-01;-1.654240521818934051e-01;1.330431403399496730e+02
6.160257087476714855e-01;-1.394559513326075306e+00;9.895993295904706999e-01;-5.592257979552108793e-01;9.374062824694956442e-01;-8.924649677156576422e-01;1.482444028754636545e+00;1.006755030989340827e-01;2.896698121381406921e-01;9.379896002913398201e-01;1.367885027551969586e+02
1.411356861745624913e+00;-4.149162781203272754e-01;-8.378309988906465500e-02;2.254038108921119221e+00;1.985380395260293307e+00;-3.266137806612126049e-01;-1.553035277839820649e+00;1.501952965188595668e+00;7.853456030102829999e-01;-1.403558629563662619e+00;2.924138595423704032e+02
1.741383655286705689e+00;1.653847690238629820e-01;-8.320704677327966925e-01;-1.084967987480477181e+00;3.530392484150009502e-01;-2.785847237567147250e-01;9.741734306431258650e-02;-7.067431816423530577e-01;2.842593728010459397e+00;-2.596868634410686716e-01;2.115837845679359077e+02
-1.751736289574844577e-02;8.164470901825371385e-02;-1.195469716665511939e+00;6.246066448942779736e-01;6.353795515681699702e-02;3.136841609970847378e-02;2.425959371534602005e-01;3.945440343166743413e-01;-1.604121012470324903e+00;-5.937291936857419516e-01;-1.865072230589903484e+02
5.925210097608719639e-01;-1.030095076489489836e+00;-2.589588347675133573e-01;-1.561878571724430786e+00;-2.407025718473095877e-01;-5.860707578247199845e-02;4.515474912395064933e-01;1.466325876461747613e-01;6.301079955837326496e-01;2.665216499782007142e-01;7.589779137240309126e+01
1.682647594013297221e+00;4.489427181929975808e-01;-2.256725105289418831e+00;1.607019008249281011e+00;2.447966985191075973e-02;2.503237805069488342e+00;-9.626685344090254448e-01;1.748135572524284420e+00;-3.422451301467918094e-01;-6.336398659105773046e-01;3.485376643092312179e+02
-2.316444856927490470e+00;1.192606204977316064e+00;-7.527192419030679371e-01;1.476114874565764401e+00;-2.176551211381164141e-01;-3.038634294811303205e-01;-3.145003933502000248e-01;-1.196339899210211888e+00;6.228614849614956261e-01;2.316699390187267893e-01;-2.243601642461247252e+02
-5.587958188849573293e-01;-2.254934233346360672e-01;2.506282321033020399e-01;8.085710068901167391e-01;-6.274207344263732500e-01;-3.378150941914030425e-01;1.228856550200559505e+00;2.955116915903387431e-01;-3.120719320527328700e-01;4.610780322964351252e-01;-2.943686972496309551e+01
-1.122722021562298611e+00;-4.946370965243294948e-02;-6.377399842513159500e-01;-5.309969550018176498e-01;4.924512640081490922e-01;1.664522082130560909e-01;2.891686439078181015e-01;6.748194921666037516e-01;3.824097461840506029e-01;2.455300139910894242e+00;2.048252344373011340e+02
6.386601686431023772e-01;6.032475005713937577e-01;1.186734620177331001e+00;1.436335405705978507e+00;1.480894197982761951e-01;3.676198402097108908e-01;-8.810683366612922507e-01;2.981584659905256451e-01;1.058118325087150202e+00;-7.122207636490509586e-01;2.116220527113124774e+02
1.036087651046255997e+00;-2.025242270648300313e-01;-9.680457585102453244e-01;-3.103077053849036537e-01;-3.975577654917213932e-01;-9.701242603796436104e-01;1.237653757511998132e+00;-5.282970466629791639e-01;-1.422974925261673018e+00;3.797676360408960283e-01;-1.776221562785068500e+02
-2.977356488812311630e-01;7.715225308761193279e-01;2.519707645645374416e+00;1.349071163381278249e-01;3.005869246391312810e-01;1.891455115269220721e+00;-5.160601765303474142e-01;-8.413665971365013457e-03;7.261275213503737280e-01;-1.897515572596830125e-01;2.753660600221256800e+02
-1.522359186217891125e+00;-1.029371508182071571e+00;-1.116524439948659131e+00;1.235811620006938671e+00;1.533727709916499204e+00;-6.292633936927887195e-01;-5.358014630522978106e-01;-1.352670285843534437e+00;1.112688374989925233e+00;-1.707357957592946729e+00;-3.451460847740493705e+02
-1.723046029291231296e+00;5.762287195956260488e-01;1.507707699313364902e+00;-4.086723457060416620e-01;-9.803137459505972817e-01;-5.284509979003907398e-01;-1.267577704533077609e+00;-1.008481427286316290e+00;3.112616996675048320e-01;1.609754975871555138e-01;-2.084073359828902312e+02
1.383135646778152372e+00;-2.033182854175067666e-01;1.281383398123634887e+00;-1.889703483621545388e+00;2.944189776840481221e-01;1.817812325871601131e-01;3.736534056211482935e-01;1.122203333293368743e+00;-6.801523657518200316e-01;-2.625756593156221563e-01;1.545393196308838810e+02
4.868388490154364201e-02;-2.751824373863460127e-01;-6.549844886087190510e-01;-1.468021648767351417e+00;-3.632491822528304271e-01;3.898476493774196139e-01;8.471112074394022695e-01;-3.280703703646766223e-01;4.634603556662171830e-01;-2.223941510796560717e-01;-3.658758290933892710e+01
-7.730297096027030079e-01;1.892191760833067837e+00;9.237679163992429388e-02;-1.564622127335804302e+00;4.484854541964400920e-01;7.245917787231225260e-01;-1.585376924164567103e-01;-8.837191406910628322e-01;-8.707277716437413773e-01;-9.180190616389649616e-01;-2.535854970858176785e+02
4.644674697235597338e-01;5.242301799520300287e-01;-9.926590154515813058e-01;-5.488050227771683609e-01;1.678055600452595275e+00;6.609424629897590886e-02;2.398449285588069468e+00;2.170452178944556110e+00;1.150136803679616015e+00;5.310851309759497818e-01;3.799282636968436009e+02
2.239268739466063751e-01;-4.502533877782714522e-01;3.553381955901368516e-01;-1.809267714588258080e+00;1.539197200174907465e+00;-1.117927608036739739e+00;-9.282199673480178159e-01;-7.560040194566047811e-01;-1.946525286358864237e+00;1.243428278102924889e+00;-2.185577866953022692e+02
-3.930728762763118639e-02;-1.016683128576497230e+00;6.220699903060487035e-01;1.328933319535409607e+00;1.431366781831183488e+00;3.338599665685346718e-01;1.081766727672828665e+00;-2.440804736742012981e-01;-1.344967844017327108e-01;-1.312219193431406250e+00;-5.861638269373209909e+01
-6.903370624483453621e-01;-5.605573450943681646e-01;8.488054577314491089e-01;-6.442219957718868517e-02;-3.069963571626035392e-01;-3.067726846636303906e-01;-6.172990697580454933e-01;1.694175758191056369e+00;4.410826618604037352e-01;6.985754808620198153e-01;2.183423806200665638e+02
7.757653852827249841e-01;-7.834881283458742240e-01;-5.910457207268416946e-01;-1.051163606350193902e+00;1.015342786270996278e+00;-3.191180896979033954e-01;-3.527007950036071260e-01;-8.825972861435134043e-01;-1.083201683184601416e+00;8.287404536855749182e-01;-8.855135522948637572e+01
4.966346149798953613e-01;-8.159095351485530223e-01;4.872181946304271483e-01;7.673073626024867755e-01;-2.014063274237763324e+00;4.001696052004974358e-01;-8.668845848834666468e-01;-1.153706323630363961e+00;6.351000115979252847e-01;-2.968879028597843153e-02;2.919360933602360042e+00
8.823330623234091341e-01;-1.250407733969717494e+00;2.099721789166515418e+00;-2.470257007459966681e-01;2.658782296520484922e-01;-4.700421477595014830e-01;-4.367197360405954965e-01;6.045153263553667555e-01;-4.520903328330803661e-01;-6.613261462582245565e-02;1.228187620544482002e+02
1.402794310936099187e+00;7.910319470430469124e-01;9.965136508764121936e-02;-5.034756541161992116e-01;2.190455625809978546e+00;5.868570938002702908e-01;-9.905363251306883443e-01;-9.093874547947389253e-01;-1.401851062792280889e+00;-5.662977296027719154e-01;-8.427173781249230444e+01
1.314074981524604224e+00;-9.793002302826353533e-01;-8.404929855066913813e-01;6.872384503952884138e-01;-4.333895666861531937e-01;1.061256258512117912e+00;1.753194802065585423e+00;1.633603549158004764e-01;-9.487486952680000973e-01;-3.651526131982133494e-01;4.926984535579361335e+01
-1.197055004826410585e+00;1.086915617789000699e+00;-1.482073275482426178e+00;1.570391701967678577e-01;5.893696072695718824e-01;1.062572005733362523e+00;7.485181221561788834e-02;-9.311578501566012411e-01;2.706687940975501139e+00;2.735215674750171577e-01;1.115684906064588944e+02
-5.016466787964576346e-01;-5.483967878111827288e-01;1.290425324616862213e+00;-8.252128755457164289e-01;1.132956164806137478e+00;-1.464706681617566897e+00;5.100665931710657297e-01;2.662152601529070295e-01;-2.442150401756691680e-01;7.929053718372017778e-01;-6.488492276983748752e+00
5.343648986363833675e-01;-1.187765239917526916e+00;-2.052840194962512466e-01;1.118549944255325945e+00;6.273156184418284681e-03;-8.515399797793188341e-01;-1.531535315243643058e+00;-3.973232525513618607e-01;9.109360625591317318e-02;1.150267395898296074e+00;6.421459551737348193e+01
6.243170332744293893e-02;1.272910217247423814e+00;1.435898254794921725e-01;-8.131240938463865087e-01;1.344433908083004336e+00;3.186574911811054900e+00;7.011312007129180124e-01;-6.309755295434643640e-02;3.395287874042162701e-01;-9.128044866011949532e-01;1.896956633090040611e+02
-1.580078985789894197e-01;-1.692464629714819369e+00;-1.289960899741053879e+00;-1.295078772063616102e+00;-1.654856671865769346e+00;-1.012104375260167499e+00;8.231705839619145593e-01;1.529550319460613705e+00;-4.268810699474200332e-01;7.331796718840388749e-02;-9.463356653121579143e+01
-7.178532143540354848e-01;2.183387504421606951e-01;-1.870575164736626161e-01;9.546204135829657045e-02;2.899111740376629220e-01;6.543881340607632380e-01;1.316007419718498328e+00;9.679319487649897802e-01;7.958638123412263843e-01;-5.387848378473886202e-01;1.233956976614923065e+02
4.931175272160051026e-01;-2.402088710025201967e-01;-2.697406066116577184e-01;2.528766575156670693e-01;-8.054016700655807215e-01;-8.097605415999323819e-01;2.027189212228806478e-02;9.310118548691044271e-01;9.558606065249799499e-01;-1.532221787240311439e+00;7.105978021849287174e+00
2.940163993066310377e-01;7.047894424389868906e-01;1.676423417844073560e+00;7.260359992293337061e-01;4.548758006638433105e-01;-1.044666530631243262e+00;-1.093905196008584414e-02;8.095418882529402671e-01;-1.503155069599601878e+00;4.398428864728279875e-01;3.804125062506503241e+01
-4.425892927741561511e-01;-2.068375715431032269e+00;-9.972282874387761176e-01;-1.059037122012097543e+00;-5.525693461188524447e-01;9.453117712358651836e-01;-1.873005830930620563e+00;8.939527893161326733e-02;7.727893175684643484e-03;2.044481557199944177e+00;1.351908574112569568e+02
-2.160014215731133613e-01;-9.514812307732015140e-02;-8.920329769166797373e-02;1.610292980482870950e+00;-6.611239395200703417e-02;-1.711793697963994165e-01;-1.709226399202596003e+00;-3.884799067714809206e-01;3.339651496761903426e-01;3.916980160104727160e-01;3.369973511090823592e+01
3.467099776049198945e-01;-5.314545513592150439e-01;-1.131280525157404016e-01;-1.299216363445824252e+00;-3.228061104947032439e-02;-1.840077744505752788e+00;6.405429350747734452e-01;-1.567859425365455861e+00;2.511556551584423591e+00;1.230782016561811493e-01;-7.559080753432321842e+01
1.446822840111533948e+00;-1.652102331692934856e+00;-2.820770568763486530e-01;-1.135432309030568687e+00;2.132146460143701461e+00;1.919220050361132301e-01;2.463479529484987884e-01;-7.626229164355201595e-01;2.439861879976467918e-01;-7.081861613595824556e-01;9.421244996677220485e-01
-8.797173613845564732e-01;-9.985703864824395648e-01;1.086480122890381761e+00;4.457598512171286886e-01;-2.712965631476405015e-01;1.031175824456370127e-01;-2.355703490127357913e+00;-1.391983286797076058e+00;-1.742670344669256244e-01;1.574586357762342237e+00;-3.261201820707302090e+01
1.108363786922223898e-01;2.638884943500218183e-01;-5.468384551947826910e-01;-9.878580736322408740e-01;-2.128649124518519731e+00;3.583340711969213999e-01;-1.851586834290586570e+00;-1.454614748577160999e+00;-1.426463911423745179e+00;8.185487164399983806e-01;-2.451053194577868624e+02
6.419471294437011366e-01;-1.936095110355080806e-01;-2.759514516961381614e-01;-3.617238360933865970e-01;-8.246503402906875113e-01;2.177182010871666074e-01;7.034921482250248159e-01;7.445863984731299068e-01;-2.702676043638890246e-01;-7.782143613647309055e-02;7.274553452945234255e+01
-1.244566297144221040e-01;-2.670037617670316110e-01;1.938094899393139725e+00;-9.415339202677434072e-01;9.127189816757326490e-02;1.593931977762221841e-01;-1.135818682307886268e-01;8.690312755308396975e-01;8.671568891001862900e-01;-1.447381333463089836e+00;9.302817594123774825e+01
-1.975487771217137478e+00;-1.689183037967261658e+00;1.643378155804533947e+00;3.606478914357949539e-01;2.845758118315887958e-02;-2.065083046256320554e+00;-2.077811819856196784e+00;-4.712637407025196401e-01;7.510994545073100825e-01;-3.202978045366419169e-01;-2.623287641824864522e+02
1.476934426118274413e+00;2.956244887470950711e-01;-6.078752606758178745e-01;-5.391227031489785881e-01;-1.097302527632844082e+00;2.167755637626291032e-01;-5.888668267386960586e-01;-1.516642549420791131e+00;-1.167779551267934979e+00;-8.372624310497003286e-01;-2.586079745514439878e+02
1.315508290940103908e+00;1.292060334326522675e+00;-1.232431239164000214e+00;9.524619705361694333e-01;2.500900497934281486e+00;-1.604193819753477190e-01;-1.055639489798596342e+00;-7.491717266032418276e-01;2.104962989215036218e-01;-3.536857595670060417e-01;3.649970155041624054e+01
-1.231499577221599528e+00;-2.832929594177120425e-01;2.117924201857842581e-01;3.393788513496312498e-02;-1.284369408309174121e+00;-4.948806581793195880e-01;1.627118052159757688e+00;1.291330729064959826e+00;1.082624921002210527e+00;1.107311669340774296e+00;1.770458143635555643e+02
-7.155127661227486113e-01;-4.834781349943769180e-01;2.197580839401431785e-01;-1.433563922965440662e+00;4.290395675675486298e-01;-2.335930697055096594e+00;-1.217372537836254875e-01;-2.848912451039289223e-02;-4.456689942548199695e-02;-3.362037366667642857e-01;-2.663203487404736052e+02
-1.057836618610234369e+00;-1.464806707281613718e-01;-5.499248324643456476e-01;-5.100639500960824080e-01;2.951409793374166202e-01;-5.782120982197539449e-01;-6.477225979787651355e-02;1.006411040026554682e+00;2.607668174830631846e-01;9.293565268297786230e-02;-3.556010178482770812e+01
3.355159681824260859e-02;-1.482913041177913227e+00;1.150834649684362887e+00;-8.638498435149860599e-02;4.866194801281111815e-01;-1.473280172893691953e+00;8.717051310613770365e-01;-5.587133968183113746e-03;-1.303001921814804565e+00;1.902829099224217502e-01;-1.370956956796293582e+02
-1.221297384605225300e+00;-9.548690815840763513e-01;-2.394550937655837708e-01;-2.731321437192524848e-01;-6.075209099207103947e-01;-3.206244763068115122e-01;-7.159672231839423473e-01;-1.540757808315362354e+00;8.643914974066648771e-01;8.504586020018181647e-02;-2.390601156554042177e+02
1.558628017070085914e+00;1.444850287259807908e+00;3.283580910130666497e-02;1.535630978811031611e+00;-5.154348646813849966e-01;4.612282614987981977e-01;1.756377987627992354e+00;5.795778471138471888e-01;-2.193647926258873504e+00;1.546398687189829202e+00;2.060663809174475034e+02
1.030782215308481686e-01;-3.246196743979412602e-01;-4.625329663133788127e-01;3.876798790328464528e-01;-2.995494111991921504e-01;-7.506268219767556760e-01;2.183590837035945340e-03;2.377317279059861233e-01;2.398001901559296267e-02;-1.375085233167084864e+00;-1.437219819022788556e+02
1.493003104443203499e+00;4.096853437465496905e-01;4.448958950098842458e-01;8.507193944606469271e-01;1.455600479257298074e+00;6.183605662596649566e-01;1.031653774575175042e+00;-5.969935884209324195e-01;-1.601301395979371489e-01;-1.408919102690524561e+00;2.852643464326056488e+01
-9.222192771347147433e-01;3.147625614551636808e-01;-1.331747484398176251e+00;9.410665514519307440e-01;-2.470663282879400846e+00;3.497478152479815416e-01;1.053121452523802848e+00;-1.051321814239229768e+00;-2.469764308499223029e-02;-4.944979738149775095e-01;-2.679404628012217131e+02
1.554282441611025911e+00;-1.341259727236737698e+00;-6.807755663251802147e-01;2.922654561557121444e-01;1.422422955285821633e+00;7.344258528096671013e-01;5.338427247902175626e-02;5.385031566390434676e-01;1.369781101962378678e+00;6.281029698337049494e-01;4.053385041510366023e+02
-2.161162103571709903e+00;-1.385926665970246496e+00;5.202065043961975194e-02;1.271739191942853897e-01;-4.333505550845261900e-01;1.220715195495441385e+00;-3.707705966605096548e-01;-6.334140465255961618e-03;1.230645804178011282e+00;-7.234747515067134482e-02;6.320327313010931647e-01
-1.659684077949248326e-01;7.310375253855355693e-01;1.606113021551681397e-01;-1.816688140545450608e-02;7.775497655241282446e-01;-4.310999895256927839e-01;-1.103999040990434610e-01;8.524412648213425259e-01;2.201451903512749719e-01;2.223777489305565069e-01;1.068788568797839815e+02
-6.183650200441299649e-01;9.475119085755672188e-01;3.590550934803666827e-01;1.334229194172690480e+00;1.540318416835874116e-01;-2.072355181695998194e+00;-8.269774501839868841e-02;6.746949778086198668e-01;-7.948936470016904066e-01;1.136191374642542273e+00;-4.109642322209984400e+01
5.921029832024915507e-01;4.136263777143353582e-01;-1.743628364125342500e-01;-7.256174565632872442e-01;-1.102084564776065312e+00;5.356540513524742364e-01;3.675290475614119701e-01;9.901247868928166884e-01;6.230110292977486530e-01;-1.324861303850239036e+00;6.812582690272718366e+01
9.579939414800190400e-01;1.080141209795009161e-01;-6.644897530945596820e-02;-3.580794461793188610e-01;3.814256175343419542e-01;-1.026080844195624397e+00;9.972655676588726426e-01;-9.066485451542928287e-01;6.635456184984349637e-01;1.181890042558893628e+00;5.846199249779431284e+01
1.383424078555975045e+00;-3.059306423075561568e-02;1.283739433701408084e+00;4.687854330331130831e-02;-9.580793796413606955e-01;2.008242896744736605e-01;6.710260113888487643e-01;2.245994767082594989e-01;4.731965832252261195e-01;3.301499493919385353e-01;2.475154914175605541e+02
1.299987372262134011e+00;-4.289807173724197176e-01;-3.677845265710552036e-01;7.025333139338556521e-01;1.083145212660734380e+00;-1.794191866549436298e+00;-1.838518623272070718e+00;9.647698943024456408e-01;9.603051680866679929e-01;8.981173241223474601e-01;2.642963102631732113e+02
5.953232878926641991e-01;-1.291455564486964303e+00;1.909237317551059632e-01;1.071453297375683095e-01;6.182893033107079717e-01;-2.978953447435307433e-01;4.166590605485936405e-01;-1.170662530200188955e+00;-1.405859685865465503e+00;-3.855589799624851155e-01;-2.260685715162321117e+02
-2.278842883819059140e-01;1.594761989043863570e+00;-3.884112409887751638e-01;2.227160626009646316e-01;-1.755102031271161600e+00;-9.603530521421137500e-01;-2.103576037769118168e-01;-1.015507438813320951e+00;9.560754411257760266e-02;-3.210794294592468345e-01;-2.426561562872570619e+02
6.400266183843292822e-01;1.769913067655592975e+00;1.508918894266903399e+00;1.118338136793127990e+00;-2.005711806557685661e-01;-6.611371121909723758e-01;-7.792273567851586147e-02;9.099625408605586108e-01;3.564125835343760484e-01;5.495743160644439573e-01;2.766636912709174680e+02
-1.184951941226074945e+00;1.711871437456629341e-01;5.698763759795228978e-01;-6.760543665488049081e-01;-4.142584944154457244e-03;1.069447388124189713e+00;1.847686502490238913e-01;-1.142942546383215463e+00;1.604934501753901843e+00;-2.479160257430088610e-01;8.822705785309143067e+00
-2.313759574900388916e-01;-1.741716619866104043e+00;8.434103219821124930e-02;8.494562551043310927e-01;9.120236709883057236e-01;-6.700905738180334970e-01;1.979948368290598504e+00;-8.543096504143625758e-01;-2.267752548734106380e-02;1.861619555817340121e-01;-9.979241362492543033e+01
-4.970306906659087143e-01;5.239989555843280744e-01;1.900649041722086929e+00;3.932951381664807622e-01;-1.173630392546797907e+00;3.629957034326873888e-01;-9.939209291753933195e-01;9.274306577955228337e-02;-9.531575047550919777e-01;1.152913256204809667e+00;7.678784271445351806e+01
-1.435954978028016082e+00;-1.174104380376171264e+00;-4.030922897540096805e-01;8.762515516996390030e-02;-3.671088480515556033e-03;9.260675932328453763e-01;1.021725268760072636e+00;-5.809171771941183948e-01;-2.150620360608632153e-01;3.375737334390134237e-01;-1.019299270217480853e+02
7.508727794013320134e-01;-1.019947166359319868e-01;8.193732681394063633e-01;4.238894824439860542e-01;-1.330463537863530929e-02;9.720569657397218899e-01;-5.998220233198493512e-01;-8.424326301263264094e-01;6.544310271056211770e-01;-1.558786995023841548e+00;7.020836465396955717e+00
-1.703857653881959699e-01;4.990958161377493929e-01;1.121861504794252173e+00;-1.866789623134449683e-01;1.071080500402805002e+00;8.280588148933092363e-01;-2.074486351016311403e+00;-1.692270831643328588e+00;-8.128235903365649273e-01;-2.203486400427044981e-02;-1.312726341937362804e+02
-6.040298854747709889e-01;-5.770044397272029446e-01;4.962485662454281243e-01;1.482832866385906945e+00;1.617915406027201630e-01;6.734288127536934843e-01;3.467240162419503724e-01;-1.326877559367022785e+00;2.192041876335884265e-01;-3.370263746813766392e-01;-8.072376816311937375e+01
-4.798579485058113159e-02;-5.532410018397994067e-01;1.094562454613795532e+00;1.236489512184176798e+00;1.366214785205787985e+00;3.162737802597136993e-01;2.809284969478263450e-01;-5.737031442926515679e-01;-1.367326461284955830e+00;8.089886092290089481e-01;1.768728932108486518e+01
1.388800103619576731e+00;7.370706706176718415e-01;-8.826023013504129267e-02;-2.037595134944202857e-01;4.341269815409725119e-01;1.509546862612631601e+00;-1.586591845351353197e-02;-2.989373970198302977e-01;-3.555466711907059874e-01;-8.878013803376537671e-01;8.714508811600924787e+01
1.726963851233405123e+00;7.223813578277713532e-01;-1.525656314570094763e+00;1.262584103427182081e+00;9.325908318730898872e-01;2.246847257518859164e-01;-1.418365732933031698e+00;-3.728331520917669839e-01;-3.996361856146023461e-01;-1.760808811980775879e+00;-6.361471522481404151e+01
5.207943056927527570e-01;1.540107823744031545e+00;7.404212140477514081e-01;6.698844902157410353e-01;-1.686876951373053046e+00;7.499383929448385500e-01;-2.523534819908905269e-01;9.684988026248759763e-01;-4.928849123837182877e-01;5.837114198239499174e-01;2.233496766702672858e+02
-1.496529255090079058e+00;-1.846187862238093835e+00;2.072673293989439613e-01;6.934433703625042522e-02;-1.449645219698530108e+00;-8.343796979036086081e-02;-9.218598131253131767e-01;-9.295108601924100267e-01;-6.500239344068982072e-01;-1.003957372081498489e+00;-4.085737726875543103e+02
2.187182661414877327e-01;-4.590316731789003679e-01;6.937061125361853042e-01;1.584494375157058599e+00;-9.780230235225682023e-01;-1.199734462772386601e-02;-1.497232394484173224e+00;5.817233649705059184e-01;-1.668147406983932490e-01;7.265116223360602588e-01;1.751870442960881746e+02
-6.435498323174619895e-01;4.847328172944747604e-01;2.062524919243144961e+00;-1.067532914254272880e+00;-4.036484632419967133e-01;-3.347753321065408683e-01;-9.551225793493529626e-01;-8.463566549908735359e-01;1.029960817581161203e+00;4.235990655934610549e-01;1.460615318916555871e+01
-9.509107296872320036e-01;7.499002394237105351e-01;-1.189232465077129097e+00;1.053985771182876174e+00;-6.328802748847919268e-01;-9.916966634403104885e-01;1.893283072923741261e-01;2.792678382165259543e-01;3.185210047988744630e-01;2.972442733801240466e-01;-1.017601892587018995e+02
4.379522629797554800e-01;-2.361797941845632243e-02;6.099091226546439204e-01;-1.444878414444294157e-01;4.827127605561378210e-01;-1.527299449801561293e-01;-4.135312588093302266e-01;1.216165776782254238e+00;-1.514502948046054240e-03;-8.525725887464994379e-01;9.399802125639764938e+01
1.484434038440228587e+00;-9.112800569029585462e-01;1.126366818256403779e-01;4.668173416196121084e-02;2.566852308914786551e-01;-1.512990397697074052e-01;-9.891545179929867038e-01;-2.052925216285141075e-01;-6.763397157635454571e-01;-4.138101186218970939e-01;7.957249093945236496e+00
4.535087125544673969e-01;-2.488327353412989495e+00;-9.627325652846122628e-01;-2.066112796960466458e-01;4.468725008026980250e-01;5.898422158959737427e-02;-3.425492008577649683e-01;-6.582484123338483428e-01;-9.822940342546795378e-01;1.704637709965708958e-01;-1.352214692212912439e+02
3.447749725922945041e-01;-7.185427067790403077e-01;-6.679416704595046994e-01;-5.616605569254260466e-01;-5.137997527080349069e-01;-5.886916994692740213e-01;1.372749666248873401e+00;1.832119607577301190e+00;-6.200229490767115159e-01;-1.268751007601283343e+00;-5.769712641711910805e+01
-6.459641791245352982e-01;-1.828964411048401573e-01;3.230792731160290754e-01;-2.523535021262875988e-01;-9.533286082587123511e-01;-4.827435221820324251e-01;1.226703159947955257e-01;1.374876419148184814e+00;-7.991920066502535835e-01;1.624678458469560605e+00;1.073031748818032440e+02
5.280360045479642883e-01;-5.581332596574506422e-01;-4.357108323847371234e-01;-3.287448515243415748e-02;-1.351707532024646552e+00;4.909473130567149762e-02;6.858904564379201263e-01;9.943787309920463224e-01;-7.684355169034928768e-01;-2.622335693828559133e-01;1.185130486495415525e+00
-6.651402992844123174e-01;-8.435966125317130304e-01;1.056041606458554494e+00;-1.509551622469954779e+00;1.848938618561858593e+00;1.795233015374615437e-01;4.044081540714172252e-01;-2.225650707714132703e-01;1.293933523105713856e+00;-2.412550817919810964e+00;-1.278147348733112665e+02
4.369381697463498582e-01;1.605739810498645892e-01;-1.366878698415421090e+00;-2.247654018926835418e-01;-1.484897968449903516e+00;9.495541354413237212e-01;-2.553921134901954826e+00;3.046020153414469474e-03;1.190646274786341330e+00;9.343199112392737149e-01;1.923957992700379975e+02
1.167195983359094802e+00;-1.816609271858047325e-01;1.245556814683625557e+00;-5.844097746882387368e-01;-3.484279502915940685e-01;5.769204106842926727e-01;1.940156631835062484e+00;-2.473929399474357471e-01;-4.905957419034315814e-01;7.422885075783036690e-01;1.309463955028921873e+02
4.822489526806572058e-01;7.595526791608740724e-02;6.833289928110694023e-01;-2.093138195793615708e-01;8.872908372667420718e-01;8.691560643892731752e-01;-7.632861041785815592e-01;7.426824183597223739e-01;-1.237662422327297840e+00;3.793783544760202797e-02;1.040521066224896600e+02
-1.768156911753231864e+00;1.057960713838792532e+00;5.665409870816561222e-01;-6.484692000191374373e-01;-3.330476209755224293e-01;4.633015102342308289e-01;-2.758957214401738800e-01;8.184433452953882027e-02;-3.006743604436826200e-01;-1.224402207047271762e+00;-2.362491380074317249e+02
2.041716721291813100e-02;3.383574419359596241e-01;-1.789497700835005270e-02;-9.764000486637973708e-01;3.667464078922569870e-01;-1.769050303739398755e+00;-3.838747413307828094e-01;-9.925780067288229036e-01;-1.465673857342095099e+00;2.022804076212191271e-01;-3.492735644979363201e+02
-2.082471976702671590e+00;-9.739670442491007440e-01;1.376522659738667942e+00;2.010669900313920011e-01;-2.638282304006328016e-01;-2.230130252914613642e+00;-1.178127895350054466e+00;-6.763158635773625083e-01;1.353435062907750730e+00;-8.843802153622044582e-01;-3.231845514961996173e+02
4.577728661518857822e-01;4.395012306202263908e-01;6.955377575657775147e-01;8.491021107431440118e-01;6.687416555925126405e-01;-5.596018829046554843e-03;-1.091700876139314325e+00;7.789365035121140757e-01;1.674492433347537279e+00;-3.870997024744010084e-01;2.922510581178244706e+02
-9.384561622336652642e-02;-1.681396460491672018e-01;4.463742447585357098e-01;-6.402304954680139160e-01;-2.196446261643099085e+00;-6.677823942882900043e-01;4.708688593753808105e-01;1.499950899077391320e-01;8.027275724376977672e-01;9.878344213079935932e-01;8.856657653560756671e+01
-1.752433629643115054e-01;1.828974756254353018e+00;-7.412553675094831762e-01;1.538265640912034993e+00;2.244682255430256124e+00;-1.864269837256472329e+00;-4.396820089184496627e-01;2.232346033185738321e+00;-8.087941184164312292e-01;1.135036857101739516e+00;1.690773405933556148e+02
3.625430910929613448e-01;-1.576308996771245585e+00;-5.379439663331403443e-01;-1.829015674239269085e-01;-1.343209390583900653e+00;1.803386906638874410e-01;-9.593549606481228675e-01;3.947573891079932951e-01;1.162648058686192698e+00;-1.181995521897824641e+00;1.806481274100828927e+01
2.088648829596178799e-02;-1.758544044320711763e-01;1.281643795003768682e+00;5.576910607251245322e-01;-6.163614080394774764e-01;-1.260164765172580248e+00;-3.751963803239369843e-01;1.661470165728018200e+00;2.307009057186834855e-01;-3.177150967562340500e-01;1.200378300251366142e+02
9.878615824065092310e-01;-4.409021886108555055e-01;3.589175837406595182e-01;-1.039793224528234639e+00;-3.103961364755136731e-01;9.177681977951372971e-01;-6.568354686944304355e-01;-1.116450855184047519e+00;4.592041815995292486e-01;-1.078315066629227825e+00;-3.906585104113854356e+01
5.480669247071704442e-01;2.722367253273880738e-01;1.085222263661631548e+00;3.855516878431770877e-02;-1.159970723215335564e-01;-7.423863704307346323e-01;1.897887292658705594e+00;-5.727041082210226897e-02;-1.339489366528658909e+00;-1.138125384137580604e-01;-8.297425805025595480e+01
-6.683581639908887650e-01;1.008415969942991319e+00;8.439514005189311385e-01;-2.836862209271727719e-01;1.533012542249182930e+00;-4.003720752109928005e-02;-3.098449013640731109e-01;9.406984119152385360e-02;-1.394528437865476533e+00;7.851265854600545380e-01;-4.636053155349056709e+01
1.293989213291667939e+00;4.380236053280969766e-01;-1.104668356102106674e+00;5.356402250166092394e-01;-3.342069980664487683e-01;1.055054548942551351e+00;-9.599725191440409144e-01;-2.628168232970594653e-01;-2.911637704263412840e-01;3.653962082361929542e-01;1.126881852374909556e+02
-1.109750127888274207e+00;-4.576769929884330623e-01;-1.564973893441779396e+00;-6.008871758538125718e-01;2.039438575159950306e-01;-1.547569794136311128e+00;1.929896417729294877e-01;1.071475930254559783e+00;3.232471875335622413e-01;1.676454961914662700e+00;4.648078720379478668e+00
1.167782061659807358e+00;8.658978747289991507e-02;3.944521423782968439e-01;-4.209844808202629629e-01;-4.118769661224673806e-01;3.376026620752021756e-01;-4.876062240724935437e-01;-1.556772353920794771e-01;2.544208433012131176e-01;-4.325581878196209096e-01;7.675604879950608961e+01
-4.507065591772588808e-01;1.955326216149790186e+00;6.301765889922855690e-02;5.236847413791645423e-01;-6.446221310784729930e-01;-2.179683849607293444e-01;2.065056251458303738e-01;1.488134627240201846e+00;-2.009215344025561567e+00;8.922828687474911036e-02;-6.412128208149677278e+01
2.125740306322148887e-01;2.165056067806602424e+00;8.616361244979440226e-01;1.390603986534176550e-01;-5.639474880582432403e-01;1.105900424357308953e+00;-8.162172445419647593e-01;1.190548594343596056e+00;1.026986263319732195e+00;7.814306296964744492e-02;3.512419543548153911e+02
-8.860402469783771329e-01;6.932176016587041634e-01;4.022680772012980355e-01;1.320995789540710064e+00;2.498430483721494788e+00;7.031401972360492580e-01;-2.280057268097178680e-01;-2.027677271670848658e+00;-3.325793798498749565e-01;-1.406977462103988774e+00;-2.712472851529679474e+02
-1.055020755377184427e+00;6.900350073706137954e-02;-1.843752958792629792e+00;-8.190526431188058787e-01;1.361246340758441864e-01;2.485313924533686158e+00;3.619078363609881666e-01;-8.175815867776909940e-01;-7.202785765879318181e-01;-1.222362807004254037e+00;-2.540610581657417413e+02
-1.097368318971066570e+00;-1.390221925153462657e+00;-1.532700559889930814e+00;-1.962806513879367942e-01;1.191899334413572875e+00;-7.393714074590362895e-01;9.500158286696456233e-01;1.577614392937694843e-01;-1.476924927531901410e+00;2.430047220543996855e-01;-2.733942760107090635e+02
5.251129428858156700e-01;-2.413213879378531823e-01;7.280179436230931056e-02;1.710808544114315932e+00;1.838754500912113787e+00;-1.148207291971709898e+00;1.605690107820843426e+00;-2.889772582661583877e-01;1.041912604177478219e+00;-8.753235675910453484e-01;1.497604521726711013e+01
-1.336402423358263425e+00;-2.678394325683111643e-01;8.876229633803967012e-01;-1.606648483747215306e-01;6.881080244042688809e-01;1.096724207629284242e+00;-5.539346838422423147e-01;-2.553631015648598179e+00;-8.771339384474244882e-01;7.293697951297507531e-01;-2.456893138056668136e+02
1.996104184027827910e-01;-5.872042710462872100e-02;-1.473402266215062262e-01;9.639254230555709402e-01;-8.613095796971079743e-01;4.790031433927589011e-01;2.178562173991661854e+00;4.465365069407115084e-01;1.094179547521475504e+00;1.943334633382332310e-01;2.123293322505938363e+02
-3.531201800024466042e-01;-4.050110714506974796e-01;-1.386489420691243257e+00;-5.238431703133952233e-01;1.108674419955724133e+00;-6.833810365201296033e-01;1.423264921065660937e+00;1.294216768153003960e-01;3.084949275693916332e-02;-1.333903221116225501e-01;-1.170955282583891801e+02
-2.818448493970999169e-01;8.627545919526866669e-01;8.268386307091143417e-01;-1.040092277246949942e-01;-1.419877164270928915e+00;1.542547211374116989e+00;1.144760588187792721e-01;-8.300704951292369183e-01;-6.368764742064333406e-01;-1.085278425648478484e-01;-3.934431714034970895e+01
-9.046143749937660683e-01;-2.381104363120540579e-01;2.314459225255723063e-01;6.464895377257706688e-01;1.941217436463749113e+00;6.654168236917786805e-01;-8.783230771797388980e-01;4.600274725327412051e-02;1.172756845267444836e+00;-3.780078990182171861e-01;9.687408585823615681e+01
-1.075858561837866656e+00;-4.683486885594494442e-01;-1.696458154446470745e+00;-1.298803554051861431e+00;-1.132882813354273210e+00;6.111060954460240113e-01;-1.573008542649500408e+00;8.215388173082104339e-01;-4.114565097664818483e-01;6.307767542924010151e-02;-1.347866899142496209e+02
1.506842288519139594e-01;4.720966910550961071e-01;-2.366968957506361715e+00;7.619242144872226397e-02;2.258460796154644346e+00;-4.329762652422159963e-01;1.228466490423542501e+00;1.392233984636158939e-01;-7.690501075867064440e-01;-1.473840896809715861e+00;-2.229100370979340937e+02
3.912849571208736887e-01;-9.653820207044944146e-01;-1.027994073217439075e+00;4.791191277827720474e-01;-7.098426594447239113e-01;-2.119105934774810351e-01;3.709234193645583738e-02;1.130164692266116822e+00;-6.546030209289879220e-01;-7.296578822941202080e-01;-4.535233451950252004e+01
2.444544496055497951e-01;-1.471211744279153022e+00;8.547725034829732615e-02;-1.890579208523746058e-01;6.349628736125502160e-01;1.065446764343740277e-01;-2.816690844955293052e-02;-2.208344920370825804e-01;1.038839711982093572e+00;-3.218595094428266384e-02;9.272675436563737605e+01
5.555126463422482841e-01;4.736320768114544721e-01;-1.245717376446384472e+00;5.493411099984872592e-02;-2.950899142379063145e-01;-4.173668136050843747e-01;9.758167193447090382e-01;-9.263811299815384315e-01;-9.186865114860943704e-01;9.184544439424138229e-01;-1.181763005657800960e+02
7.151743901280583904e-01;-3.152663339162557476e-01;-1.755437897310709872e+00;-6.951493580768723923e-01;1.433063050000037142e-01;1.612478790047243773e-02;-5.159053131323400043e-01;2.680504275897532818e-01;-5.111869301537765725e-02;-9.253922576429560731e-01;-7.584479370310050683e+01
-1.528587982263666989e+00;2.185688888737157276e-01;4.003682894625609223e-01;2.422911858023183984e-01;4.889895306600449687e-01;7.540912892466580808e-02;1.675918787609376626e+00;1.668808081300705126e+00;1.557186632376758029e+00;5.607612680055730214e-01;2.765579385897954126e+02
1.050049041553426710e+00;9.677944690034260278e-01;1.953107198272574063e+00;6.869566320986773000e-01;-1.726010618666766527e+00;1.429906348092164770e-01;-2.703666967611697558e-01;3.989921575016955879e-01;3.246582355025183220e-01;-2.738432040374401757e-02;2.211600543982818010e+02
1.816793236662372690e+00;-8.906960852622772817e-01;-4.566287857219052393e-01;-1.355086065775006121e+00;7.956870201223866790e-01;9.087634781243586479e-01;6.994500906065418411e-01;5.563012376578854723e-02;1.347678085512624024e+00;1.158754834509869935e+00;3.932231509664582632e+02
-9.399678291500664917e-01;-3.203850594367943505e-01;-8.108939362002497431e-01;3.668140432854422595e-01;-9.752538374562343126e-02;1.715907631132694400e+00;3.278110735741233128e-01;-1.779398930507220644e+00;4.766510408005574795e-01;9.524781569528053549e-01;-4.662663753269821854e+01
1.158595579007404064e+00;-9.746816702273214394e-01;-2.453881160028704989e-01;-7.537361643574895798e-01;4.127809269364983158e-01;9.633761292443218105e-01;8.220601599944900029e-01;7.870846037424520381e-01;-8.206823183517104603e-01;1.896792982653947357e+00;3.065508344462973582e+02
1.235782191822154097e+00;4.367385517335095058e-01;-5.041798310076714973e-01;-8.152267310164588998e-02;1.192507512477974929e+00;6.802161054504494153e-01;-1.778587584006516842e+00;4.042947549616976444e-01;-1.071053679649048851e+00;3.196518259189772282e-01;1.102621630222401734e+02
-1.874055502731220235e+00;4.932541761930318569e-01;1.078849566508963465e+00;-2.159268935319767824e+00;-1.284944661954828149e+00;1.200800819428451183e+00;-3.451372304765904508e-01;-2.890152349786094532e-02;2.196332234522522686e+00;-2.360341901560408517e-01;6.189448945759018272e+01
4.853599075531900842e-01;-1.288773786887535688e-01;-3.754074464839619041e-01;-4.882983593370316538e-02;-7.312545688129569177e-01;3.056655686425959195e-01;-8.976593852750539559e-01;-5.090938053115694473e-01;-8.491048509902234809e-01;-6.374874348250116896e-01;-1.531179930024337068e+02
6.110709051105707168e-01;-1.925567360332877120e+00;1.787239964604668385e+00;-4.339904622159569958e-01;6.734727961582307465e-01;-9.331190886861416844e-01;-2.469183274894546365e-01;1.493709759005534154e+00;-7.664664310197877306e-01;-1.925977818445101297e+00;-7.100121223328594056e+01
1.037005324369158599e+00;2.520037612019284667e-01;5.161630229264693170e-01;1.065424723597580448e+00;-1.314199529623109264e+00;1.822802235378697122e-01;1.386350285304509822e-01;5.990841852948223245e-01;-2.754823151790222746e-01;4.981119956445415053e-01;1.948002514737362389e+02
8.406435489887240653e-01;1.281044149107892771e-01;-1.583902823485723310e+00;7.604146561442973740e-01;-1.889540730945530989e+00;-4.461834332147797122e-01;-4.523063192490767159e-01;-6.810516574748808338e-01;-6.526239793023909108e-01;-2.423879326628956665e+00;-3.673858262664508061e+02
-1.567988265560267491e+00;-1.710603354436514234e+00;-5.061890610853361228e-01;-1.795145748724801538e-01;-9.221889054316274592e-01;-1.001314654197966947e+00;-9.546181019500601383e-01;-3.930902007014615007e-01;-1.492462270005992853e+00;5.182189504454115525e-01;-3.780956428805066025e+02
4.920188479927992686e-01;6.988284202025347724e-01;6.934789119139936897e-01;-3.920126399191296018e-01;1.097152711753695664e+00;-2.153342919871244376e+00;-4.788374560084041609e-01;4.209729443893898138e-01;-5.260348426675803823e-01;-8.627757640431206188e-01;-1.654225958357352511e+02
-1.436352457039160591e+00;-7.459267700807634127e-02;-1.023659746130714421e+00;-2.856865480922635703e-01;-1.792796824979872930e-02;-8.002932816073766720e-01;-3.542014069150952599e-02;3.435975351782161735e-01;5.501284812178793837e-01;-5.270661182397741173e-01;-1.699986856388520380e+02
-1.194186651411844213e+00;1.666378953118385353e-01;-1.340124895654785764e+00;-4.856787445750470056e-01;-5.491589417637764425e-01;-1.935429959713806269e+00;1.330432344378816412e+00;1.059950169762376326e+00;-1.012644441443089516e+00;-1.205871884734695254e-01;-3.026032821917802380e+02
2.766007655111806796e-01;3.074035697196884076e-01;-6.724855960063361726e-01;2.232708359202608683e-01;2.097939339132431247e+00;-5.966290586117302119e-01;-5.256309339853844076e-01;-8.246122504347609405e-01;1.195480650825478941e+00;3.240701334013621621e-02;3.094687856745521870e+01
-2.520847006572734639e+00;3.417539207135393275e-01;-1.944914848647760486e-01;6.658778237063901484e-01;-9.769457393818821167e-01;-2.139264663511653841e-01;-1.700627249651377904e+00;-1.298325939668902640e+00;1.488087616795903401e-01;-7.347432134727092112e-01;-4.061106397517130517e+02
1.751409073748910972e+00;8.967077783687035231e-01;1.969656684951095471e+00;-1.038499337614226414e+00;-1.194683468016551897e+00;-1.539625694205960516e+00;4.364363687958752736e-02;-6.693662391187533700e-01;-8.467089749966419387e-02;1.398252713260531854e-01;7.485936085277636209e+00
-1.446498203540687255e+00;-6.300484313483410981e-01;2.637555848225757726e-01;-5.587995720623406548e-01;-2.518868352947947059e-02;1.084500530290925635e+00;6.276804178744744833e-01;-7.341618661210140839e-01;-4.650759462010060630e-01;1.664641821966275081e+00;-1.961848150990167028e+01
6.429487858758167751e-02;-1.434232164589290814e-01;-1.263035353577066200e+00;-4.851299420998700374e-01;-8.463469915126599075e-01;-7.472173084867436144e-01;1.236619742142975209e+00;-3.265590374030993837e-02;9.468614616461799027e-01;-4.626447418812982271e-01;-8.091374799687427810e+01
-5.946729871621687646e-01;-9.734596889273275377e-02;7.911400043558836082e-01;-2.847955566474331679e-01;2.414091163700469445e-01;-1.312488690336312436e+00;3.252516758543440578e-01;7.787743079777822430e-01;-4.225684190212184999e-01;1.179263158579229254e+00;4.000964054964109096e+01
-8.594597234480167991e-01;1.283354577288205567e+00;-4.596052987574804072e-01;-1.063258686531278085e+00;6.205008990991628393e-01;-3.046678337556560368e-01;-2.729404384923733939e+00;-1.035878946470646933e-01;6.793731705741210547e-01;5.205261894946380981e-03;-7.772013939883835576e+01
-6.368452142703895369e-01;-7.663526092650160271e-01;-2.412911045497340493e-02;5.106006904103135291e-01;1.504744987739009832e-01;-2.881502624225162346e-01;1.576345584409439560e-01;-7.878840008029991404e-02;7.410169513364491811e-01;1.949550924121873363e-01;1.923460604910213334e+01
-5.560293648070565968e-03;-2.391956204313023804e+00;2.765815055910487708e-01;8.556080824349832081e-03;5.199021395287525271e-01;-1.373402888969749158e+00;1.868817840543853137e+00;8.447743757816998933e-01;1.178512689798422830e+00;4.197056083572658913e-01;1.363344403337732729e+02
3.269273737641626432e-01;1.841837918955169934e-02;-1.478586245779841546e+00;1.143754043206929083e+00;-2.211135309007885130e+00;8.294055811834891712e-01;2.356145581085659357e-01;1.676437312275282698e+00;-2.191005288088642422e-01;7.708651938869668374e-01;2.334937411906091427e+02
-1.007194987526978336e+00;3.247815941101145354e-01;-3.950468521695674751e-01;3.090468350240347939e-01;4.825337098211850417e-01;-2.161303886302361921e+00;6.603430545626816084e-01;4.799397411482786424e-01;1.682305411836943765e-01;7.475461257864594034e-01;-9.251274608944025601e+01
-5.898923177556077979e-01;-1.841897772957857393e+00;4.929864585144592137e-01;-5.751775300546312780e-02;-1.543118227942870346e+00;2.521086754008211583e-02;1.642947653705690569e-01;8.920675997317205619e-01;6.986888135170434833e-01;2.196223142152799124e+00;2.650560532925817370e+02
-1.070892498061112308e+00;6.256673477650062098e-01;-8.467937180684049769e-01;-1.514847224685864635e+00;7.140004940920919863e-01;-2.234627853258508989e-01;4.732376245735448461e-01;-8.571575564162825511e-01;4.824724152431852930e-01;-7.282891265687277405e-02;-2.147057996686760930e+02
-2.473359638964181539e-01;3.327193295851879618e-01;-2.995150375474775473e-01;-1.235703022049408961e+00;6.675480803699956889e-01;1.299149820547667478e+00;-7.140651179821787542e-01;-1.333148008477208935e+00;3.332305349900217539e-01;1.178419317563720092e+00;9.331080959164690825e+00
-2.917269922656062775e-02;1.423953845541166885e+00;9.752005416847661090e-01;3.692637776499046454e-01;-1.500802015262174827e+00;1.110911144734433087e+00;-3.230757426770245466e-01;1.413769648291258729e+00;1.393196307295598291e-01;1.335570455536756462e+00;3.658495578310664200e+02
8.810133471652022985e-01;1.114234346742604354e+00;-5.236855326768944385e-01;7.316723266209116394e-01;-1.586410260431011243e-01;2.828281601187028760e-01;-7.722530708831956137e-01;6.770304698008063893e-01;1.085918411506719528e+00;-3.911781636357209990e-01;2.072674163927713380e+02
-1.836005283356831219e+00;-7.984915348779596245e-02;1.603866067267865736e+00;6.793813730119061534e-01;2.316480716109227123e-01;-1.136375166703857298e+00;-6.560347582406549360e-01;-6.116051462045847265e-01;-4.411766907937603177e-01;1.111631474141051568e+00;-1.330752720111072165e+02
-3.733684250030844254e-01;1.515444808352247597e+00;-4.823135709363029489e-01;1.098983357441964737e+00;1.636739961830639745e+00;-1.698523576777306587e-01;-1.833007095261972863e-01;3.817341689625092793e-01;-5.001978170959957559e-01;-1.979434452070797171e-02;8.023571321914120258e-01
-3.195124499190349909e-01;1.140962932365408022e+00;7.972522985400334328e-01;-1.539054921570468526e+00;4.121143007306019013e-01;-3.599761735809010599e-01;1.396465700455733261e+00;4.516624732841938439e-01;5.148611799351600071e-01;-2.077159659300827688e+00;-1.327234347147875440e+02
9.431592010001667026e-01;-7.194723843379373651e-01;-2.018234111431196354e+00;1.322617841260772309e+00;-1.324833055702634654e+00;1.133688498098508912e+00;9.652643843804480372e-01;-6.251074206936526600e-01;-8.870932289573392818e-03;7.209891534309195160e-01;8.035413368969896908e+01
5.387559924463691807e-01;5.583269125217223960e-01;-7.355299425897665611e-01;1.236093175210437378e+00;-1.413714496904980189e+00;1.693608240360779948e-01;-1.112260613487003197e-01;7.600539141241149932e-02;-9.206735930793662481e-01;-9.039076414647897462e-01;-1.200610178296523571e+02
1.353709839976511287e+00;1.160986720872612824e-03;-2.173861994165050826e-01;-3.416652836197583976e-01;-9.872492320322135972e-01;-2.947640742255326352e-01;-3.187388995774793066e-01;6.917051136079875873e-01;1.474693985345682412e+00;-1.181530753330155559e+00;1.421503053618677939e+02
-8.792827824119880953e-01;4.873052370449948434e-01;5.409085185609899815e-01;8.761691671912328339e-01;8.468821038849139171e-01;-1.251744283831642268e-01;-1.152242325521975891e-01;1.071929865211797228e+00;3.485951198609804069e-01;-3.849428884100811743e-01;7.254931282402955617e+01
2.012270445700765187e+00;3.868085206892026284e-01;-3.514142357137325368e-01;1.563413358832108191e+00;1.045088474084753472e+00;2.493085956417288584e-01;1.448878330968911832e-01;1.090980425185966940e+00;1.023709546106981394e+00;2.390304328495547123e-02;4.364631186394962015e+02
2.338512515618109897e-02;4.989144009644145283e-01;-1.487295878173935937e-01;4.806112152485943478e-01;1.634862851160347130e+00;-1.207774822424396488e+00;9.017646879402838600e-01;2.744601776138416160e-01;1.027194788242860035e+00;-7.063397965197407147e-02;7.830898408918943687e+01
2.972272215850863541e-01;8.197397172580948022e-01;1.650572963232847856e+00;-6.292121495294423772e-01;4.136162575716805234e-01;-2.123992818125635562e+00;2.135586730077366102e+00;-1.954726435859738265e-01;1.667256841749533924e+00;2.820342192093425182e-01;9.665452373140485065e+01
-1.203200855389144452e+00;8.745170741325225539e-01;-4.561208274741881952e-01;1.814266201139713708e-01;-3.519213178165090938e-01;-4.872029211949271410e-01;-7.699960661974573073e-01;-6.497652268482670967e-01;-1.042044412243102958e+00;-1.296116664249894468e+00;-3.909823266188498110e+02
-1.537584796449175339e+00;5.720062783004729035e-01;-3.883469383011584064e-01;-3.056191110683129653e-01;1.131404570530228082e-01;-4.459437138611601625e-01;-3.631166611555665114e-01;-7.047284356108838299e-01;-1.449045790814313117e-01;-2.007456860745009841e+00;-4.419937109629610177e+02
-1.106344157077108870e+00;-1.855933287188436642e+00;-1.281490972868824407e+00;-7.488116710235770412e-01;-1.077743934930343483e+00;-5.442744329245381429e-01;-8.043615017626171149e-01;4.862873047408947103e-01;1.016557615660292069e-01;2.257880340855211998e-01;-1.473116112957326607e+02
-3.671435710472313318e-01;-8.359397761665084969e-01;1.087849058607961578e-01;-1.068437485845828760e+00;-1.571807373194262321e-03;6.559605521413734985e-01;-4.167054835910575239e-01;-1.610169797993434404e+00;1.122969371585735621e+00;-3.897621361164311793e-01;-9.120855670452465347e+01
-6.581164890752566610e-01;8.250982646676346954e-01;2.625613290019249702e-01;1.935899113675443595e-01;-8.192578597214977831e-01;-1.345870923473214908e+00;-4.762208735446590291e-01;-8.671302157109003206e-01;-3.037260287766646583e-01;8.743891807127275317e-01;-1.786507705553235610e+02
5.237283972499601203e-02;7.975103068781240756e-01;1.292293746884707550e+00;-1.395890234463619040e+00;-6.016524288891239580e-01;-7.048515107240569399e-01;-4.954836810993082374e-01;-2.185583383384164247e-01;1.163494999697381349e+00;1.165325599223281383e+00;1.419381238580695879e+02
-1.384596624727348901e+00;-7.102708983119079278e-01;-1.357956402570148491e-01;-4.849586154882625649e-02;-8.972557632777859726e-02;1.001326134799592094e+00;-4.026682112367314659e-01;1.669383459547647108e+00;1.939691442728384230e+00;-5.070282627910236428e-01;2.347180762993118606e+02
2.100987189813111389e+00;1.353891859323425484e+00;-1.457172698420956536e+00;-1.614278980328168189e-01;-7.985203921840281494e-01;4.193418724616252424e-01;-1.907221999688802905e+00;-9.515051205677928226e-02;-1.759287020040577243e+00;-2.017743762991585643e-01;-5.163365649822500103e+01
4.573242810867654828e-01;-1.232540311220280183e+00;-1.747221666965255604e+00;9.462104466935800096e-02;5.911361179239325025e-01;-1.380823346614817593e-01;-1.069714698584800644e-01;-6.844917306127970003e-01;2.098221474546746901e+00;1.942245594756299543e+00;2.337445696994420246e+02
4.517002009759392700e-01;1.722267390987025637e+00;-1.117586042623324172e+00;1.547640773595271080e+00;7.580657061739680680e-01;-1.971079879373953125e-01;1.757826899501950590e+00;1.486151325143344248e+00;-2.233984163420908720e-01;-5.703967395967431964e-01;1.156570156601529078e+02
-1.368315038832810471e+00;-1.912254975419776848e+00;5.434793786700929941e-01;1.998104337187134871e-01;1.057537912714804212e-01;9.113627221747216955e-01;1.263706677654668598e+00;-6.863404608546860852e-02;1.987275999230807999e+00;-8.463159774657358358e-01;6.369549727034814879e+01
-2.365373833685351923e-01;-7.956551338258075479e-01;-7.865720915578501282e-01;3.323723332239847950e-01;-8.511804824474850095e-01;1.880733569917730497e-01;6.653345345088750307e-01;1.399417926653883093e+00;-1.311549137898681661e+00;2.209605576042377617e+00;1.551737767858528230e+02
-7.868276307350373644e-01;7.275473737906201777e-01;6.590259520210961508e-01;-1.561042575586778058e+00;-1.929482262626082134e+00;-1.947646530134550247e-02;-1.427749531706932473e-01;-1.489716647643599401e-01;-2.235070602965102682e-01;-1.344340472144891718e+00;-2.542157605916286514e+02
-6.607979864731657049e-02;6.385924587773739169e-01;1.006292809214440531e+00;-5.768918695231487481e-01;4.739867131641401637e-02;-6.518361078021591704e-01;-8.604133652839524027e-01;-1.661520062268959874e+00;-1.211016199762456669e+00;-3.845555442298253523e-01;-3.476540605672786910e+02
-1.372079187269614087e+00;1.205818420716043171e+00;5.587238369444853525e-01;-1.564773761231584848e-01;1.254518702381189899e+00;7.318980692343810546e-01;8.007019475455767754e-01;-9.367952349593827721e-01;1.179942130038464043e+00;2.059845001737401926e+00;1.854436642817512677e+02
6.252895125420684375e-01;-2.843943664771767743e+00;6.593110857890048526e-02;-2.655082017879490053e+00;1.545226445884819055e+00;1.573136022042902704e+00;4.330463786039466800e-01;-1.396229130236190885e+00;3.028363655296380241e-02;3.132382490007116216e-01;-3.422945440702335418e+00
-1.451175690051558886e+00;-1.275491203775342142e-01;-2.604213856627134227e+00;1.989481467964945294e-01;3.636318826249678726e-01;-1.252393444413119061e+00;8.868873900973003321e-01;1.511154930247347483e+00;-1.208894784605456067e-02;-4.207617936810532644e-01;-1.936500345497275362e+02
9.173666494778480729e-01;1.472983577629829455e+00;6.104399993168492244e-01;-3.293964559625430222e-01;1.861914878150172648e+00;6.012367881516732515e-01;-2.129786565502112816e-01;-1.420301780070694520e+00;-1.517073036905632666e+00;-2.563556428531463260e-01;-1.076270616391511652e+02
-4.023100227527226513e-01;1.274063583516149345e+00;-8.331415233289662936e-01;1.065963719731825909e+00;-4.909489497318663687e-01;-8.312878954818900823e-01;1.384871093794044050e+00;-2.552540152020749797e+00;-2.993706602660622718e+00;3.966279392214571708e-01;-5.807859158480600854e+02
-6.107626557317372695e-01;1.669676233341631788e-01;1.419894505755927294e-01;1.256878031674921736e+00;-1.321209231856129040e+00;7.470588278241231395e-01;3.096588896142549174e+00;1.460680332129137060e+00;1.066696553670448827e-01;2.856576277758612545e-02;1.801281935872377176e+02
2.555596989868032520e-01;-4.332841736278543743e-01;8.620575905465448496e-01;-1.115188965057928722e-01;3.154968083234917509e-01;-2.016294310423165204e+00;6.538645046423778862e-01;9.308732890656915560e-01;8.572915041230153577e-01;-1.350797422610684695e+00;-3.650030394935425448e+01
-1.667665266190861972e+00;-6.032968487781549261e-01;1.639240635934296197e-01;-7.426591657723782269e-01;-9.849461251170323894e-01;-8.781217036054526082e-01;-1.138247723074768819e-01;5.735588368774250378e-01;9.905668274427894548e-01;4.329729280436354077e-01;-4.427109299211869597e+01
-2.615672232265353059e-01;1.363112955636676671e-01;-7.625814294970478802e-01;1.043776956401755163e+00;2.002947084076286188e+00;-4.278342157178725014e-01;-4.403256846761904320e-01;-9.022382027147666239e-01;-3.447665798736564979e-01;-8.082638250669247348e-01;-2.024433796860197674e+02
-9.203586163069252812e-01;-2.368520491221783042e-01;-1.055643488085331559e-02;9.361535941282105311e-01;-1.358730483637962116e-01;-1.062240317343284168e+00;2.931572253229683400e-01;-1.341976892854529757e-01;1.057059011356577205e+00;1.353451561476118448e+00;5.398865251711930568e+01
1.930508029581148310e-01;1.128002626201507708e+00;-1.511093548452523416e+00;1.055353067471044071e+00;5.559874336901389213e-01;1.779661887087689021e+00;-6.084370413911420750e-01;1.160248131829618945e+00;-1.517951131843251700e+00;4.065421382666949413e-01;1.363338536009541144e+02
-3.839712719523515894e-01;1.051947617722918560e+00;5.345056484805502661e-01;8.876554258738360570e-01;3.109918556005360823e+00;1.995667489783964355e+00;6.067230591361827408e-01;-9.980606273144129181e-01;2.502002062516944791e-01;-1.831966187203878660e-01;1.241947339588711543e+02
1.252842634427483670e+00;-5.859276733177553043e-01;2.773584619646758953e-01;-2.227897918371331623e-02;-1.968923142416083127e+00;-6.922503292658963581e-01;1.034381293081063774e-01;3.291067787101295550e-01;-4.482246163001494255e-01;2.042076040143744109e+00;1.723937066612186300e+02
-5.694497744921104276e-01;-8.220760118279274442e-01;6.709112482768750940e-01;6.037905202778941494e-01;-9.844808650383004428e-03;-1.064220006817348851e+00;-1.688505188068500029e+00;-1.219284466522193799e+00;-1.240213873899970315e-01;-1.120047422469872211e+00;-3.191165653385989458e+02
5.870575345945355794e-01;-2.459953383557008100e-01;-1.344927787065172353e+00;-1.075103048116755611e+00;-8.089638929258003985e-01;5.424239695321018129e-01;1.557905432318356764e+00;4.467036108091441693e-01;6.548657804539275741e-03;9.926281029794294941e-01;1.110130494583394096e+02
-9.287363155327846842e-01;-6.855545714835051818e-01;-1.176698185770906457e+00;6.290854090140003407e-01;1.152213663068668570e+00;5.215951603525071922e-01;-1.473206629875266627e+00;-1.488922256070576600e+00;-7.509003659558182164e-01;3.519610742080556687e-01;-2.480048888509308824e+02
8.049333907323256154e-01;-8.837328752639601881e-02;-1.872273215068802343e-01;1.032657516622012217e+00;1.027479343352691643e+00;8.823970897899802157e-01;1.974078687745023819e+00;2.210689726015764300e+00;2.190417001188423196e+00;3.772632593422263758e-01;6.103401801451317397e+02
3.690164378251671318e-01;2.408767572004076041e-01;-6.529501558320808252e-01;-5.497893596380333259e-01;7.769367029315166207e-01;9.360561679360162035e-01;3.047641392062886909e-02;-6.656934648935468601e-01;1.242856948508507114e-01;-8.972530061612568053e-01;-4.876125486306542456e+01
-1.666413329794351819e-02;-4.217768643876304568e-01;1.721586696064410504e-01;1.537638295447062431e-01;1.151515145933001083e+00;2.358650657495708625e-01;-1.142481898118422823e+00;-1.346440918247951979e-01;-3.509527421380880807e-01;4.885201384740087693e-01;4.347914543047244251e+01
1.538847290469343987e+00;1.240965598738532183e+00;2.783856953208826424e-01;1.112326824390262869e+00;1.293148075021271382e+00;-5.234524298344567228e-01;2.638660209029452530e-01;3.198230626140657340e-01;9.112622830378235284e-01;-3.946797086605033922e-01;2.343413963984255020e+02
4.964001177339411042e-01;-4.877053729487446088e-01;-5.310680169691064934e-02;-5.509818035382495482e-01;1.144293068559939064e+00;1.180128173741527675e+00;-1.387868550455801930e+00;1.074333004770243738e+00;2.075065039348541696e+00;7.638603516334225851e-01;4.601579435710983716e+02
-6.757080791616117965e-01;3.476764835383363561e-01;6.663125009092119022e-01;4.625912928539511748e-01;-1.085825128885185453e+00;-1.087245938862802630e+00;6.793732829565033438e-01;-4.872285641135523093e-01;3.415241748802459731e-02;-1.148794035158656079e+00;-2.834750955770312544e+02
-5.900566735280574626e-01;-3.774179620860050599e-02;-7.522888217614682738e-01;2.155456350099517471e-01;2.211242950282561459e+00;2.784587894474102598e-01;-3.869840991576904421e-01;3.859567362586327488e-01;-1.479864905508813777e+00;1.569241181284708686e+00;4.033614386404310181e+01
-2.458169430549018486e+00;-4.388499904781714700e-01;-4.001196613011309688e-01;-5.831657172559563396e-01;1.599123240836734183e+00;-1.136568424990401921e-01;6.731336922329684835e-01;-1.139061507616351054e+00;-9.807648436625376887e-01;3.050854047067529939e-01;-3.687669334417363984e+02
-9.501754620697949738e-01;-1.113544023855112530e-01;-5.588162917367949234e-01;6.689644817181823466e-01;-5.047154618351513689e-01;2.262568808335318149e+00;-4.335118212035334317e-01;-2.101556041908746175e-01;2.696036940632441370e-01;5.596615703243686957e-01;1.059065342737923743e+02
-9.758732529773327391e-01;-9.232332461109042931e-01;-8.583577801812135588e-01;7.003098794089913648e-01;2.632382064837390789e+00;-9.493988888319430108e-01;4.933179008808892263e-01;-1.351684605616333634e+00;1.053641796607839520e+00;1.848361236948738995e-01;-1.456936884352633115e+02
-6.291996069703238437e-01;2.945768005403198719e-01;3.199278618447733424e-01;-1.103647592918598486e-01;1.962068361898528179e+00;-8.539202975207182966e-01;-7.920035740952444669e-01;-6.468363041676234992e-01;-1.439705296618035479e+00;-1.193378812443819825e+00;-3.494368478620012866e+02
-2.269077272952401358e+00;6.325827996421973243e-01;-6.896555049009439609e-01;-5.321243627298322815e-02;2.580291898690775021e+00;-2.426664614271225318e-01;5.432569649742733375e-01;-1.242871586063134748e+00;-9.770721461414011433e-01;-1.807589649181457592e+00;-5.544842998050980896e+02
-4.926548532134034097e-01;3.946219930393071729e-02;5.194366231917375565e-01;-1.160020381943288603e+00;5.870424240678338013e-01;-1.136336223155990810e+00;3.929073590143916106e-01;-1.059421407082056676e+00;1.683972030069337933e+00;-2.417142635820862875e-02;-7.439586805848520612e+01
1.623843744269257039e+00;-8.594381867953109211e-01;7.749361071084742703e-01;2.019199252711264325e+00;-3.996964908359907920e-01;9.238145899896975377e-02;-2.911803944717265669e+00;1.416834082138802797e+00;-1.950900466789381005e+00;-1.444641253068414288e+00;2.386457325139869567e+01
7.639453637154661747e-01;-1.524996783099194231e-01;7.227767739327729535e-01;1.886123419750117824e-01;-1.931452289096221575e+00;-1.319195052767799359e+00;-1.128963265133165361e+00;-5.666705929614402892e-01;-4.491953815443313486e-02;2.393012294766786674e+00;1.125094349265441025e+02
3.888189102637132910e-01;-1.487861703490622967e+00;7.728478385437231868e-01;7.831598877770107325e-01;-7.112029083033599708e-02;1.112634305203301865e+00;8.559470394452543818e-02;-1.125186101731161736e+00;-1.173873326306028808e+00;-2.783729676078940396e-01;-1.064988732533090285e+02
4.940301862827388146e-01;-6.255627015095294174e-01;5.436001545944323388e-01;-3.706143320861059465e-01;-6.716233679380515520e-01;-5.503051538454201141e-01;-2.555407099144527822e-02;3.958035334374090386e-01;2.606737658239071109e-01;1.172729019259364680e+00;1.616592380301862306e+02
7.534174734210927760e-01;1.725693792814770644e+00;-8.003354061653037421e-01;-4.989872559791118656e-01;-2.241915934508913022e+00;-6.673333812164803369e-01;2.054556870363028476e-01;1.218444641324539640e-01;9.982631509976791495e-02;-7.756066046023911698e-01;-1.112519949339607308e+02
-7.099191329520645466e-01;-7.203883588004715843e-01;1.112060680033157389e+00;1.671354084093128023e+00;4.600453908835562267e-01;-4.924441124122167501e-01;1.975705101230074145e+00;-5.554003994423387658e-01;1.092055411438801693e+00;-7.481842035058532125e-02;5.346968208958152502e+01
-9.849931258170151471e-01;2.263085267686914051e-02;-5.176925728692146622e-01;-8.809124402907328455e-02;-5.791241096357464535e-01;-7.906734186455628699e-02;-4.808337895119793592e-01;-1.405563053856286659e+00;1.986800095474068883e-01;6.961679971592890093e-01;-1.904080615852561493e+02
-9.008117410113638535e-01;-1.711711952415348181e-01;2.728499745296606882e+00;-1.363404247337514086e+00;-1.005931053782075507e-01;-4.865812463547378730e-01;-6.695523263758105248e-01;1.707054827545068099e-01;-3.190960342510237302e-01;-1.534180960687221429e+00;-1.950741873578246270e+02
-1.594182679725400620e+00;1.856672337917713911e+00;-3.311642658558212049e-01;-2.122343016155467110e-01;8.636055068862877881e-01;-1.213712198973250223e+00;5.248649917251287933e-01;3.242660418700400726e-02;3.026867110861907254e-02;-1.709100534747432787e-01;-2.146828882562533067e+02
7.259236116484019119e-01;-5.739346330742002289e-01;-1.332128954630900974e+00;3.982327846922724124e-01;-7.214407498302055632e-01;9.088890363692873064e-01;3.689151288291944164e-01;9.290068306694576269e-03;1.492609947464035525e+00;6.310712149202397925e-02;1.899611151006697298e+02
-8.564982374091989481e-01;-9.938626748348533546e-01;-3.976796936146040351e-01;-1.184030558222559426e+00;-1.793106452534576789e+00;-1.264498406954965626e+00;-3.828171896129686780e-01;4.201915428949916098e-01;9.767037674833539684e-02;-1.237289462748361463e-01;-2.093515388843674998e+02
-3.008597471408262503e-01;-1.161783843912363778e+00;1.048707126416563495e+00;1.655407113088295246e+00;2.514736089405120723e-01;3.889787293521837497e-01;-1.942691319785193049e-01;-2.831388967437671322e-01;-1.209476935418805299e+00;-7.557915001583629389e-01;-1.005997849659390226e+02
5.491266755583651404e-01;-1.955932368492254159e-01;-1.793153502454150505e+00;-4.831967873434431932e-02;-5.025865139056850950e-01;-4.244759175917799388e-01;8.747396215802570874e-01;1.409045966412090012e+00;-5.299929317034753895e-01;-3.081476294531374505e-01;-5.208427292147860044e+00
-3.381867169824684938e-01;2.651070945122431244e-01;7.984613389778825177e-01;1.812711595140552023e-01;1.463900786174322732e+00;1.917259534504071716e+00;5.552941900136157960e-01;-4.605234211613138395e-01;-5.760251704766677916e-01;1.325308997267738542e+00;2.034384459458805736e+02
-3.241267340069072578e+00;-9.269304715780829484e-01;-4.400444866969837610e-01;1.307405772860913418e-01;-1.247783181964849497e+00;-2.525681513931603006e-01;1.632411303931635249e+00;-5.952535606180008043e-02;-1.024387641334289833e+00;-1.430141377960632676e+00;-5.457886258495962011e+02
-1.587188069678453939e+00;7.152365838912326801e-01;-3.894035615253765847e-01;1.355805339431501277e+00;1.805416846419780619e+00;6.235257988258586792e-01;-1.197957962340661986e+00;-3.933511248228728219e-01;-2.073160960082445770e-01;-4.265712528305735662e-01;-1.095457028749710133e+02
7.750894117456407217e-01;1.152934176974773184e+00;-1.571489187576273094e+00;-1.645512245125346329e+00;7.370228555563136386e-01;-4.556624980136606551e-01;-2.418179125289801057e-01;-6.913348611627764262e-01;1.511322799203203004e+00;9.240981288407890126e-01;8.881026304177837005e+01
-5.816809139486437408e-01;-3.791277409874870830e-01;2.337859117907477025e-01;-1.555895646203627303e+00;-1.223940266762256535e+00;-6.492775450660071002e-01;3.408346825922606987e-02;-2.035803601023617737e-01;-1.014756730692866871e+00;-7.699732310586417938e-01;-3.130268067080586434e+02
1.635066394527519451e+00;-2.159605203502322213e-01;6.863535550145331010e-01;-8.388926740257363068e-01;-2.536760775423809733e-01;-1.092141593428733071e+00;-3.451647054497964384e-01;9.374774925069249143e-01;1.311693449272661072e+00;4.892545350763276013e-01;3.025307583428743214e+02
-9.844531417674845519e-02;2.862782230818842755e-01;-1.275079789091533300e-01;-4.439264944348917385e-01;7.354432862041587748e-01;8.741140818178601002e-01;-2.011491325461820079e+00;1.804448971987124617e+00;1.343008083736131120e+00;9.291895615477108183e-01;4.196470588540497033e+02
-1.336277297267712549e-01;2.066776285391161982e-01;-1.331913110391085953e+00;1.307964192549343707e+00;7.651806224371129894e-02;9.416190135514908022e-01;-1.744439342852821540e-01;-1.292974570355079900e-01;-7.766940529721438891e-01;-7.474292532492047281e-01;-1.186460335479172983e+02
-1.458444329721895749e-01;1.929269996621282512e+00;5.463989516672715929e-01;-3.585425275626097363e-01;1.386959890273280482e+00;2.394638244926124843e-02;1.035916209432033996e+00;-1.027674614875996734e-01;-9.653962101329223167e-01;8.544377511405560899e-01;3.156350443455124832e+01
-7.049877805909121609e-02;5.664992489710716367e-02;-1.209694742841107562e+00;5.999287299962045017e-01;-1.975466566353871301e+00;6.447441481012024245e-02;-9.393353938187543051e-01;5.296927543567307994e-01;4.865016438262019238e-01;-1.440875557216154679e-01;4.612673734200065212e+00
-5.449190868089497375e-01;2.110174672026184084e-01;-3.636122122138558677e-01;-5.694562372106745651e-02;1.103301882016521462e+00;-3.763470242484836387e-02;1.142276486620396464e-01;-9.671311187039238755e-02;3.991361143520708588e-01;1.503017614618775977e-01;-5.190910093845879203e+00
-2.899211530250153102e-01;6.209333956139913013e-01;-4.378221228616522298e-01;-8.998579716352682611e-01;8.023327778844657754e-01;8.277752143719177003e-01;1.007358081213449302e-01;1.209531401136268558e+00;-8.798393061009868177e-01;2.177554188680772551e+00;2.419394063057343942e+02
-2.152383544609180355e+00;-8.617030702562581412e-01;-6.277339060845056329e-01;-2.880388739220763883e-01;1.503419828428999017e+00;-1.561493222441859396e+00;-3.301200939664503120e-01;3.003147916408217127e-02;8.764556455029355320e-01;-2.116669819311768896e-01;-2.245282045687044672e+02
-1.290942219493224075e+00;2.367414364027121465e+00;-1.114532315008061714e+00;-1.739205152172800029e+00;5.637878750069146294e-01;1.400496737138073357e-02;-5.913947298380474171e-01;-3.777648875224771108e-01;-4.069743663733711436e-01;1.555198534147341993e+00;-9.831531766924858573e+01
-1.217282692220479356e+00;-1.388542553831211057e+00;6.549755842216897772e-01;8.107986455917098878e-01;5.136144642310962460e-01;-8.927875154918840650e-01;3.471374875256186265e-02;-1.600271104503709907e+00;1.594625068041291838e-01;-1.968504213438053707e+00;-4.193055474602808204e+02
-3.082159281608299328e-01;2.135321123975957747e+00;-7.853179202632383227e-01;1.948963111447619134e+00;-7.294370488476492609e-01;-6.448958586443377383e-01;-5.237042828895251967e-01;-3.365449212091110032e-01;-3.467498910082427166e-01;-1.365795928050944630e+00;-2.339186731578606953e+02
-3.449831619570674079e-01;-5.195477090077794957e-02;-9.249258157192739027e-01;2.687757891486414752e-01;1.274272258734370000e+00;-5.918760663430924218e-01;-1.135881136210502990e-01;2.813483474895770442e-01;2.270288603889452916e-01;-3.825838427224335092e-01;-6.305639423155721346e+01
-6.590238266596705197e-01;-3.910246668655764091e-01;6.255845936750005221e-01;-2.232715884333095757e-01;-9.134585796322227669e-01;8.174671266983724038e-01;3.070392372518218616e-01;1.479481761860872879e+00;1.328646411544643691e+00;-5.123583553219154124e-02;2.493850861762153670e+02
-4.894142344944203971e-01;-3.759835793518661595e-01;-1.082017785041936131e+00;-3.386690538837576203e-01;-8.455521763546137715e-01;4.050353858557128039e-01;-1.610263118791800174e+00;-5.610891309809973304e-01;-2.745299553672384540e+00;7.531899497325488246e-01;-3.069868154435388874e+02
7.356807637597333471e-01;-1.816266500133995709e+00;-8.653895050452268256e-01;-1.577768889967074220e-02;1.142326445023561093e-01;4.367677511104973154e-01;-1.668396676939207235e-01;-1.700120868828261855e+00;-5.701935976981532539e-01;-9.636128558822336376e-02;-1.659572851567123735e+02
-1.385676233974107718e-01;2.008909419096128079e+00;4.622523292930484917e-01;1.046879032323287717e+00;8.520150349084945063e-01;-4.473629491612156617e-01;1.563961336859704065e+00;-1.048203659404626925e-01;-2.567435909738999822e+00;-8.302346336672845606e-01;-2.663033719132724855e+02
-1.234348871879922038e+00;9.648516330974575839e-01;-4.738393470709161281e-01;-1.445227087827910366e-02;2.801611588196067926e-01;-2.640575695892703051e-02;-8.096035199216461420e-01;1.615582823548231683e+00;-5.924642591528942459e-01;4.240610444640897092e-01;4.999546201210385732e+01
-1.319171957832123709e+00;3.836550238667889579e-01;1.053069717594912413e+00;1.482029686278978631e-01;3.363218096216861186e-01;-5.242284481045875744e-01;-7.181376587627298358e-01;-8.781363180854069306e-01;-1.571784999301680530e-01;-6.153923257548771231e-01;-2.474303574680961049e+02
-3.798912086875836924e-01;-4.708303765037817334e-01;-3.797311250338392119e-01;1.076664651502271530e+00;-3.523048733491704332e-01;1.745156615457951477e-01;6.294509654199349769e-02;5.413793726352384983e-01;1.158607588419998807e-01;-3.752951697134205844e-01;2.158620303925479078e+01
4.988831947682127455e-01;1.116681275067522350e+00;-5.843011899748824095e-02;8.264033173305246338e-01;5.374787046064285478e-01;1.950769254226021321e-01;-5.784597288763313472e-01;2.320946379285372119e-01;-3.421486511272388564e-01;-7.749429989298792232e-02;5.646290529359671950e+01
-6.647009051510139876e-01;9.068341463729262530e-01;4.868420689674909929e-01;1.677239592974456794e+00;-4.649658112655792597e-02;1.365560370432177484e+00;4.500546711851462489e-01;-1.451834745168435026e+00;-1.210754323905538637e-01;-5.895789959361277255e-01;-9.226060565067204777e+01
1.763298800299569313e+00;-1.119390879745909784e+00;1.333935639887948277e+00;-7.137124638656020537e-01;-2.029683431478853384e-01;-2.815123689905849602e+00;1.349395301632497768e-01;-4.731831063071136323e-01;-2.573165005892674717e-01;-2.617113117431210778e+00;-3.073973112910441614e+02
-5.139962783283388292e-01;1.141690834881283617e-01;4.992584855816643019e-01;-5.218834137050445410e-01;-8.845889468094964014e-01;2.412376653923845815e+00;-1.162172632513872178e-01;-1.223307047786503565e+00;-2.781343382898172623e-01;-5.378283698650224709e-01;-5.295870215295637706e+01
7.331793174225577081e-01;-3.410929321416081850e-01;1.532380382587621881e+00;4.205367059040692745e-01;-3.431915686867119675e-01;-9.906232233772576112e-01;7.589816954601127375e-01;1.021963155060003459e+00;1.378142680497612904e+00;4.480783410128917343e-01;3.115026766993054821e+02
-1.694039281225405036e+00;-4.044622879241036584e-01;1.040026719862687576e+00;3.941265104341478698e-01;-6.400752603138034312e-03;1.938090083311182488e-01;-5.012379575000782683e-01;-1.312912976758239036e+00;-8.467193279265060601e-01;2.018871942914827744e-01;-2.714579065583182569e+02
-5.859507687138121312e-01;-9.680129645892808776e-01;-5.893365645851803558e-01;2.342204135995600012e-01;1.128956735182947480e+00;6.543556905962174541e-01;-2.002538268127756760e-01;1.147802791759752639e+00;5.090451447971439114e-01;1.988884638754853107e+00;3.270134323141199388e+02
6.387302220291846133e-01;1.105525932957983848e+00;-6.413834659299254282e-02;3.287624103034804124e-01;-1.146345393018687986e+00;1.633431532301095945e+00;3.026354652390332300e-01;1.187030305560380139e+00;-1.143004912730483547e+00;-7.542758500193579296e-01;1.137624799181287756e+02
1.105491195521307868e-01;-4.662476521466914908e-02;-1.092119909722396365e+00;-1.473145876646529961e+00;1.082841433916391205e+00;-1.344986668608409319e+00;-3.069940458834017893e-01;2.735945732616776316e-01;-1.477772107753317021e+00;5.847253470359404792e-01;-1.882777399759181094e+02
-8.119318413546972035e-02;-2.793502470569215190e-01;2.881500415402546422e-01;3.588480726789187725e-01;5.001128296208666724e-01;3.360754125053464492e-01;4.995589082492027377e-01;-3.709311036076682333e-01;8.353334353648352861e-01;8.844424373817378893e-01;1.732129455409623233e+02
9.051191831693894407e-01;1.583936440963483294e+00;4.425624290228071245e-01;8.713536757310174075e-01;2.515879179988448344e-01;-8.856523977532653191e-01;1.051121747757998381e+00;-1.756230234479576824e+00;6.015800454021792421e-01;-8.291589224854000184e-01;-1.182602372805454252e+02
1.257619056359360110e+00;5.057354324727989514e-01;6.458904202758924962e-01;-1.099044751554872690e+00;-8.935150925192801852e-01;-2.349242715209746146e-01;7.978507013821388716e-01;-8.670113614820872117e-02;4.060561224280809234e-01;-1.873441303954616721e+00;-4.884582034172558451e+01
-4.653104567800533387e-01;-1.229549594452416850e+00;1.085786324939347125e+00;9.798315347089543714e-02;-1.502970328395153210e+00;2.644343347017034773e+00;2.537396614945734430e-01;4.966992232365217141e-01;-1.059483543041356557e-01;4.676931717654331799e-01;2.330486800669722811e+02
-7.316332651872412551e-01;1.311602029723921925e+00;9.437687847993220247e-01;9.245778658628506230e-01;2.228154433349649910e+00;-3.707964337995264814e-01;-1.625279646762567143e-01;-8.459336401029684538e-01;1.939219464815355176e-01;3.352183462173717321e-01;-6.389114737349449236e+00
6.188335288713520815e-02;-4.626121726634253861e-02;-4.888861190436912252e-01;1.588940328444082839e+00;-1.497446668605748599e+00;-1.902408444132156762e-01;1.363228975132250387e+00;1.141014922265199127e-01;-9.275533308117279718e-01;-3.036260728980009760e-01;-1.016593102367025097e+02
-1.008448732547349680e+00;1.528747850540908448e+00;3.896045240919878139e-01;-2.220421008935125951e+00;-1.373834824898660045e+00;-1.472037073026791543e+00;1.378469627461504698e+00;-8.104596472174376010e-02;-2.085897877733337236e+00;1.158245872269460935e-01;-4.177361909606429435e+02
-7.959703738504982917e-01;-8.335982829664063676e-01;1.639256516741752101e+00;-1.922771772062336293e+00;-5.552861026010362799e-01;-1.605596095017974012e-01;4.279626265526350060e-01;-6.798885397361863481e-01;1.918895450216474008e-01;1.723074717646249754e+00;2.205682678230255078e+01
1.163163752154959596e+00;1.441273289066115515e+00;6.980208499001891442e-02;-3.853135968617601992e-01;4.621034742632707526e-01;-9.815086510479509307e-01;1.990596955734700302e-01;-1.435862151179439383e+00;1.023306101958704889e-02;-6.002168771587946816e-01;-1.531398334929279770e+02
-6.829351063151861689e-01;-7.728523746629531455e-02;-5.465482962364753838e-01;-9.762069577407608834e-02;-7.618761129101754570e-02;-3.950669061272093496e-01;-3.287248129662910801e-01;2.374466283283992230e+00;-3.610871633868695252e-01;-1.406810544604871760e+00;-3.380715033315149753e+01
2.805749659586189160e-01;8.543173391737831635e-01;-7.161945136133265333e-01;1.913622541116111464e-01;1.132842211712894898e+00;1.094573291220567457e+00;1.105313901493287787e+00;1.291747850732631209e+00;-5.829294955992674332e-01;4.450208231923648283e-02;1.770479548465323205e+02
5.931053993577392047e-01;2.054132704577508461e-01;-1.921013138823256083e+00;6.559191396588365253e-01;-4.519361380059905842e-01;-6.500937553086553189e-01;-6.034378344886075496e-01;1.209086398014004526e+00;-1.002109104633774894e+00;1.528778835710307371e+00;1.040473997448258245e+02
1.446977884353732868e+00;-1.868716441613590407e-01;8.228398927542418528e-02;1.065480375065351204e+00;-1.485560373036971971e+00;1.031844539468634858e+00;2.670502658692588405e-01;-4.397310582741749130e-01;1.965547765115746304e-01;8.896307956234370540e-01;2.402073485100132757e+02
6.252284708731022933e-01;1.784635606949772413e+00;1.116430748782207161e+00;9.637378771731072158e-01;-1.650826623709857333e-01;-9.646575888950565947e-01;2.425412591803892681e+00;4.027181892698216692e-01;1.164475847050005841e+00;-7.912222238450870859e-02;1.990227730186804251e+02
6.594512411136115304e-01;7.564883543160983992e-01;6.276062975618310613e-01;-2.795074632965334760e-01;-2.477524182397092545e-01;3.073456167079700596e-01;1.320414009783834164e+00;-1.914060070587467299e+00;-8.039484147274810200e-01;-8.744356483399181590e-01;-2.458990104753474384e+02
-3.199072780029137975e-01;5.860891737179272504e-02;-1.109455555446219766e+00;1.712711411276272688e+00;-2.092103738307688268e-02;3.188083396282558879e-01;1.896123276254346735e+00;-1.227828566056992088e+00;1.390833548176643397e+00;-1.360834978301079135e+00;-1.073681379922683305e+02
-1.795298339759203998e-01;-1.592017115866395938e-01;-5.869709860204632701e-01;3.319639285665536566e-01;1.061784766958321136e+00;1.337605740542292254e-01;8.052398579044067750e-01;1.012942884669781218e+00;2.344053778832626111e+00;-3.644732025803770759e-02;3.018660746334973055e+02
-1.330649083020626344e+00;9.820109861215902125e-01;-1.248663424762627372e+00;7.854825898295763054e-01;9.940027883688467014e-01;-3.484661913619803153e-01;-4.226799843479303598e-02;-4.307716086803840549e-01;-7.709990128187286240e-01;-1.861482189656490094e-01;-2.559671814656932156e+02
-7.814760658012542827e-01;-1.921046806296760889e-01;-5.515274001016297056e-01;5.293946823480110558e-02;3.142893154787070875e-01;1.075594908198330257e+00;-1.111165298899985610e+00;-1.486203834314553107e-01;1.432130832061304093e-01;-3.443459049337084243e-01;-4.448580160558186947e+01
1.284095793948117237e+00;3.957988487097470753e-01;-3.007632339693757206e+00;5.711794062192087074e-01;-4.958781720101492763e-01;-2.386929870195672709e+00;1.097300187543708727e+00;2.635508119547849692e-01;-2.426392070535208223e+00;-1.565648031605596291e+00;-4.675549243635734911e+02
-7.964139124571514849e-02;2.421945667275806832e-02;1.187386051564751188e+00;2.589563642018613887e+00;4.283070972076485905e-01;-1.062393528146879706e+00;-1.871442650045487821e-01;1.412220555415429235e+00;4.523717962497338929e-01;9.857299956798629692e-01;3.091426689761259468e+02
-6.668487169515636692e-01;1.571279189909408347e-01;1.458364702153839010e-01;5.852994365163380897e-01;-4.043619926900227646e-01;-6.074722876203072497e-01;-6.862791357550844795e-01;1.761898225026923837e-01;1.979166673420754974e-01;-1.432671289739652742e+00;-1.851415233644178500e+02
5.043190155645602690e-01;2.634128874743522572e-02;5.047105368346138654e-02;-7.358535759123605580e-01;4.866804316275244457e-02;-1.103831806460352782e-01;-1.404316416696169467e+00;1.884789910894864307e-01;3.858214864322229709e-01;-5.837206456894258322e-01;2.255254963104033550e+01
1.295148544195342977e+00;2.270630531441496236e-01;5.516802322559695160e-01;1.896888747872081282e+00;-6.809088291356947265e-01;-8.386576375205847533e-01;6.819932992541455352e-01;-7.722171159842571020e-02;4.049413538153430192e-01;1.041732852654597030e+00;2.335276796201004572e+02
-2.850955158283383639e-01;-4.990082644297891834e-01;4.546727409425804223e-01;5.513983427782421787e-01;-6.048743990091833833e-01;7.969406738271223034e-02;-7.510233913905242087e-01;-1.760636443337503687e+00;-4.725008930849043942e-01;6.196566917631478599e-01;-1.770299598316098866e+02
-1.353754674709758632e+00;2.779963624223555918e+00;-1.981964485738713311e+00;-1.499181201957698217e+00;-2.352739099724389105e-01;-2.077119853773873981e+00;2.145824925076488476e+00;-1.037991354989229897e+00;7.344767450012178456e-01;-1.544935922153400476e+00;-5.207143291747798912e+02
-4.533534501005881956e-01;1.209369178334763095e+00;2.820005425545109023e-01;3.763885618891993357e-01;7.422099624265003914e-01;-7.036364441092296529e-01;5.620922620826175331e-01;-6.662633863607911877e-01;2.312044056359531030e+00;3.901721928800851447e-01;1.387629953186495868e+02
1.308989409729112152e+00;4.929498104669693404e-01;-2.080282617242451781e+00;-7.951750124138340370e-01;6.611854748160046480e-01;1.122771240233341850e+00;-5.688285875565908256e-01;-3.254212713728310558e-01;-1.510924561816993972e+00;-9.244085682299980622e-01;-1.332027035792244760e+02
-2.410542145939642555e-01;1.305776578287520584e+00;-1.676315254883640193e-01;1.113000699138680716e+00;8.463514262060201077e-01;1.240939187384806353e+00;-1.463101251249698809e+00;1.008991476931647924e+00;2.739357369313382140e-01;2.436200214898242566e-01;2.622589064714884444e+02
1.301294380980420051e-01;9.149553330102238036e-01;-1.205010582233246169e-01;-1.387286513430866286e+00;5.172102161589602343e-01;-5.564657778499761953e-01;4.438928390428866222e-01;3.807801939645912709e-02;-1.504148530947978957e+00;1.221165750004086892e+00;-8.754069882497168464e+01
6.984251343843719262e-01;2.819343032051621067e-01;1.019928605427754764e+00;5.347039496361980504e-01;-6.361984412021286506e-01;6.984916255938689381e-03;4.011382612642294676e-01;4.564980352506458616e-01;4.601976812300410113e-01;1.854987357480656573e+00;3.403286514236867220e+02
-1.731201303444925399e+00;-8.923415422144892473e-02;4.734718990352284607e-01;-2.676410908987935655e-01;4.430021304473751864e-01;4.132563227061846617e-02;9.515497705740427747e-01;-3.757064497948126719e-02;1.494938227453235902e+00;-1.021162457560300219e+00;-6.057758872336698630e+01
1.268358611496067434e+00;-1.823147007169933220e-01;1.498721979352745370e-01;5.967937773308141791e-01;7.203574983935083775e-01;1.219943199232831343e+00;3.326127589499747739e-01;1.064354164312888429e-01;9.368056771330600663e-01;-1.228944906471892473e+00;1.950885987265731387e+02
-9.512487755346980822e-02;-9.621412281903847230e-01;-1.560170825129943983e+00;2.117324144370953398e+00;9.661396608610485215e-01;1.654915641331403120e-01;-1.128341570265782856e+00;2.239479957880466680e-04;-1.412075606315630338e+00;1.272483330848759309e+00;-1.327863926793299321e+01
-3.314993882995142527e-01;8.334535097509189472e-02;-1.808074450872261818e-01;-7.146641168409925138e-01;7.611740390516384958e-01;4.052294231700991761e-02;-1.206430341298348613e-01;-3.333800556076656485e-01;8.036232596303014009e-02;-3.498853491230031754e-01;-8.622919389854031635e+01
6.710178049177699666e-01;-5.414730065071690079e-01;2.726335143194142940e-01;3.422255794243455607e-01;-6.387783283134668144e-02;9.389694687047921429e-01;-1.254022652428516515e+00;-1.020062801272616920e-01;1.067997778058972003e+00;-9.989363762455912843e-01;1.177485288946597564e+02
-4.871671830291445793e-01;-1.088634843059038682e+00;3.987128017903441846e-01;-3.700224658372442965e-01;-1.267276688372730220e+00;-8.420986897213885713e-01;8.261456160405156179e-01;2.801372989634978605e+00;-2.217609080152014744e+00;3.216526595915860098e-01;-6.378321476566683579e+00
2.447748411116984213e-01;-1.686570243081435549e+00;-3.068317443885947293e-01;5.143140541849397854e-03;-3.233536694387154076e-01;-1.558090821819065885e-01;-8.635983927318178210e-01;-7.683234936966282236e-01;-2.491210034887189062e-01;-4.930994609762938685e-01;-1.698755089725914331e+02
2.235055496636565928e-02;-3.663416771377576708e-01;4.764301667171247923e-01;-1.532605533993054714e-01;-4.876565184311529993e-02;6.268770635290218385e-01;-9.885290078659004775e-01;1.767621032502638412e-01;-9.866590277241104046e-01;2.240926556205792508e+00;1.659820559138592273e+02
1.269613262599842862e+00;-1.277436603845342633e+00;9.230448272267618437e-01;4.060940188486670821e-01;-1.435815887121343892e-01;1.357619633050139329e+00;4.185145591570548218e-01;1.156581651594239757e+00;-1.245150575960085604e+00;-4.966510521282466728e-01;1.827900441874902526e+02
1.991553302204734033e+00;-6.749340187905522592e-01;-1.292625347152262627e+00;-5.321685631271895200e-01;-1.470254234308499830e-01;-5.501152829365388852e-01;8.407344821295492654e-01;-4.030759890650307820e-01;-8.320613048498566311e-01;2.078025073533134037e-01;-5.094163258778151970e+01
-2.424240260272941594e+00;-2.136729434843615688e-02;-1.562545856886542683e+00;-5.290526773462947974e-01;-2.813275571182133894e-01;7.368438970924333642e-01;6.699071722487191793e-02;-7.472116791478233822e-01;8.840453963610497290e-01;5.159392177040994509e-01;-1.685946240728344776e+02
2.441788585329770722e+00;1.110674731956326627e-01;1.585679173100758899e+00;9.559380601783107334e-01;-3.531685959489571508e-02;7.463732418253723466e-01;-8.030845807190595265e-01;-1.735733936947627232e+00;-4.681245337961904562e-01;-9.220530471774267545e-01;4.516533890683762564e+01
-6.956454501201962959e-01;-9.045912137130739383e-01;3.101538261015070463e-01;1.364269180672801063e-01;1.215873562198980684e+00;5.321161341863817063e-01;4.880134863760098307e-01;9.328287040921977580e-01;-9.409359526428854315e-01;2.080402377254423132e-02;2.510446018074142671e+01
2.369287300811496966e+00;2.943048335268621418e+00;1.804725246822427853e-02;1.210674552542197135e+00;3.014070697811174204e-01;2.418020715557485656e-01;-3.658003987684579211e-02;7.244910603817276140e-01;1.395434082199185299e+00;-1.737804615846499479e+00;2.938882365774580876e+02
-3.288308265872399994e-01;5.542544760265210035e-01;4.607888482614010406e-01;-3.933924379557355855e-01;-5.330573326124700070e-03;-1.084470623578783544e+00;8.359699242722768986e-01;8.090542890877785442e-01;1.034799130526236288e+00;9.950175796158893249e-01;1.695518778643003941e+02
5.303691889987992569e-01;5.105353784512363102e-01;-1.038124844029668786e-01;-1.180460485232082135e+00;9.057176004973653827e-01;-3.456423984380333631e-02;2.345624161896440629e+00;2.017386547960439147e-01;-1.195587566263960760e-01;-1.400071234401738751e+00;-8.008389116028395449e+01
-8.898447709411416717e-01;8.678054595424457007e-01;6.506676287920861723e-01;4.259109671014114085e-01;6.970509788397265538e-01;2.541276870714354041e-01;3.918812622455845607e-01;2.274050789916206017e-01;-9.607795582448902527e-01;-1.034597959606654793e+00;-1.482167523909060947e+02
-5.867447607300116941e-01;1.160082512398613153e+00;-2.434064747951195096e-01;1.152398669720183094e-01;6.193492954346985213e-01;1.834542264722326954e-01;1.438199624426573717e-02;1.361760913340223311e+00;7.673285939295683422e-02;1.902109593428422118e-01;1.193770335812550627e+02
-1.103292742824626416e+00;1.219532935948258734e+00;1.642419245928322225e+00;4.364013246573794635e-02;-7.071110812932093204e-01;-1.038139285011437485e+00;3.539819326710065828e-01;-9.043951229546204340e-01;2.484624211312915221e-01;-2.429112337166646096e+00;-3.835681542586048067e+02
8.431053323232401420e-01;1.188596823087008092e+00;1.074443743408925456e-01;3.873714806329898730e-01;-1.156415816743856739e+00;-5.800163326536846853e-01;8.500793324175532906e-01;1.849362141386380998e+00;1.162838577534985873e+00;4.176807522394006544e-01;3.481930734731350299e+02
8.437900258815755894e-01;-6.929570045312151150e-01;3.496153310283852678e-01;1.334994190613714715e-01;-1.513974919414091957e-01;-6.705431614166831311e-01;-2.153588112944551991e+00;1.026087440960004038e+00;3.160878221089338247e-01;2.244200383822503309e-01;1.703664479637997999e+02
-9.614718135105067010e-01;-1.360023576310594562e+00;4.959182766158587441e-02;4.078790508974909357e-01;9.953029005292229892e-01;6.877638485617686426e-01;8.147307216216816972e-01;-2.128598827563673024e-01;-5.171279056027103249e-02;-3.056320547856802849e-01;-5.648652633574933901e+01
4.457091401353669435e-01;8.762125793216631875e-01;3.594859397738578988e-01;4.153796225059898095e-01;2.304089783549189807e+00;-3.411997326932956209e-01;3.742167348024783569e-01;9.902995470995241689e-01;-1.800770701922635997e+00;3.678195684438652080e-01;6.503078655918719164e+01
7.012556394433689944e-01;1.297940193535132458e+00;-2.782960432343220436e+00;-8.714839233542517882e-02;3.188270435795304003e-01;-1.538087778810355022e-01;-1.085173678335744629e+00;6.460832412118543422e-01;7.230703241355782573e-01;1.268807656316957022e+00;1.680601186206999387e+02
-8.554826959255813490e-01;3.243457111949238358e-01;1.017957052429359521e+00;-1.296048692823928317e+00;-4.755344467353548321e-01;-1.052329469603195289e+00;-1.193375768543315285e+00;-1.036329196838162936e+00;-2.736276103932681614e-01;-1.833170451698727499e+00;-4.198293691668453675e+02
2.108723585105147791e-01;9.831784809990212759e-01;-2.628490661603727907e-01;1.473737578076169008e+00;-1.374399248474128532e+00;-4.774062315978160331e-01;6.978070221521850969e-02;1.239007619400755295e-02;1.045802915699515445e+00;3.079615520802954087e-01;1.070606285908236401e+02
2.560084538268794674e+00;-5.756378262377739308e-01;-6.269670577877674011e-01;1.812448557996928722e+00;-7.031764251258874054e-01;1.149273326285675800e+00;-3.498849049696169805e-02;1.220098146453614391e-01;-9.605989972464987203e-02;1.770800635635509934e+00;4.190380348069867864e+02
1.086863489721835885e+00;1.117632441603957361e+00;8.454065567820554516e-01;5.358569424886379107e-01;-9.111700600248445747e-01;-5.218305414881482251e-01;1.224638731215175191e+00;5.018520493598908061e-01;-1.716497577143865971e+00;-3.834780189238867210e-01;-4.583923924560872365e+01
-3.787598366030933139e-01;-4.110249365031730107e-01;-2.194382469820024273e+00;1.599470940113789430e+00;-1.275682659995731605e+00;4.308624190150374123e-01;-1.285462932519568502e-01;1.021622984073038864e+00;2.082660322109797679e+00;-6.516751221564156538e-01;1.531597771087999149e+02
-1.457304768985535848e+00;1.754136418264113650e-01;7.843671357705462865e-01;7.128048049548620924e-01;-3.983386226887526971e-01;5.304234639752378744e-01;2.085029676260691467e+00;3.470662722002770817e-01;4.234583318303898891e-01;-2.289227264184065191e+00;-1.650610052635399825e+02
5.270711986781153602e-01;-1.984128066757608888e+00;-4.564285333379540510e-02;2.084148213777202094e-02;-2.531430045778004789e+00;1.478220903032449185e-01;7.069754644705992241e-01;5.273300794806716763e-01;-6.375798578775356829e-01;2.497254870535969840e-01;1.367658455250940897e+01
-4.041571594793027522e-01;1.542736367279776033e+00;2.100083080225890464e-01;6.151639842785803225e-01;-1.671761273328167041e+00;1.177074184609580992e-01;2.710331644334893042e+00;2.434750771367702182e-01;1.794872878107085182e-03;5.198710181019114973e-01;6.946770724217275017e+01
-8.959470035887788786e-01;-9.381798512212422558e-01;5.177578157088407185e-01;-6.729872191652566116e-01;-2.123378538398227988e+00;-7.360652185406497683e-01;3.066197869819221045e-01;3.571625857012706295e-01;2.710342528612446067e-01;1.484636815468889093e-01;-7.887536259640670266e+01
6.971826207928529806e-01;-3.908882671723887259e-01;6.397375066988947312e-01;4.524964561026824095e-01;1.317540819017399834e+00;2.606561547052025918e-01;5.736569632767152260e-01;2.032762210574625694e-01;-1.107183269881760523e+00;5.775414666722785556e-02;5.985588853129218023e+01
-9.196846620304660602e-02;-3.623475575461022613e-01;-1.209198711239606094e+00;5.674168329681941042e-02;8.452698378432453585e-02;-4.032877919109386644e-01;9.102157836647453149e-01;7.418222943901265909e-01;-1.081914368713132957e+00;-1.835281721571530578e-01;-1.100426065027359783e+02
-1.422075327425826652e+00;8.616488623231527422e-01;-9.724037396106213205e-01;2.133645604681897012e+00;-2.597473833983092173e-01;3.064563206495689029e-01;-8.840363742048805706e-01;6.935176642254061719e-01;5.858172974674507039e-01;6.939832403270370653e-01;9.821292424471857885e+01
-9.023171545945426475e-01;-4.000574338825259035e-01;5.022347203519739178e-01;-1.622320613293765312e+00;-6.353053696216646173e-01;-3.666338786689330442e-01;1.367465026484631085e-01;-5.510144973232095067e-02;-3.330397757389187974e-01;-3.239808507005771943e-01;-1.951376222607298985e+02
2.235427434756960707e+00;-2.242409555481862937e-01;-8.095668020895723238e-01;1.901913148662500941e+00;-4.969631329205013159e-01;2.480650917512142950e+00;-8.496659688814740818e-02;-2.108347186545802276e-01;8.093109039313007846e-01;-1.332125765276647389e+00;2.950311264463303473e+02
-7.100250868151013472e-01;4.550755757203704399e-01;5.834049157981908706e-01;6.761036382971497005e-01;-2.208278019880092646e+00;8.392251446687899463e-01;-6.525979093314883128e-01;-1.104011639015884810e-01;6.520802373549079434e-01;2.317516231196854903e+00;2.329427970081338231e+02
3.450861860150825633e-01;3.548181181783934268e-01;4.176751006519597853e-01;1.480992404117492889e+00;7.985049046156689201e-01;1.211265496493012961e+00;9.155297917247430250e-01;5.903622081149455525e-01;-9.319911252835395565e-01;1.264050170507164728e+00;2.538428839484785726e+02
8.756563632282363674e-01;-4.011731717473890901e-01;-1.233115990661605571e-01;-4.901673153765602753e-01;-4.033147673217075124e-01;9.979543221425496435e-01;1.211639625649166829e+00;8.583512330053900685e-01;-8.660067089826261055e-01;-1.032642698122057778e+00;4.026622570373335464e+01
-5.603531560598431494e-01;-2.052782433170525334e+00;-1.963358643265520564e+00;-5.753086084017933199e-01;3.624508686256106005e-01;1.317501097472917326e-01;-1.492537244296009147e-02;-7.249193428916018700e-01;-1.753581743948410265e-01;-5.814430863427569873e-01;-2.729209648369447905e+02
4.082527557144718378e-01;1.958452550976815532e-01;1.665474444462576642e+00;1.014370065018130429e+00;4.725974824130430019e-01;1.029155637325643635e+00;2.560297343138756565e-01;-9.783727776150320521e-01;-1.702583604237840387e+00;9.826909839455139073e-01;4.655078773447367269e+01
-6.101497455801451197e-01;-7.172639058443471827e-01;-3.073703196972314422e-01;1.243941924966124546e+00;-1.654035500260702340e+00;6.984327820629752104e-01;1.109371569459285389e+00;-1.141702677604807398e-01;-5.261187335637565465e-02;-1.139182124263749651e+00;-1.089366330121051050e+02
4.924373391541666534e-01;1.464201272523587116e+00;1.057043419165365705e+00;-6.958299463922752448e-01;-2.458191267110575173e-01;-1.215937817975901503e+00;-6.838602033464366015e-01;1.184743898706680731e+00;2.898300418707115966e-01;-1.825512108984709725e+00;-4.218727706958922141e+01
9.513062442994834056e-01;-8.271502389649319775e-02;1.263141994832001902e-01;-4.691308542104089541e-01;-1.981956763797198817e-01;-1.908722195531797894e-01;5.101574689151834319e-01;2.430917276606987809e-01;5.268979236657936882e-01;1.272570162928569504e+00;2.329870714829682470e+02
-5.610508520222680096e-01;1.435856464085897954e+00;-5.491264809895773924e-01;-5.944977224267223859e-01;-2.351648782510969982e-01;1.645354952270744908e+00;-6.892766231523876908e-01;2.845667904745262655e-01;-2.508336718112308406e-01;-6.849961501263927000e-01;-4.273166017328863120e+01
-4.489303012253698100e-02;-3.998990621311370730e-01;1.181891092959961531e+00;4.809080927488953994e-01;1.171717914716159603e+00;-6.701152004542328955e-01;-1.176173336554780624e+00;2.692947525807339870e-01;1.825010305992134096e-01;4.875602970867186081e-01;1.153629680823657537e+02
5.786404742675647223e-02;1.201931669539543224e+00;-1.098916254728193875e+00;6.874267551265041964e-01;-4.211988166129131961e-01;6.844504776364278564e-01;9.764313771980681622e-01;8.788442632071820707e-03;-2.655926332624113928e-01;-1.132149140716006697e+00;-8.393633525621783065e+01
-9.656648035232080485e-01;5.027448074908146269e-01;-1.831682247206026126e+00;-1.051309911639344508e+00;-1.173879964408972576e+00;-5.817820333920540321e-01;-1.979377289846818710e-01;-2.493270820330077520e+00;1.629166364900945130e+00;2.067906338163552071e+00;-1.559473200231295493e+02
-2.490718446530407193e-01;-2.036220502855936587e+00;5.914421517518548832e-01;6.802203604766910994e-01;7.158727446909595171e-01;4.042128652773320785e-01;2.270344788648888945e-01;4.749346825164295349e-02;-1.672893901311574227e+00;-3.240681752089701884e-01;-9.881612386108000123e+01
5.237277654138534633e-01;5.080877144207864848e-01;-1.121646236533194729e+00;-1.451219216259935552e+00;-1.495197587303155551e+00;-4.347349681241912678e-01;8.066759411136090185e-03;-1.590845856858695839e+00;6.055439825855826186e-01;-7.708651482244078396e-03;-2.074085996161662990e+02
-9.436017159193308412e-01;2.022212562972085959e+00;1.422595197789976673e+00;4.868948111619643693e-01;-1.037441696408325509e+00;1.253063726928912658e+00;1.853834157502221025e+00;5.265477791536803398e-01;-1.171167667801236822e+00;-2.756462797090711181e+00;-1.996709272947192346e+02
8.995987379794064820e-01;-3.184168537183037495e-01;-1.489936204640222472e+00;-1.263871560733716537e+00;-1.508609454379709947e+00;-2.308641111979352900e-01;2.461839442959672664e-01;1.603666301347834305e-02;9.151721507186227900e-01;-9.183161373284012274e-01;-6.602351003736188773e+01
-5.018941149976700045e-01;-6.504739994592169117e-01;-4.912244146171128589e-01;6.745050331548217981e-01;-6.220648349449547920e-01;-2.719999723081361620e-01;8.221564326571628722e-01;1.249821097053679164e+00;-5.446233893382973479e-01;2.672106551450557088e-01;3.863318002520684047e+01
-2.688886905548305561e-01;1.848956094945345185e+00;1.980847607678549449e-01;-1.443604119239424721e-01;5.921843401448825817e-02;2.573359803249860356e+00;1.392929191294620291e-02;1.126565029547757391e+00;-1.106525908741670339e+00;-2.412508711000327724e-02;1.922684935415948928e+02
-4.040694502524733167e-01;-1.175734446666961475e+00;-7.274657062336721269e-01;-1.220414210811084699e+00;1.100799805422717048e+00;6.651060515214793911e-01;-1.259295551880038166e+00;-4.151796926807156674e-02;6.883470370380196934e-01;4.010583076936326541e-01;3.993992990784713015e+01
5.181017020299757414e-01;2.275825427647637511e+00;-1.841458156832020687e-01;-1.130178729484683453e+00;-1.086713703497214391e-02;-8.692869869886438172e-01;1.373524794070360155e-01;-8.522246429973241444e-01;-5.292010098115128569e-01;2.918173555060092461e+00;7.510141851314328676e+01
2.419622715660341150e-01;-4.634176928124622563e-01;-9.080240755212108938e-01;-1.412303701335291484e+00;-5.622875292409726944e-01;-1.724917832513032767e+00;-1.012831120334423796e+00;-4.657297535702568658e-01;-1.913280244657797891e+00;3.142473325952738761e-01;-3.592196238519812255e+02
-8.555326699056159390e-01;2.594788230864765732e-01;9.118135935708017170e-01;-6.687782387811225249e-01;6.292381802952409231e-01;5.172754273613064946e-01;-5.075313435257684525e-01;1.879619198549182732e-02;1.179538267607738167e+00;8.341005719100683669e-01;1.657121648383597403e+02
1.810215587037069529e-01;6.628812686674127042e-01;1.238283071433635696e+00;2.127157673606164950e-02;-6.513568937918290391e-01;3.996879517526416015e-01;-5.286166817497568449e-01;1.173473857485324956e+00;-1.296831947955846553e+00;5.863640187550932525e-01;1.310596754253961933e+02
3.801978510059632055e-01;1.777010009332538332e-01;-7.016571145864702874e-02;-1.660960933515991389e+00;1.080780725554621791e+00;5.597904479310398251e-01;8.339221545489040599e-01;-1.335344358710101265e+00;6.105857452838231447e-01;4.591800792284366772e-01;2.542383154053664285e+01
-1.453494223138852015e-01;1.415204526701823395e+00;3.327604786370103596e-01;5.598284488280599325e-01;-1.471927507680114988e-01;-9.880028180029408746e-01;-1.990625537598698647e-01;1.841815609386607155e+00;3.473974864347619818e-01;1.848270336216540077e-01;1.807265402254761284e+02
-1.193636831756480055e+00;-6.462273098438030550e-01;2.886936292798570336e-01;2.603218387712207260e-01;-6.706202090766448798e-01;1.000582318042978258e+00;1.392465300064328781e+00;1.775310892609512026e+00;9.191541736100015125e-01;-2.500465145989527738e-01;2.136009621854994975e+02
6.441237678501087194e-01;1.252283661956639982e+00;1.180989905305672050e+00;4.032745630371717405e-01;-8.607291633953384480e-01;-1.752377095140996710e+00;6.723893376113824205e-01;1.612995426626951112e-01;8.198881382471936985e-02;1.666558173598439996e-01;1.552292676217644818e+01
6.573210951195390672e-01;4.133720291303957239e-01;-7.012495444040762749e-01;9.761386900669211109e-01;8.995613767383077164e-01;1.060800071805947598e+00;-1.018253901417728535e+00;5.461178291007044716e-02;3.142674218011833887e-01;-1.085963170741706341e+00;6.871602441866939159e+01
4.586004538776307093e-01;-6.984737582131461675e-01;3.796100564144804790e-01;-8.361871145383249493e-01;-3.799079665405770134e-01;3.339450479990392906e-01;5.553796561497686968e-01;-8.127954801358575065e-02;9.082225240917289888e-01;8.600850677428203417e-01;1.802749977629098339e+02
-8.432983112849524732e-01;1.143566044928612913e+00;2.012112958085998660e-02;8.917005810695751711e-01;-2.521604801462042911e+00;1.976755669542451521e-01;4.283529137714486845e-01;1.064939802900918414e-01;7.020303236673265390e-01;3.918287077161016208e-01;3.516699591713144457e+01
-1.049674115756794812e+00;8.638273441557671184e-01;-7.787395153691528682e-01;-5.095665028698317389e-01;-8.492809619100916141e-01;1.568987411985134084e-01;1.370962760129293079e+00;5.974729338967611492e-01;-4.467268657228287698e-01;-2.401946943950545865e+00;-3.122778477567649702e+02
9.230334372357292816e-01;7.986482071911433778e-01;-3.706979152161818947e-01;6.124116529153750266e-01;1.700971519416499822e+00;-1.139286159210267879e+00;1.804410826698424897e+00;9.219366012853558168e-01;5.512559223347098802e-01;-2.338796033133684060e-01;1.607727070723587985e+02
-1.615886787410472758e+00;2.047588824017841647e-01;-1.043427929868919191e-01;3.933070500053236218e-01;-4.151002889633695903e-01;9.324348709546672609e-01;7.007006121205836546e-01;7.658782794806148209e-01;2.996476878373481312e-01;2.814654444472552974e+00;2.919177807305200645e+02
8.500042679695930525e-01;-1.237353690039168175e+00;2.769943311191006008e-01;1.703727154697237678e+00;-1.137600204964235306e+00;-4.145796232978563034e-02;-6.825400461535456875e-01;-5.327932130804470257e-01;6.019362371032421777e-01;-5.167675675462897189e-01;4.954937938142400355e+01
-3.656770825305198924e-01;3.301137904709436355e-01;-4.377373224043246136e-01;1.819898826227976385e-01;1.336969073555960286e+00;5.214493990595290285e-01;-8.225369967145317041e-02;-8.140106692915557440e-01;5.042707480383840091e-01;3.064508629633406755e-01;1.390973136796632659e+01
2.700496134451962349e-01;5.497512216450848310e-01;1.079798128850426864e-01;4.707532415477864163e-01;-1.456937545520729849e+00;-2.508546612276950083e-01;8.680546542277768340e-01;1.626156235822673324e-01;1.398624610559414227e+00;4.967016122423920099e-01;1.768361300610642388e+02
-6.729053320094016133e-01;1.372271316607991398e+00;-4.072837121435025388e-03;-4.125965265006040217e-02;6.418941228586382275e-01;8.931883472072515984e-01;-1.029696239633060451e+00;1.420444788305452455e-01;6.628410930216325214e-01;-4.840171236220847661e-01;6.897780275401666472e+01
-8.585862256299858775e-01;1.203499153771711294e-01;3.638404342926127577e-01;3.460344109108018928e-01;1.455409482172029145e+00;-2.047166885163471228e+00;-4.518552842516206092e-02;7.204568950760696922e-01;1.695515819249856504e+00;1.002579814271594039e+00;1.625974422601979370e+02
-1.752945299040128413e-01;1.071699152595962101e-01;-5.139006266488431729e-01;-1.198951397993875956e+00;5.042878533842723998e-01;3.603933950180801538e-01;2.909647301374429507e-01;-1.078512741364597183e+00;3.993176017191308880e-01;-5.070086592700557837e-01;-1.283307508074197187e+02
-7.641867866378464491e-01;-5.265316870960430329e-01;-5.703140677864660946e-01;-1.179108214362848184e+00;6.445954324151764725e-01;-7.094311573284758365e-01;-3.824523976692902338e-01;-5.235759884065829262e-01;8.761739316930753363e-01;-1.975963299891619673e+00;-3.019904161992332092e+02
3.173626332553613483e-01;1.478513878573542772e+00;5.339807974186638884e-01;-1.778202727565847407e+00;1.376231970635572566e+00;3.510912916767348069e-01;-2.207891497920540513e-01;-1.046619108093501893e+00;1.552460520582792658e-01;-4.055033665540876964e-01;-6.741179110026669719e+01
-3.427145165267694860e-01;-1.415370742050414243e+00;2.575503907227643663e-01;-7.444591576616721440e-02;4.040508568145383950e-01;-1.612857116660091350e-01;1.886185901210530202e+00;-4.206453227653590421e-01;-8.022772692216189050e-01;1.745778128318389577e-01;-1.343477213653400213e+02
-3.778694539613511871e-01;2.231496335202466152e+00;1.287286807396483268e-01;-1.235333979303479657e+00;-1.679745326518995663e+00;1.730116769208839278e+00;2.759858494205397195e-01;-3.524789455866478849e-01;1.598353519080974450e-01;2.087272161793627401e+00;2.017977787703479464e+02
6.887127445547694959e-01;1.298693290993423899e+00;-1.338723706135573455e+00;-8.856681840064160038e-01;-1.949590172726032744e+00;1.419064413357520982e+00;6.672189393045282468e-01;2.819180207510500469e-01;6.097377233367050620e-01;9.837360439035638393e-01;2.311475428437510686e+02
-1.188524820207707833e-01;-1.769000904908426541e-01;-1.493134218716751505e-01;-2.566119385932413621e+00;3.941119303708580102e-01;-2.176779700971848364e+00;3.091381873347979203e-01;-5.717385822251893623e-01;5.011620700684521479e-01;6.215090608572698683e-02;-2.444407483669753560e+02
2.900878996354323558e-01;-5.678078421841054046e-01;-6.401465050936997470e-01;5.080122910545996628e-01;-6.608411967525807951e-01;9.305333193245914902e-01;-5.751864496435163954e-01;5.125436283994018183e-01;4.390053312338844382e-02;-1.190082309422809716e-02;1.065987676454624449e+02
-1.607483234561227547e+00;2.274599346041294157e-01;5.219415656168976403e-01;2.969846732331860584e-01;7.818228717773103575e-01;2.598827942484235320e-01;-1.236950710878081949e+00;1.307142754282428099e+00;1.846338585323042125e-01;-1.320456613084276309e+00;-1.720796915737756905e+01
-3.788670102184189814e-02;-1.387964009455360248e-01;-1.659905562505182619e+00;8.882296227878846984e-02;-2.841395546889673995e-01;-3.575764437351422464e-02;5.275681161120330254e-01;-2.226761524957226346e+00;8.209671393129958084e-01;6.040248469495526074e-01;-1.597139157897361486e+02
-1.548960525053475035e+00;1.961314590239073286e-01;-1.092163632718089694e+00;8.347513263248821369e-01;4.751677464953816266e-01;1.103877343316257642e+00;-2.403840918853844110e-03;-9.040682897360002857e-01;2.579759812211808723e-01;-5.892716517893061834e-01;-1.571915280013367351e+02
-3.878757818624695708e-01;1.233406076352669523e+00;1.392038751587091339e+00;1.111293752965121090e-01;-1.412725758900556183e+00;-4.915619390189300275e-01;-5.168468831738285418e-01;-7.688995721369474255e-03;1.306072203871629034e+00;6.190329465885324733e-01;1.289431846963673252e+02
-7.584639229308649533e-01;5.107355496072734091e-01;-1.525614930045244177e+00;5.521245847298429377e-01;1.170192334070561557e+00;-1.385010219399534503e-01;-5.040870223528701004e-03;-1.017949446135150371e+00;-9.794157382151544855e-01;-4.432186924276957374e-01;-3.147271806067512330e+02
-6.512874649831817964e-01;-4.507402773027516241e-01;7.811753362875991646e-01;-2.153882888600766043e-01;-6.734142395598724518e-01;6.174286309273243623e-01;8.878039355788485132e-01;-2.001706001725533479e+00;-9.681285978523266333e-01;1.398483993069321363e+00;-1.575998263355485278e+02
3.863826538480609751e-01;-1.544937346676758638e+00;-2.017338798122411347e+00;-2.832325924984140819e+00;-2.914255989816941117e+00;-6.792306531929550584e-01;5.232231857370331918e-01;-5.393050144632703935e-01;8.377642215465891384e-01;-1.220320689943975800e+00;-3.194365224672980617e+02
2.222898558008540582e-01;1.851755368299140558e-01;9.003985883950635927e-01;4.512253193185081779e-01;-6.769951384585313203e-01;-9.523163807387969859e-01;-7.726594452708239746e-01;4.254448641841722667e-01;1.278865813313393218e+00;8.301918118626101517e-01;2.100570341711734841e+02
1.207425749156648243e+00;-2.002948413865192734e+00;2.745139874932833735e-01;-1.829232984125909178e-01;8.792639051665606109e-01;-6.936964924644041242e-01;-8.511147868343865719e-01;-4.167916511383418232e-01;-3.565424286427857359e-01;-1.222225719591953697e+00;-1.163350653827132533e+02
-1.737686198245343316e+00;6.820678260283634387e-02;7.350674919699149053e-03;-1.082840528868343366e+00;7.254188271577660663e-01;-7.004644372796484109e-02;-1.877016058740368643e-01;8.179920992573367355e-01;8.534395552050992595e-02;-1.038734434162670084e+00;-1.594431937411542606e+02
-1.825901094112605705e+00;-5.944136985779727711e-01;1.329284648275010638e-01;4.814953205671245184e-01;-3.966961799652068410e-01;6.546419928245036379e-01;-1.497041803095409442e-02;-1.145067916482539916e+00;3.635842738461900203e-01;-1.170461709288623808e+00;-2.899148710637072668e+02
2.451142843726178411e-01;-1.039111168367739202e+00;-9.331060771871092507e-01;-9.969316264021268470e-01;1.286382136995533498e+00;-6.281493997556425457e-01;-2.570524088130646811e-01;1.687548055236793632e+00;7.267940464018037838e-01;2.775525134935317162e-01;1.962257016836751689e+02
-8.727849535276425152e-01;7.796961821794943237e-01;-5.297677059230406771e-01;8.048559381800797219e-01;-5.102911595630632569e-01;-1.477164416312381601e+00;1.102692046074378318e+00;-6.015449940512768157e-02;-9.201522314576857653e-01;1.778297997054342494e-01;-2.424804527001927568e+02
2.567832573247228467e-01;4.604156498428240707e-01;5.336952480061929460e-01;1.492952622753827674e+00;-1.545056407406435239e+00;6.670654727283540364e-01;-3.633120083885450491e-01;-1.395420429279035368e-01;-2.284725438095405459e-01;2.965726766943081461e-01;1.016614800946530011e+02
9.502416517170968469e-01;1.927949180242082727e+00;-5.348579055061974952e-01;-1.651539713430190792e+00;-4.533646542708436034e-01;-5.801509439393041229e-02;2.465927331461364780e+00;7.186705886302616956e-05;-3.457039056270759247e-01;2.532424223641424055e-01;-8.334691238099356525e-01
-1.276546815181901218e-01;-4.776455826040051922e-01;1.881904974059842375e-02;-1.171654347317561795e+00;2.052972024501662940e+00;-2.929448690002268041e+00;1.088769654216672045e+00;-1.255135371973394864e+00;-5.606076368473099647e-01;-3.763007249249960551e-01;-4.052689334576879787e+02
6.323214651310117562e-02;-2.114693599073735442e+00;1.256197439413682337e+00;1.187713384138455064e+00;-1.815648975878817462e+00;-1.158603263659485183e+00;-5.140888043678978336e-01;-4.239010723325960517e-01;-2.758399598964565436e-01;8.976557716497436390e-01;-2.472787977215028477e+01
-1.547531082274446357e+00;1.284979714762168213e+00;-2.021903353876195741e-01;-9.370576764661335822e-01;-5.327010875549776925e-01;3.791236330692371870e-01;2.002974882434750345e-02;-1.559260974829079771e-01;-4.804202194034942197e-01;7.400783657052865117e-01;-1.090804015546018917e+02
1.786947168104756067e-01;-1.119546128383168693e+00;1.275390737999014812e+00;-1.517144335772291353e-01;-8.505352787470439324e-01;6.030946849488335593e-01;2.485189916678891553e+00;-3.935298559697288368e-01;1.229214784297050445e+00;2.647753109779796277e-01;1.761134293724813631e+02
-1.317002538599099382e-01;-3.707442202941740872e-01;-1.777975534702350924e+00;-2.241663294909294890e-01;-1.412258627417800394e+00;1.189172783105002518e+00;2.360882171812966668e+00;2.069258285425969179e-02;-5.914882570709169007e-01;8.773622092064753408e-01;-5.454752103806350227e+00
-1.790932850161562617e-01;3.402741107223204720e-02;1.194762861876937698e+00;8.946471875738722934e-01;7.346375454593300214e-01;6.928557558178115583e-01;-9.858038086678266865e-01;1.113726018400524181e-01;3.958197810959230845e-01;-2.841550979287971734e-01;1.520088302786198540e+02
-4.841739512487370223e-01;-1.542803218242899677e+00;1.813407698515423050e+00;-3.428788615575640852e-01;4.915056472467836390e-01;-1.753784558986907216e-01;-9.288561567815746545e-03;-1.606311195254943591e-01;-9.662463197532540349e-01;3.069810726862377548e-01;-7.252154690044136487e+01
6.752820468792383735e-02;1.465648768921554046e+00;-6.006386899188049799e-01;-2.916937497932767798e-01;1.109225897098660846e-01;-5.443827245251826596e-01;-1.150993577422302794e+00;-2.257763004865356582e-01;-1.424748186213456780e+00;3.756980183456719580e-01;-1.731148552629660458e+02
-1.349722473793392094e-02;-6.017066122293969199e-01;-1.328186048898430505e+00;1.968612358691235187e-01;-1.220843649971022238e+00;8.225449121031890298e-01;2.088635950047554035e-01;1.852278184508937775e+00;-1.057710928955900354e+00;-1.959670123879775572e+00;-7.391043455126865069e+01
-4.868218725182975049e-01;9.269996287341687458e-01;-6.004469655886746082e-01;3.727672242764021315e-01;1.426234258079764672e+00;-3.321977161419333302e-01;5.727253193298221801e-01;-6.757180024155319265e-01;-6.688964917292147261e-01;-1.131089745168841976e+00;-2.655230711778227146e+02
1.943843015773360217e-01;5.796331732135756587e-01;-1.006542565279641144e+00;1.139878561129045398e+00;-2.954014101390294300e-01;3.384838434616911362e-01;1.684609762696142876e-01;3.257963165821664564e-01;-3.531662928106883426e-01;1.317597535607959669e+00;1.605121431865915724e+02
8.578988252913429813e-01;-2.086683712204658314e-01;-7.589706989033447870e-01;-9.787408363097660491e-01;1.082112312993140701e+00;-2.573000006177896259e-01;-1.290341151297837718e-01;-3.126684457323573030e-01;5.535695310677932746e-01;-8.516621743343932849e-01;-4.496935821049225979e+01
3.009683766424111617e-01;-1.071019562531488001e+00;-8.614127291863421521e-01;6.521678851156861301e-01;-1.350446018627741995e-01;-8.791531990935460561e-01;8.016397169036919568e-01;-1.422856924451479932e-01;-7.961315055429547538e-01;6.437340011921097727e-01;-9.934992597686860449e+01
-1.256565335945435402e+00;1.310605912813463281e+00;3.137231828969070935e-01;-1.484604791919652778e+00;6.007330151455916312e-01;-3.181585016179288572e-01;-9.062153320472110529e-01;1.171101971669559427e+00;1.289203051406873302e+00;1.419799138740053257e-01;9.938948784052350049e+01
-2.996766480067870608e-01;3.823799496002833892e-02;2.806364044901363819e-01;1.758620484195133393e+00;-1.111967025774163620e+00;2.620793091029975042e+00;1.464177238752437438e+00;-1.448591414633544128e+00;-5.020461704174478124e-02;9.968587734658079791e-01;1.156777590788745584e+02
-4.569918338252314527e-01;3.420468453807544440e-02;5.025462464541817775e-01;1.212090719322736154e+00;1.055694248883149777e+00;7.707861138149361968e-02;-1.097143869770463631e+00;-8.546246417550656949e-01;-1.408226768307450083e+00;-6.226717665523828771e-01;-2.487749930694176328e+02
6.327818661062848404e-01;3.384964074944141199e-01;8.303358165442455974e-01;-8.560838259088672242e-01;2.482205863003360824e-01;1.818662550584951576e-01;-4.593608995402441164e-01;-4.152879139008012754e-01;2.270692857804395892e+00;-8.498443694647918045e-01;1.442042124800722434e+02
-1.275870999901923986e+00;-1.530130928743331786e+00;-1.567772347589775128e+00;1.009469702895810228e-01;-2.976032474009524531e+00;6.751644009882937780e-01;1.322742831879786474e+00;-1.735310703592771508e+00;-3.347481032690589192e-02;1.311121961784341983e-01;-3.366513490162929543e+02
-7.228347951782496672e-01;2.193089131320540841e-01;-4.908064664964201795e-01;-1.130987388485586331e+00;-5.492386533125752646e-01;-9.928687053786982020e-01;-2.470794368077194603e-01;3.529539074521589881e-02;-2.175548776987569877e+00;-1.129667459310536914e+00;-4.698490947638620696e+02
5.763560176138087243e-01;-1.437545781444408144e+00;5.038599341724907532e-01;8.519592997078749563e-02;1.705660267701261945e-01;1.592852064371987231e+00;1.360294992949910187e+00;-4.805434256067757093e-01;-2.342246870407298065e+00;-8.859700824741286729e-01;-1.391889711018316405e+02
9.126203225404404540e-01;-1.289480587209687501e+00;-7.871740699869963498e-01;2.033594599987677276e-01;-1.701665858287416233e+00;-5.965431199219160124e-02;-8.097248357672839347e-01;5.844948070564989079e-02;4.217169330030969832e-01;1.878003380425220248e-01;5.418124309678057671e+01
-2.686457533097425521e-01;1.282864354368512018e-02;9.863765059059370621e-01;-7.119732272589227584e-01;7.938184671438156537e-01;-4.327738835883886415e-01;-2.973760792431064393e-01;4.798270353668330213e-01;-1.836359783770397325e+00;-2.463834025145480167e-01;-1.460727943564945690e+02
-4.601870488978789253e-01;-2.525831685804608373e+00;7.932257178100984296e-01;-7.456204671721735622e-01;1.196260988306875106e+00;-8.964694377502003819e-01;9.132806180402841534e-01;4.917798896006909115e-01;4.604222679843889554e-01;5.683521485426429320e-01;6.222806846828478200e+01
7.978437798957666027e-01;-2.563406783724921922e-01;3.244586043525170549e-01;-1.803862792562364925e+00;5.583364232117055126e-01;4.549147633075199815e-02;1.856647436561954745e+00;-5.380477584901385280e-01;-1.859336771660057508e+00;-4.817659710934751871e-01;-2.108935312780251365e+02
-6.153873097625132127e-01;4.924834847446222241e-01;8.033160427378290835e-01;-1.646241349106251084e+00;1.299181252629183936e+00;5.981746029905671280e-01;-9.159675813651516618e-01;-4.706731449821802138e-01;-1.910254181281050734e+00;-1.545229114998671216e+00;-3.403054076490137732e+02
-6.282984920177531185e-01;5.373654249348248646e-01;-1.179517456640511774e+00;1.323090206885345899e-01;-1.117197665740444990e+00;1.334482350743503742e+00;2.127918074757256583e+00;6.727204878601408256e-01;-1.975286042912149098e-01;-7.448727852762739854e-01;-2.453531238773896206e+01
-8.892408282283242871e-01;8.691545924968965275e-01;-1.639484162525434163e+00;-3.924711060608729318e-01;1.472670675750981983e+00;8.760467925297942271e-01;-6.039806259692295232e-01;-4.555395260238707111e-01;9.553005582377528393e-01;-2.295486553603470758e-01;-2.765062128996210689e+01
1.483890153767761566e+00;-5.717358227493336553e-01;4.288111804330055898e-01;-1.456046493346433435e+00;-1.013605842354468711e+00;-5.031635190463566998e-01;-6.295942318637977042e-01;1.762473164869612141e+00;-4.691307161274623772e-01;-1.232589064168915227e+00;6.696529172538895125e+01
-7.113032269494793391e-01;1.536061181709528434e+00;1.605619832565118088e+00;-2.080740525390978313e+00;-9.391555697706817085e-01;2.362236462642330337e-01;-3.843873765929211594e-01;5.975377058947282105e-01;1.171242161498513429e-01;-2.057669936771719943e-01;2.356978208516117945e+00
-3.649527295428853235e-01;5.382960790496329473e-01;-2.212536235857719968e-01;-2.768132998889206720e-01;-1.966356589376001773e+00;-1.044809194021033560e+00;2.056207129940322176e+00;1.072507337309802189e+00;-8.392096673390063710e-01;-1.103208365721683126e+00;-2.072922681157306215e+02
5.336264248164758195e-01;1.639956681828660612e+00;4.945224920487725773e-01;-1.130520456032961141e+00;2.913744562385838788e-01;-1.905251896200373662e-01;3.270752180533075815e-01;-5.033567380494731180e-01;-1.454561405244724437e+00;1.546485432366250801e-01;-1.253629682771481697e+02
6.662696720435231645e-01;-9.928660010855454576e-01;9.552692372072054683e-01;-3.874289498954302385e-02;-1.286594463520558951e-01;5.773635251066615570e-01;1.406934745891750715e+00;-1.445205264412225521e+00;5.779785236395571513e-01;-4.841184945848177046e-01;-1.099174811503330851e+00
-1.103184381233093481e+00;-2.364488367358593690e-01;-1.227679964456057204e+00;-5.912780093697056483e-01;-4.200277272941625450e-01;1.843090640781034628e-01;-1.904674693465463697e+00;-1.196196243687713406e-01;8.205535028878969683e-01;1.444412195055087444e+00;3.462916109507977325e+01
4.663216491832921085e-01;1.039762289604781786e+00;1.246164997877944769e+00;3.108383975387897791e-01;-1.129704759490680194e-01;2.198701423739456151e-01;1.939214768839341574e-01;-3.416184667703160982e-01;1.422258508576326852e+00;6.319360385022683435e-02;2.268278216504871807e+02
1.185704154662996945e+00;-1.046910982681939606e+00;-3.226798388421357466e-01;-2.508330164550473529e-01;-7.567950885694607610e-01;9.960476858058163740e-01;-1.421810666741843754e+00;5.366527525272861698e-01;7.189533106650667360e-01;1.501333651955486737e+00;3.539189695779750764e+02
2.122996176604765861e-01;1.351088946337001939e+00;-8.841091410299213305e-01;-1.537851651461917546e-01;-9.096520258330383912e-01;-3.039226476153725764e-01;1.237150975478716441e+00;9.133910908021826147e-01;2.405807577265920982e-01;1.312207993601531841e+00;1.817358652323574120e+02
7.996645153475747669e-01;-6.227305810037478961e-01;5.457844281313952058e-03;-1.527580941355759059e+00;-2.219989087556376361e+00;-3.159639513526982801e-01;9.465513614234737361e-01;-1.051329018023278827e+00;-5.869226054450948915e-01;8.209085211691071748e-01;-1.266431320960500244e+02
1.100348239328492461e-01;1.058136112567421794e+00;-4.507844930934654104e-01;2.086264100808081334e+00;2.032477313054003587e-01;-1.042775056756419128e+00;4.380052585187268477e-01;-3.125774253946907444e-01;1.635047670619458327e+00;5.200043808008099067e-01;1.487720683267928905e+02
1.215065605591638676e+00;-1.294931885340260269e+00;-1.606458901040413778e+00;-4.883077867114917758e-01;-8.688314878897103188e-01;-1.588227098707820195e+00;1.491943059161640717e+00;1.458885388632469304e+00;1.900888789603684792e+00;-1.877039154630308904e+00;4.948581438070061012e+01
-7.084067669104627818e-01;1.901190685753007426e+00;-1.581190702032133411e+00;8.950383140761154488e-01;-1.584135943005489766e+00;-1.803139676255945067e+00;2.671266510114834181e-01;-6.066081381462077454e-02;-1.513714392612827142e+00;5.087250232299338482e-01;-3.253471735307446693e+02
-1.897782995679810347e-01;-8.776965135165605281e-01;7.907385796261319488e-02;3.446093205941100912e-01;9.008347754010702368e-02;-8.561076526564302958e-01;1.687225773458772282e-01;1.707989039338023984e-01;5.063634710620628088e-01;2.301808062292196588e-01;2.039768724371214148e+01
-2.219777947451850864e+00;1.191090683146191598e+00;1.462254604034728844e+00;-2.904539162277890441e-01;-1.163042650284601853e+00;-2.493696251724812352e-01;-4.134237706364413678e-01;-1.468535212553008784e-01;-1.399681504732686266e+00;3.239621368357872844e-02;-2.998809471574621739e+02
9.531366339132451015e-01;7.082144232565571462e-01;-3.322999064446079814e-02;-2.081168572725397015e-01;3.615035252061016280e-01;-6.124373746404379038e-01;-1.143726207320661770e+00;2.332161312635016581e-01;2.871241652018242108e-01;1.085597057765231438e-01;8.039484810998723674e+01
-1.290167414451456995e+00;9.595080570233295303e-01;2.700866469549594751e+00;-7.618566995191904112e-02;6.064247283911633479e-01;3.763259576465752265e-01;4.926094868130525550e-01;7.577341142099037752e-01;6.629937020525996649e-01;4.527625878480655564e-01;2.258057094845211452e+02
-7.184072655691974285e-01;-1.243863235391285071e+00;-8.353470532597573328e-01;2.145149127773388287e+00;1.247742072673733826e+00;-2.949496782920277838e-01;-6.734906242438685187e-01;-6.929051977959073128e-01;8.949243769444412688e-01;2.789941622238019669e-01;-6.269341775915940218e+00
5.518859718221540422e-01;-1.356935569699575295e+00;4.807445797679839594e-01;1.496710407445981383e+00;-7.613552698089406379e-01;-1.936752702502464896e+00;-8.782632528234666225e-01;2.231530547476970050e-01;6.802302084176291563e-01;9.988695440921298296e-02;3.802637318308156011e+01
-1.202671507771992054e+00;1.783225452975752828e-02;3.850551679378343417e-01;-2.707565693672107976e+00;4.646127315418957515e-02;-8.250972999455243873e-01;7.788572698067479372e-02;3.756685870725232079e-02;-9.900137139031393030e-01;1.544092663524045062e+00;-1.693614609604313443e+02
-2.070273544513395070e+00;-1.999299231184167858e-01;-7.295729332203905182e-01;-4.084198501313170415e-01;-6.614878852815196941e-01;5.136752157933061058e-01;7.462800981684737656e-02;7.429033054335988373e-01;4.117951694893488834e-02;-6.270365091498445453e-01;-1.640403797574860221e+02
9.811497155703530204e-01;-2.156445377005032693e+00;-6.828620776429063233e-02;-2.634236351195040071e-01;4.289679485485170529e-01;1.737984985123520287e+00;3.387581622803660930e-01;-3.712573706703938270e-01;-3.869294465999473798e-01;-1.283982659176088614e-01;1.058823141394357776e+02
-1.525571708061083775e+00;3.421060396504181922e-01;-8.679754225283319302e-01;-2.135932422050424717e-01;2.642902101532510484e-01;8.552015077482625349e-01;1.313782176571807625e+00;1.917259148426122994e+00;-1.154163384779541390e+00;-1.547164072673957828e-02;1.294500468175844077e+00
2.893046358737612622e-01;8.292736865664672719e-01;-1.267336965966571194e+00;-6.693560962502947964e-01;-2.199700866730299187e-01;-7.391365592307034271e-01;1.634605511761201502e+00;1.548504483103839424e-01;1.141830927736233514e+00;-1.968111230976269665e-01;2.124198351208171687e+01
-1.062303713726104881e+00;-1.550663431066132691e+00;8.135172173696697540e-01;-1.230864316433955219e+00;1.549934405017539429e+00;-9.194242342338031504e-01;-7.832532923362370836e-01;6.856297480602732697e-02;4.735924306351815827e-01;-3.220615162056755798e-01;-9.301585970784292101e+01
-8.779825867565610453e-01;-1.001540764799527805e-01;1.492688568959521733e+00;-2.711236010425687737e-01;3.673655068161780779e-01;-2.264788919015267576e-01;9.135846262332494305e-01;-2.036737501769658731e-01;-8.268803540398600438e-01;-8.031789506803448386e-01;-1.939771250858446194e+02
-7.171210981326812256e-03;-2.875773427628275147e+00;-1.795613220642316765e+00;-1.229171033518317246e+00;2.860158076346249190e-01;1.924838362079865473e+00;-8.490234320820353453e-01;-1.182084455709460774e-01;-2.482543985910838469e+00;1.465379427498518350e+00;-9.996806478856132117e+01
-7.691423497872982296e-01;-1.607559864368974134e+00;6.354180302092263810e-01;-1.239258394853472556e+00;-1.938261387728035245e-01;8.294748419317484744e-01;-2.645148413106107599e-01;-7.627247785662142343e-01;-9.399031011088646581e-01;-2.003862364406753471e+00;-3.689401337936035929e+02
-4.114266071160024296e-01;1.200261749738829264e+00;-5.098066931908825650e-01;3.444101170584135119e-02;-3.885207751830092593e-01;-1.869741699695420589e+00;1.904238899250577377e-01;-4.631613620853989866e-01;1.153900734255747240e+00;4.492187212850342615e-01;-9.352821523964860262e+01
-1.496158813164649715e+00;1.573734216555106258e+00;6.963228620803234570e-01;2.787998123854606991e-01;-1.691226856428163783e-01;1.322744466885135584e+00;7.957353494216583278e-02;4.566880107303991632e-01;-9.182121665097915386e-01;7.588244161636092944e-01;3.666358027103242279e+01
-1.852659149303581554e-01;1.919937886222675416e-01;-1.955086113918149682e+00;-9.176159891063321306e-01;4.695964832944008460e-01;3.113899376964271437e-01;4.412398221702711898e-01;1.592225073648774858e+00;-6.082391480645392701e-01;-1.779862079513450657e-01;4.593876738666673454e+00
-9.659709246115364412e-01;2.626419878716904632e-01;3.566676072498469185e-01;2.236971077061629565e+00;-1.375149392040303065e+00;-6.633383235123018196e-01;2.034820034522876464e-01;-1.450016356167532772e+00;-8.121694717263299168e-01;-1.410802285090959174e+00;-4.157929692656391012e+02
-1.085864768279432985e-01;-6.868802347881279857e-01;-1.600189286762159435e+00;7.065207734206273571e-01;1.453634150874947739e+00;-1.446882966760703271e+00;-1.720313621156694950e-01;-1.026035247555240115e+00;1.031738980514058879e+00;-7.343200023133736876e-01;-2.198673484012301174e+02
-5.179672992165097467e-01;-8.652090538522468899e-01;7.859740988654604354e-01;5.888319515419476735e-01;-1.482476515363642555e+00;-1.003465425799290545e+00;1.345875003177716689e+00;-7.682553203917700246e-01;-1.785741281946263026e+00;6.184623923882185403e-01;-2.717601115649893018e+02
-9.087696708079733288e-01;-5.864151488887734409e-01;-1.330705131330926161e+00;-2.177967732194687756e+00;2.319597855737482242e-02;8.422973270139026969e-01;1.351015752487000343e+00;-6.197721282538776189e-01;1.684524834603451815e+00;-1.512528965298875594e+00;-1.597829671572146992e+02
1.041333880213400204e-01;-1.899814234970781390e-01;1.753652406553341536e-01;2.404876494677610499e-01;-2.936200943778115136e+00;4.086847622754085085e-01;-1.312840273092725996e+00;3.475447829184789839e-02;9.163289534385712365e-01;-2.187380914976043034e+00;-1.325153799403012442e+02
5.225849049748321207e-02;-9.139955750911445131e-02;1.153590343316925448e+00;1.386349397262843341e+00;-1.284584265699969308e+00;-7.170161491279362087e-01;9.778155496862003249e-01;-8.087849786546130737e-02;-1.060605066396600904e+00;-2.105646941840324526e+00;-2.509977581288985675e+02
-2.061405424022904942e+00;1.316176081530022079e+00;-5.328362687799239605e-01;-8.192664641893721011e-01;9.247218055134209802e-01;1.274653124038341190e+00;-6.626914834880354155e-01;-1.985691868809604521e-01;4.303626415064980004e-01;8.676107546264670567e-02;-7.680752410528815233e+01
-1.349902279770613944e-01;2.536835542980969138e-01;5.743863511338760386e-01;-4.973695331402628317e-01;2.595956466989539080e-01;-1.103758562602316529e+00;7.738771734428222526e-01;-1.314748860310422929e+00;-7.176391376105406561e-01;8.410412769616194550e-01;-1.859757790766202561e+02
1.230484356358352072e+00;-5.444010195789126261e-01;-5.669763910042787680e-01;9.541645141909239625e-01;3.647117732084854680e-01;1.532783884768105453e+00;2.832699501465984482e-01;1.047849056889750274e+00;-1.338330626820463554e+00;1.006624631596514829e+00;2.847459673614363282e+02
4.464467833047773837e-01;-4.311797203495725261e-01;-1.724985434131267148e+00;-2.424264870697285801e+00;1.104263067260667919e+00;-7.532642117371419754e-01;1.404258674448342070e-01;-4.684776507319123873e-01;-1.050015029041215103e-01;4.354156527309407942e-01;-1.553465548495613859e+02
1.948342644789813116e+00;9.411818664199697038e-01;-9.403989164843532533e-01;-5.607609069798602519e-01;2.731337985143866831e-02;-6.538983883255764518e-01;-4.737070254443594836e-02;1.918977358730360738e-01;1.025109152581773486e+00;-1.582176763346127224e+00;3.378988802611542042e+01
1.501356539562030967e-01;-2.151963235601804247e-01;1.487806348073051899e-01;-1.712563048249344799e-01;3.881857956547334343e-01;1.031380525277330928e+00;-9.702713259082388353e-01;1.143398107149552700e+00;7.124817644338045097e-01;-1.352865888964038810e+00;1.436960304101105521e+02
7.287415864657591502e-01;-1.009203152437389894e+00;-6.141904181254926876e-01;-1.652934562372959881e+00;3.101865168287040175e-01;-2.031563663337811743e-01;5.438066538881177747e-01;2.218743357530849281e+00;-8.480669268854175158e-01;-8.996186575457899570e-01;4.395177408259723961e+01
7.949231138755590287e-01;6.098800471904188836e-01;7.399440513793162921e-01;1.679747382221529195e+00;4.705098473785567781e-01;1.058170093824101654e+00;1.186267918078420455e-02;-3.992646337336377277e-02;1.349135105113429489e+00;-9.807880084135591758e-01;2.470644468755272669e+02
-2.189921704978553318e+00;2.327867429401636323e-01;2.243396567780825968e-01;9.040175547613144014e-01;5.166097685107980120e-02;9.583858198420424079e-01;2.290746882057025646e-01;-7.567639770159263479e-01;1.194592220513730707e+00;1.074318012715561377e+00;6.916793732270051009e+01
1.801687204444658505e-02;-8.634936049649339918e-01;-4.882738424515446485e-01;6.333268260712384690e-01;5.925672738473306556e-01;-1.366858363280826438e+00;-2.704391631602775181e+00;-3.120348893908397522e-02;4.726303458434056304e-01;-6.298845523638103572e-01;-1.169247405528995074e+02
1.277876521041972024e+00;-4.351933321977932145e-01;1.781399716600857719e+00;5.666078328350889759e-01;7.069550099205424987e-01;-7.249141537654967271e-01;-1.380352935413185156e+00;-8.747762242543677402e-01;-3.727757944647531185e-01;6.251105462489473519e-01;7.979082839480116718e+01
-1.513279469157772228e+00;-2.934314023133125504e-01;-1.318092035795505712e+00;6.098125198747528231e-01;-4.738828697857190853e-01;1.284916784875083318e+00;2.206770093686349909e-02;-3.994247809860170251e-01;-1.304548899584109467e+00;-2.044330476201074553e+00;-3.859558040974013693e+02
-1.244542500084722780e+00;3.076860370180503512e+00;-6.813802350695739030e-01;9.678260240252041235e-01;-1.014479726707413931e+00;-6.080061429373235793e-01;-1.340072071123934894e+00;1.360115900180312920e+00;2.328680874268982404e-01;4.322166907592539520e-01;4.100252394446938808e+01
2.815834050858342374e-01;-8.431023046628691731e-01;-1.573212939561707158e+00;-1.120085132525534544e+00;3.660365656307894983e-02;2.157215887447737401e+00;1.814252827700274739e+00;-1.167209485614359110e+00;-1.818600657901619233e-01;-1.170383598104340006e+00;-1.611258501244738568e+02
-4.949645508907006830e-01;-2.336069609828654026e-01;1.010379313283263469e+00;-4.457574597968488872e-01;-1.055324158592459538e+00;-1.744760387605301499e+00;-3.239088532159218325e-01;2.019990107573212401e-01;-1.015995431168029040e+00;2.118791788288840738e-01;-2.061638022654831275e+02
1.267273646318381797e+00;-3.227445527233424039e-01;-5.904407702032749006e-01;1.925930903121241683e-02;2.221203394271960896e+00;1.118912271707173778e+00;6.627473734423477980e-02;7.068962909185121379e-01;-3.862370887113674156e-01;7.848886874941852776e-01;3.047500233094394275e+02
-3.201695082207257625e-01;1.818278703742821412e+00;-6.581752741371038606e-01;2.098841230352439524e+00;-6.277549867574896414e-01;-9.329484701730206275e-01;-3.506733936585964551e-01;1.921922494586957020e-01;-5.402855278956831819e-01;-4.876390734985800446e-01;-1.338942457512458475e+02
-1.507585134763937518e+00;3.476924809445675058e-02;-1.217499326215866207e+00;-1.291807453667116024e+00;1.028849153609594502e+00;9.808045027979402086e-02;-4.317511750311277541e-01;1.118541409335949366e+00;9.084451656457724900e-01;-1.332244586763445371e+00;-9.372099950116363232e+01
1.972922656312064427e-01;2.965755451407617871e-01;-1.032523903527539533e+00;3.979270499468089417e-01;1.071543152234885721e+00;1.699957374576380520e+00;1.906355912650243289e-01;4.631847952675847147e-01;3.113086734428848756e-01;9.413105807674833070e-01;2.771025479136539502e+02
1.004821691757912694e+00;-2.161055997349270896e+00;1.138910611480047574e+00;-2.225935417958077700e+00;2.277688926030930983e+00;-7.372616763919609406e-01;1.819077190195805160e+00;-4.211027721618317843e-01;-4.234365831792775703e-01;4.675749124821571012e-01;1.505736903552990924e+01
3.316476671257627684e-01;6.837156596765875394e-02;-1.049677075636239465e-01;6.127907415832897220e-01;5.239605120767347746e-01;1.711028809190787703e+00;-3.998999901093165388e-01;-1.746466725579033596e+00;-1.047157568690264551e+00;-7.451677703173504863e-01;-1.600268378060276007e+02
-5.687057065970534397e-01;-1.613016813576969133e+00;-2.365332520961239693e-01;-1.215843982825368430e+00;-5.420835550478788623e-01;-1.447396092058940598e+00;1.812907220658748875e+00;6.947811622107863405e-02;9.662787392346716686e-01;-9.396095170978494560e-01;-2.016371699131478010e+02
4.666709819660810332e-01;1.205994516546815998e+00;1.135620147182944129e+00;-1.106293512411634206e+00;1.747363197915558164e+00;-9.489165208248372396e-01;9.321915642603847418e-01;7.774073527645112280e-01;1.521006227159380053e+00;-2.365552872189460309e-01;2.252660362857388066e+02
7.966841600916200195e-01;1.172894278631478437e+00;1.281430456649493288e-02;-1.168490892099266931e+00;-3.220119706174046081e-01;5.390414967527589196e-01;1.720589223662588596e-01;1.706882519972611686e-02;7.180620438372025127e-01;-5.883615643067782175e-01;7.532961174355897072e+01
2.604422633335559678e-01;-6.967718184295749184e-01;9.534419944130820279e-02;-2.634482160822491092e-01;-1.962625691672579054e+00;-1.008554684076208074e+00;3.496500472996936781e-01;5.820265670847268868e-01;-5.388418561927382777e-01;-1.564802771362055145e+00;-2.190633475904017757e+02
1.667224111551137034e+00;1.183493666889927853e+00;-7.353034606819522923e-01;7.214793237573432494e-01;1.781798908771059953e+00;7.356219972457467282e-01;-1.656623207677773824e+00;-1.178040867376380696e+00;1.523238621712258212e+00;-5.244481362626518539e-01;1.909988529668894444e+02
-1.106334974006028204e+00;-4.791742378452899520e-01;3.616360250476341465e-01;-6.451197546051242737e-01;1.356240028570822931e+00;8.125258223941980162e-01;-7.201012158033384680e-02;-1.856589766638171157e-01;-1.196206624080670800e+00;1.003532897892024156e+00;-5.376363495065097453e+01
3.796372821063528913e-02;9.288512460502239554e-01;-2.808692457976584289e-01;1.498958462667531633e+00;7.718504858067948282e-01;-3.456536566056691018e-01;8.317331383481770812e-01;-1.246329477748424619e+00;1.440522315264967657e-01;-1.904856978051058525e-01;-8.991501607469257351e+01
1.765561177627260392e+00;8.898594886509347823e-01;5.408282103844915811e-01;-2.352786469885359111e+00;1.210382609061763093e+00;-1.222021510407434036e-01;-9.092080312379559326e-02;2.863784830010944749e-01;-2.471853653544143214e-01;1.494005247707545836e+00;2.628451451751641343e+02
3.155229409202532365e-01;-4.224958954324339877e-01;1.616521654513748851e+00;-6.593241347771675587e-01;1.794141710488413033e-01;2.510035431501465575e-01;-1.516662546285921342e+00;1.027718748779533398e+00;-4.785892765275730903e-02;-3.492618853479614871e-01;1.409683309509651963e+02
3.536793758910481422e-01;-2.933770647229477113e+00;3.211545543232061095e-02;1.087606985198953602e+00;-1.722722481565355457e+00;-4.127192791947643657e-01;5.340629563169516647e-01;1.335453061701742605e+00;7.167276477173427640e-01;-8.259032541651206705e-02;1.618493212857811159e+02
-1.042928261808737656e+00;1.959683981955882892e+00;-9.115933765861459204e-01;9.900612307163599857e-01;4.340684871831768099e-01;-3.829992144834576950e-01;-4.285624766033802047e-02;3.132416936936163188e-01;3.690520485899680403e-01;7.427369019014479212e-02;-3.053575510500019874e+01
-8.489046563704645276e-01;-1.258193515483330138e-01;-6.985186818364300110e-02;-7.974854973437885963e-01;-8.664477699523983611e-01;-1.535006955697838515e-01;9.067842666754293290e-01;-1.073091328362615338e+00;-1.308684130989139049e+00;4.058502666928989755e-01;-3.137512712823502739e+02
-1.148022487590636687e-01;-2.099356264419025564e+00;8.080361894020714475e-01;-8.480655980305086272e-01;-4.896503085845025499e-02;-6.573725539947243846e-01;7.114105794654951298e-01;6.832230147888079808e-01;5.667717261841795917e-01;3.112910201043840974e+00;3.306215652943667465e+02
1.066674689589153902e+00;8.204821811973640466e-01;1.206508966508356817e+00;-8.169356709872360733e-01;6.487098875896426531e-01;1.382158991037527151e+00;-1.671180803168543505e-01;5.072740311072977404e-01;1.169295590445672772e+00;1.467136864333228319e-01;3.985642637496276279e+02
-2.281662072420577392e+00;6.924721043714369799e-03;-8.909854419534304348e-01;6.568058285094803272e-01;1.097422687422706877e+00;-3.903041491116992501e-01;-1.031280623513756156e-01;-9.234292057213925320e-01;-1.111850706664028854e+00;-5.190257189181485264e-01;-4.559933425750893434e+02
-1.243009388784991759e-01;4.312838168862984656e-01;1.734762793123577174e+00;-1.070468243020071153e+00;-7.133109002802114906e-01;1.305582715810523542e+00;-2.619450064243539211e-01;-1.174142372481114638e+00;-7.875288624464046872e-02;-2.336069605021263040e+00;-2.326480935220314734e+02
7.633194514331476110e-01;1.982513063697876499e+00;1.729787387456243275e+00;-8.244232886633467983e-01;9.047498032588242589e-01;-9.460645121255687462e-01;2.102845638952283158e-01;2.392298383669758000e+00;6.842531120790343313e-02;5.380348391544619302e-01;3.666157924794679275e+02
4.170804980086446623e-01;-2.567585117933758099e+00;2.715822001535923569e-01;1.009294955779809211e+00;-5.434084103664974658e-02;-5.305803556472092897e-01;-8.281401376128967318e-01;-1.419825313457569571e+00;-2.043538353896235726e+00;-6.915614026937736414e-01;-3.761547751871729588e+02
-9.195678260426586037e-02;2.730107174943857129e-01;-7.661208306106709331e-01;-1.128062554807693907e+00;9.736222494278469197e-01;7.946003829452114031e-01;-5.035696189077174534e-01;-2.074640037546368276e+00;1.602528229516042568e-02;-1.506140146299330129e-01;-2.021878411252461660e+02
-1.178691131796254732e+00;-8.588442782989591517e-01;-9.740601569182216757e-01;-1.951742609010449492e+00;-6.840460303790416585e-01;3.091577195174641801e-01;5.085396128234084649e-03;-1.082158135827995027e+00;3.520386129581203893e-01;1.527132384155130529e+00;-1.244996003697293361e+02
1.853966564677612949e-01;-8.163436001124396713e-02;-5.842290931920853803e-01;3.040686954159440791e+00;-8.157877251685722308e-01;-9.044005023308695490e-01;6.496048651128858431e-01;-3.666025698387440079e-01;6.319003391578129625e-01;-1.707342953649599870e+00;-1.390512249570655001e+02
-6.392161407867218426e-01;2.191770332050810843e+00;5.860393952571910786e-02;1.128906595877222863e+00;1.862524599012662929e-01;5.954953007219735417e-01;1.061041859183580405e+00;2.561297776771105816e+00;-2.318242980352498872e+00;2.848858997153172479e-01;1.293105549756992332e+02
9.724439979180101723e-01;-1.532683970923734096e+00;1.176533253787765299e+00;-5.837221335626012753e-01;-1.721077520960469398e+00;3.630042848060768823e-01;-3.584035755128885392e-01;-1.128590673097034536e+00;8.727874144696099457e-01;-1.224999888660050607e+00;-3.819283943509624635e+01
1.589563332862577338e+00;-1.284198210911160709e+00;-2.497726120403833683e-01;5.285392018314014617e-01;-2.818304286202178766e+00;-6.195999801036899957e-01;-2.126897343051187550e-01;-5.635531812487009073e-01;1.385437781656382317e+00;-2.877028881291164852e-01;6.552661808470408289e+01
-1.515191062198552263e+00;-2.750516971516440146e-01;3.078880808455237705e+00;1.119574911434576769e+00;-2.490360395563783191e-01;1.644967713501283679e+00;5.765569630557664249e-01;-2.301921164735584835e+00;1.366874267444524671e+00;3.112501545435361061e-01;4.483775440225115005e+01
7.964303666421104211e-01;2.305946585967739715e+00;3.849664160476343189e-01;7.985666731105901528e-01;8.596307868548460629e-01;-3.248579264985461124e-01;-9.820194972109047571e-01;-1.399342165848770803e+00;1.663986279808099544e+00;-6.867323955673515501e-01;5.690920266599075461e+01
3.437878815498854324e-01;-9.637589262106108778e-01;8.901984111247868148e-01;1.035249334723752579e+00;-7.584953347000694679e-01;3.279699541158651033e-02;-2.304007142057673263e-01;-9.571509148950428925e-01;-4.865235157045114806e-02;-9.242331442683043852e-01;-1.143060091370711291e+02
-6.389850540666776046e-01;-1.591494715377279323e-01;-3.146014474420488760e-01;1.530185623796560757e+00;5.711026285913682887e-01;3.800674405738320161e-01;-7.706179501253388464e-01;-7.163942937007461431e-01;-1.080267059780692707e+00;1.520640096017044529e+00;-2.154623234494123096e+01
-8.293203743613699608e-01;-1.279647848349243056e+00;-2.821249431377349515e-01;-6.308635106834089568e-01;-2.071616890940402300e-01;-3.812372872728734818e-01;1.270088025254896946e+00;-1.124200096946978089e+00;5.915710184530976745e-01;1.295007149938418145e+00;-8.752048204753492655e+01
8.865759096143743800e-02;9.653974845911706959e-01;-1.394462756809995430e-01;-4.501892648514115858e-01;-3.160728560270497645e-01;-6.176518954343501733e-01;6.157711497711415571e-01;1.236130721806217858e+00;1.973157074055955917e-01;1.203884437168816213e+00;1.876137057823867735e+02
9.363801346166221728e-01;-1.030086054904429949e+00;-1.225534722214902228e+00;1.348014232902034204e-01;-1.139965528396263555e-01;-7.728337308889637880e-01;-3.399837223515191909e-01;2.445769569113684039e+00;-1.926064387608060202e-01;1.952944553999506727e+00;3.559944793578096096e+02
-7.538621136909614551e-01;-5.531772453472699747e-01;1.133943919666893507e-01;4.589940016742909412e-01;-1.742771973881040992e+00;1.124932545303240827e+00;4.094385306422522741e-01;-2.539517063972350774e-01;3.826535514774915825e-01;-2.766717717191454207e-01;-1.770878471715366231e+01
7.179313858226648026e-01;-1.041431269864542486e+00;6.209975658727353576e-01;2.743112872463745688e+00;-8.170954586402322528e-01;5.135875880268001709e-02;1.886704475099985345e-01;-8.124698322923339378e-01;2.014113723359744146e+00;9.390291574991455059e-01;3.083759963604800305e+02
5.529431891981055891e-01;-2.748323780572272668e-01;2.971671472249075574e-01;9.385958031751119313e-01;-6.091360888575632071e-01;-7.660804561469296559e-01;-1.401254014199768250e+00;3.705020108280916991e-01;-6.432484312125671400e-01;-1.590430258519297313e+00;-1.559081615000444003e+02
1.339418829520131748e-01;7.145497614635057948e-01;-6.111885022502859810e-01;-8.323894449694427822e-01;7.388693612455402016e-02;-4.968761273415282509e-01;2.439874466985501478e+00;3.090544381042878985e-01;-6.116931217017983480e-01;3.012424800913901524e-01;-4.487558258956434543e+01
8.797354712916895247e-02;1.260849519999309720e+00;-7.360636534685142118e-01;-3.109375163510938456e-01;-1.075736648441611321e+00;-5.289984142031269876e-01;-4.314556445598848322e-01;6.166639764711182581e-01;-4.402746368508035357e-01;-2.120087215120174395e+00;-2.412955222459288791e+02
8.728170831783343964e-01;2.913789848159459295e-01;1.290460741376349807e+00;5.519924253008921811e-02;4.048234088082680593e-01;-3.090662367382601694e-01;-3.509646678459441699e-02;3.218508703683969907e-02;7.320809514330224310e-01;-8.539329084600559838e-01;9.895341659476920881e+01
1.042011039518760673e-01;7.589285897867651398e-01;-9.885911071509174697e-01;-1.103589317215770915e+00;-2.806750768667740648e-01;-7.539645888666762774e-01;-1.692956814195385462e+00;2.811914239693757978e-01;-6.259312789952241329e-02;-9.833962679474989033e-02;-9.693600642919386701e+01
2.368334542400437392e+00;9.259661298522298134e-01;-1.272237627231963319e+00;7.130258504329488600e-01;-7.090289023149721759e-01;-1.684004017796164598e+00;8.160810441139387805e-01;-1.297164296365721725e+00;8.560480947755128023e-01;1.176344056171454655e+00;7.336453258679298983e+01
8.576596232020193833e-01;3.109075655980045871e-01;3.227185603380894885e-01;-8.272309435523229615e-01;-1.002529364637808840e+00;-1.901620790268883018e-02;-1.851313599238993066e-02;1.475356216949551991e+00;-1.599385299634271118e-01;-2.886586389201383218e-01;1.471409226523398388e+02
-1.052523054997378527e+00;1.436308339881977036e-01;4.927154194614009608e-01;-3.040652580657580151e-01;6.882365770464905774e-02;-1.083665833428093528e+00;-5.596541808251621619e-01;-1.158793066424604667e+00;-2.086848529315937562e+00;-1.801356044098513243e-01;-4.641280563805324846e+02
-1.058440633641652751e+00;-6.683451948468016601e-01;-3.508494300764745666e-01;-2.218347760051081252e+00;6.089053562546319354e-01;2.004596314137289947e-01;2.620668090867255273e-01;-6.107567135237609857e-02;-2.498061017492939406e+00;-1.949561717754367152e+00;-5.464194975164648440e+02
1.467474722052256597e-01;-1.478113714387689237e+00;1.184984447600315960e+00;1.817310819725606930e+00;-1.116919511912159102e+00;-7.541124797910599975e-01;-4.760100000208513094e-01;3.104792770059333074e-01;3.299587878404346974e-01;-9.779499708420288928e-02;5.694547899547298186e+01
-2.487234240825325349e-01;1.837942029992275295e+00;-7.155444197585274502e-01;5.374620867252016820e-01;1.638281183136421904e+00;8.498203653189063678e-01;-4.462762306644214860e-02;4.221436921952626542e-01;8.349894273785858356e-01;-1.655789725675944624e-01;1.546972177733951810e+02
7.736830764761830348e-02;-7.972641316617372007e-03;-8.756182533847571836e-01;-1.382799730964336060e+00;5.389100436846586684e-01;1.523124077269657262e+00;-1.037246154326456393e+00;1.479944138890025851e+00;-8.612842013282636655e-01;-1.903386780836081871e-01;1.108731315172533698e+02
2.258418340373072875e-01;-1.073468224509627894e-01;1.477372560630860532e+00;1.011097005586990782e+00;1.672989702844952742e+00;-1.197166592690230180e+00;-6.211347987962407835e-01;1.551377721009493227e+00;-1.351547454264233838e+00;-9.429633724497640257e-01;-7.114548276242443237e+00
1.477894044741516089e+00;-2.196718878375119310e-01;-5.297602037670388064e-01;5.132674331133560974e-01;-5.017570435845365440e-01;-8.084936028931876129e-01;9.154021177020741362e-01;3.571125715117464128e-01;-5.182702182736473873e-01;3.287511096596844595e-01;7.076124667184039652e+01
4.986899121355444775e-01;7.654021560133494884e-01;3.051508358749726590e-01;1.148090866397432741e+00;-1.155707574916915226e+00;-1.554224325277596963e-01;-2.026057729180738565e-01;1.073412702410445174e+00;-1.942497690961769941e+00;9.800042361338939800e-01;7.763817233684925156e+01
1.177208787416914815e+00;7.356551436413686362e-01;-3.005693905852489523e-01;-4.469775528060407899e-01;-1.229883115286540596e+00;-1.771422551443843973e+00;-8.037236608946852767e-01;9.259041767277179646e-01;1.834134564362390751e+00;-4.697297964895976730e-01;1.367816389025350929e+02
-6.838489004995762510e-01;-3.207838618519990859e-01;-4.350772415763160539e-01;-3.116758857652341397e-01;1.926285854855393165e+00;6.078537250130285063e-02;8.127716759106869138e-02;-1.362043370854757462e+00;-9.159038534655270999e-03;1.178843444025643672e+00;-7.506323335743984160e+01
-4.172653653223936110e-01;-8.755354645343943476e-02;-1.671972471792551929e+00;-4.726922777235716411e-01;-4.348206128661141756e-01;-1.102776373820319122e+00;5.333250306143475505e-01;-2.330771920508219186e-01;-8.341073474656136855e-02;-3.499700803512887926e-01;-2.616685524114320174e+02
-7.480909828486626001e-01;-2.973306171292557476e+00;6.102350056939962464e-01;4.747421048398910437e-01;-1.702237919711792336e-01;2.893389056429844786e-01;6.352455366039566620e-01;-1.265636445089810991e+00;2.916589331890461212e-01;-1.026242375302899967e+00;-2.132459469191477126e+02
1.204675935756925442e+00;-1.766750927082425537e-01;-6.118288167399027477e-01;-8.123813546900386928e-01;1.530047441561628974e+00;1.533622845732923290e+00;8.468537431799008086e-01;7.969359256585957230e-01;-1.096548491174593604e-01;-5.160265317217282988e-01;2.221161795428329526e+02
1.109207982586730701e+00;2.898111955666192729e-01;-8.823893030786208458e-01;5.496698134880495523e-01;-8.308826638551300992e-01;6.882851084882323223e-01;1.983272655920760297e+00;2.780795955735271829e-01;-6.102206925378539371e-01;-8.003911042966898037e-01;7.428449381684748332e+00
-1.134806458821411845e-01;-1.098620425177812221e+00;-1.321693556443718498e-01;7.227896538428889295e-02;-1.031955242094434899e+00;1.234751914044795118e+00;5.954908976392573328e-01;1.420504287271063149e+00;2.215584736242106056e-01;-5.898947564628909124e-01;1.615984572685032106e+02
2.651639227465873994e-01;3.808264183452537699e-01;5.163966677865787780e-01;-1.245051223503994997e+00;-1.366198337668917517e+00;8.836067859941689751e-01;-1.081413380739287167e+00;1.342721861351185542e+00;-6.489985204731576474e-01;3.358472647200690941e-01;1.525096233948210056e+02
1.084198244043542703e+00;2.232809132553705556e-01;4.755884359285824092e-01;-1.746895691345554891e+00;-9.182353385138937105e-03;1.983935171774866835e-01;-5.177574472222197244e-01;-1.198392124952045279e+00;2.103030402219953632e-01;2.178023397487260926e-01;1.248405832302216467e+01
-6.302320736464390727e-01;-1.218176066807318936e+00;6.259320959729025580e-01;1.369868223361910831e+00;1.395101906502297595e+00;9.713442845414814730e-01;1.557160889698659290e+00;3.963196820078629390e-01;-1.570475045367970557e+00;1.870077214747202787e-01;1.870324270130091548e+01
9.116814666643917320e-02;1.764913805550771375e+00;1.237180800289009230e+00;-2.544760766453414980e-01;1.502734326305588120e+00;-1.780625672907489188e+00;7.762285047241060942e-01;2.792208867909961256e+00;7.882041407971867031e-01;-4.839334449512330272e-01;2.786630809057987221e+02
8.831097771471589919e-01;-2.918112689155440975e-01;-4.263575962055433100e-01;1.148445709196754816e+00;3.193107567844860828e+00;-1.804799135906256513e-01;2.987529083656862428e-01;-1.563190808696657053e+00;-7.783719701280203407e-02;-7.517910500951843211e-01;-1.037942352236103574e+02
2.122156197012633250e+00;-1.260883954335045187e+00;4.438194281462284341e-01;7.746340534293367774e-01;-4.842340728662513638e-01;-1.519369965954013413e+00;1.266911149186622731e+00;9.178619470547760839e-01;1.032465260551146846e+00;-7.076694656187807464e-01;2.210715424523201875e+02
-4.561683474800590776e-01;4.917396407562205085e-01;-7.591835461675043861e-01;-8.212863840728592546e-01;7.193276018294383345e-01;-3.288894966708092449e-01;1.696931579712837312e-01;7.633930795819700021e-01;5.025747743714370497e-01;4.819678270528922059e-01;6.903513879176738044e+01
-4.042782442120789188e-01;-4.464544782550480262e-01;-1.205582351023755328e+00;-1.153260172675258710e+00;-2.863014028941872069e-01;7.239970324019037173e-01;-1.436651792179245879e+00;-8.173667603149417649e-02;-8.167379318649000686e-01;5.510601242159327562e-01;-1.028024834300132682e+02
6.867740705033550386e-01;-6.391935337501580827e-01;5.557421780428924984e-01;2.054092441435975136e+00;5.916680496931310262e-01;-5.693514235811375501e-01;-8.577331766050194650e-01;-1.562763367050430396e-01;-6.418214039443413954e-01;-3.847920236040706654e-01;-1.214662868877252677e+01
-1.187553166775040081e+00;9.714123576723596720e-01;5.245738688944395073e-02;7.798286407550496513e-01;-4.551717839537638977e-01;-6.433764737916651544e-02;1.015627883994470793e+00;-1.295258620667120830e+00;5.789098180691342188e-01;1.874593820889108309e-01;-1.194856329856712591e+02
-8.561008274372304827e-01;-2.794777127829264907e-02;2.171993209494291310e+00;-3.537050422555822471e-01;-4.918794548144672096e-01;-2.665722849289853258e-01;-8.033419752904753519e-01;8.293439252262818639e-01;-9.547098336929226159e-01;1.830468474998774298e+00;1.459507487425967724e+02
-1.239588012525028260e+00;-1.850976494212187018e-01;9.573048225935312239e-01;-1.060906353414203251e-01;7.163400805404106508e-01;1.101330164889550378e+00;2.324698914323417576e+00;1.212129204233486135e+00;6.078403387350085341e-01;-5.289467627246988712e-01;1.752753854213522402e+02
-1.156482823882405281e-01;7.384665799954104326e-01;3.436182895684614103e-01;-1.763040155362733952e+00;-7.198442083947086401e-01;-1.478521990367427374e+00;-4.606387709597875024e-01;1.713682811899704950e-01;-3.011036955892887890e-01;1.057122226218915717e+00;-6.535098146711862910e+01
-9.123255140663578677e-01;8.793072927089763402e-01;-3.280564506767600363e-01;1.104687558861357222e-01;1.818464378381593027e+00;3.428534657816479370e-01;-4.840196231962784479e-01;3.930919874346531367e-02;-4.624991531999693151e-01;8.047874435273990601e-01;2.014476950251405185e+01
-9.384671057410849393e-01;2.376426562999591208e-01;9.530094982140497883e-01;-2.998774744966122285e-01;1.050774290472113348e+00;-2.822405919232288118e-01;-1.162938986852912970e+00;-1.210742626629164542e+00;-5.464076194636729999e-01;-3.574150481706999116e-01;-2.490376027698586654e+02
1.293680067038185111e-01;3.757485933586560828e-02;-2.440283521711343606e-01;2.947192529023015539e-01;6.159670060468381836e-01;-1.829681815208082929e+00;1.037181405649050259e+00;-3.146908287880924582e-01;-2.380739105523497212e+00;-9.104867035315212798e-01;-4.179030675076039074e+02
-3.126771696532759659e-01;9.316659668680947748e-01;4.391501337004175554e-01;8.331794312701817917e-01;3.141294964506659571e-01;-2.489736552806752212e-01;-3.160829611229733493e-01;3.953736811856658484e-01;-7.959889100087540470e-01;3.143386831314304852e-01;2.306816960088485580e+00
-6.870140996994973381e-01;-4.757954440049011469e-01;1.469352983866877849e-01;-5.221315700199924414e-01;-1.684667577226386825e+00;-7.587145068502332279e-02;1.909165241437106864e-01;-8.261119917145420821e-01;-1.350555964342983195e+00;-3.633060804234174157e-02;-3.265187760909308849e+02
-5.158125721557803994e-02;-1.051547558340161004e+00;2.054095582923643359e+00;4.594750589690090870e-01;1.050759712082949826e-01;-8.850286322627987090e-01;-1.505065856903704757e+00;-9.777544010420484710e-01;-7.718903751859546025e-01;-1.007962234913637900e+00;-2.342993428457801599e+02
4.829299451775867502e-01;5.425042296645155027e-01;1.110883513048331606e-01;-1.044925034622251614e+00;1.013271768604683126e-01;4.730452728380011296e-01;6.969306349627576447e-01;1.258761239760068484e+00;6.320232236170214568e-01;-2.418775467069420593e+00;1.443202073491148418e+01
7.831556560131748279e-01;3.286440258048085594e-01;-6.275400027440727335e-01;-2.053486548655888644e+00;-1.257462974957726243e-01;1.408619493445919302e+00;6.712701367053535151e-01;-5.738199139101187729e-01;-5.688769751973690170e-01;7.460239529828163185e-01;3.659927153891617024e+01
-8.076505577467648633e-01;2.354557951111143355e-01;-1.312968529947272867e+00;3.939752258644023675e-01;-1.080002608382132134e+00;1.505062038608329988e+00;1.627966180999125267e-01;-3.688365291428444159e+00;-3.915699773560392671e-01;1.495030309735837504e+00;-2.872449747356376406e+02
7.639029085756443571e-01;-3.375579100177600100e+00;8.254145978230849057e-01;-1.726213961957889564e+00;-1.041452951774818558e+00;-4.662273917171120274e-01;1.003365892729145559e+00;-4.496501938428139056e-01;-3.903944671171425407e-01;5.484632735405706727e-01;-4.011772651134045020e+01
-9.420601835742449248e-01;-1.114081358233087515e+00;1.140067846495160353e+00;-8.370901336150395888e-01;8.371544863313844509e-01;-2.141503107111887572e-01;-3.211590387057024487e-01;-6.309308337377900200e-01;-5.479958187411377857e-01;-1.585625706769592691e+00;-3.101410812278026583e+02
1.255403609459896375e+00;1.369701107654184735e+00;1.024846421582075312e-01;-4.828275908069183386e-01;-1.132784951267745033e+00;-9.005903525360616779e-01;3.503702163863382513e-01;-1.086054582118086032e+00;9.458696436841456112e-01;-8.443240371830710300e-01;-7.569794469122692249e+01
2.736601192125018844e-01;1.848663068966550194e+00;7.700501089175858516e-01;1.506147240774946550e+00;1.756737124917793214e-01;5.990897592638090297e-01;-9.684836469618955945e-01;-1.307642581093440448e+00;1.566854707213786169e+00;-1.381769188567703921e+00;4.236453780380756484e+01
7.595148874861078481e-01;9.976320769202444705e-01;-1.121243740094391761e+00;9.294099847908154910e-01;4.935602043342915968e-01;-5.982614352990369561e-02;2.908970575900058919e-01;-2.867942357382692875e-01;-2.917586322585371539e-01;-1.995531780451738513e+00;-1.852159075006923104e+02
6.421077589986134981e-01;1.027191560040413787e+00;-8.274767512618296239e-01;-1.043920980248983499e+00;-6.046751816319190231e-01;-7.800431581499519540e-01;2.240612120174282129e+00;-1.680131597774041710e-02;-1.287378593135345417e+00;-8.125845142552670097e-01;-2.311679516579553990e+02
1.709708028675518632e+00;6.378983162599248802e-01;-1.005555971183747621e+00;-3.670224186316266568e-01;9.038914006360013742e-01;4.396697222730236998e-01;-8.859349254651106564e-01;8.700602169074838077e-01;1.209893960019104320e+00;7.762935907473220709e-01;3.829155332314344378e+02
-1.736726817764439268e+00;-2.377233733471126875e-01;2.690315007288693661e+00;-5.693611920908682178e-01;-1.515114936249480682e+00;1.488866039537701524e-01;4.532740421331757918e-01;-4.731074133605223109e-01;3.384731053121114441e-01;-4.981919207014390283e-01;-1.196106747674851789e+02
7.906415838876719171e-01;9.363373808293302680e-01;2.123800860234895949e-01;8.808068534842220521e-01;1.669246942376499954e+00;3.644260771353479145e-01;-8.842760363604175167e-01;-4.709898102640032169e-01;9.393198902324554345e-01;-4.872209416682221073e-01;1.465365014367658603e+02
-1.840323991990027164e-01;2.912027551380325097e-01;-7.559507066919204377e-01;3.604416762927729057e-01;9.693693024080543008e-01;-2.217814037161355001e-01;-6.314025555665582212e-01;-3.635732949150290994e-01;-2.487822057562331324e+00;5.252636821531626171e-02;-2.897975732022717921e+02
1.807630805670685792e+00;-2.010216654566062910e+00;5.651064846555636789e-02;-1.249215953235654208e-01;1.662931447189837542e+00;6.578864864896251385e-02;-1.600744866083047835e-01;-1.323951084219562757e+00;1.641428627722314459e+00;-2.434103025679079380e-01;1.498569488014111073e+02
-5.352457039403951677e-01;4.733411833851433603e-01;-1.435246694229566078e-01;-1.415233930866472534e+00;-4.168996361193891831e-01;2.036042832840112116e+00;-1.041005218283787004e+00;-2.167920316879292653e-01;-2.132965756320779616e-01;5.834335691559652259e-01;6.359049331979221620e+01
1.494560896633095326e-01;-3.307748960230527113e-01;-1.025868105969476307e+00;6.233134961912296240e-02;8.272361076574230587e-01;2.381713531732545963e+00;1.159839966388344301e+00;-5.101608136502172597e-01;7.707502096187873741e-01;-5.059661989878553312e-01;1.516920437428301511e+02
1.799738291727098094e+00;1.968451289360290346e+00;-9.617624207732018426e-01;4.345400972542903251e-01;2.962004433548380833e-01;-8.519712450499742351e-01;7.159104161288094570e-01;-6.886499086367672273e-01;-5.493500912013304927e-01;9.117501239722649586e-01;4.688282135847626364e+01
-2.450650870432607709e-01;8.710452931452173919e-01;-1.896001894917889175e+00;-9.670858727995406134e-01;-4.178235188093811781e-01;1.437374378208569059e-01;5.919119062445883372e-01;-2.381991273136658371e+00;-1.102091955592559014e+00;-1.915309040134137442e-02;-4.486658897025931196e+02
3.207857259326838961e-01;-2.974822008738501333e-01;-8.153756283161210927e-01;-1.066234931899225025e+00;2.869558543017087238e-01;-1.270061088712032049e+00;-8.319549174944511627e-01;1.311983738573946567e+00;1.940519436058740221e-01;-6.382827265284941598e-01;-3.413707849114962301e+01
1.619031356941120050e-03;5.188711804401220373e-01;-8.682609615983323259e-01;9.781329309330738520e-02;-2.850942570420139655e-01;1.604339108308596273e+00;1.386451837100844964e-01;4.958050210275708469e-01;4.147728907887909267e-01;-1.086126299181409793e+00;5.849318044537064054e+01
-3.426875940803487675e-01;1.246085192497629057e+00;9.356783931474611515e-01;1.271555094994158752e+00;-7.778166875908752997e-01;-1.407511694717821227e+00;-1.110575845465828770e+00;-2.073390232408149458e+00;-3.714408659957914582e-01;1.752270443423622703e+00;-1.624046165025423534e+02
-8.828204835125481875e-02;-5.574917850078335846e-01;5.689830791852753533e-01;1.628396623128538057e+00;1.639116805444067460e+00;-8.036745679697308020e-01;1.677700814076440672e+00;-1.369802979579077817e+00;2.579709337654318535e+00;-5.535882417079945883e-01;8.661160717748791171e+01
-1.416626318722432609e-01;-1.073786184100453678e-01;-1.311113386804826642e-01;-5.775342640192128174e-01;-4.040953118323996618e-01;1.375596964304208525e+00;2.035531456719594789e+00;1.605677958082454504e+00;3.023229003482749144e-01;1.992094407497453368e+00;4.209550114722936200e+02
6.180684939300419289e-01;-9.395651672539582222e-01;-2.487456758706129367e+00;-4.582230292565009355e-01;-1.529748955004091471e+00;-1.008433020531145807e+00;1.537396730684289947e+00;-1.808295328499514465e+00;3.465270183130004233e-01;1.414110390606781786e+00;-1.877960483466924018e+02
8.143398145678732991e-01;1.232918586677482997e+00;-5.245367390000981178e-01;4.416250678142169539e-01;-6.326482514400192381e-01;1.051599818512121004e-01;1.724198520913992061e-01;-3.367430300478956307e-01;2.997198291719138652e+00;2.465520954973179635e-01;2.968911187063342254e+02
-1.162710439327761414e+00;1.286947286116419287e+00;-1.278735854819256446e+00;-1.225892263439945840e+00;1.423898937246851348e+00;-4.644017814099107855e-01;1.171119064737570659e+00;-1.245484796864237825e-01;-1.616437944786109360e-01;1.075250004307988227e-01;-1.999980327607660513e+02
-3.225221191070567484e-01;1.420271085267462263e+00;1.007628229015987698e-01;-1.876939314217652144e-01;-2.253481337130076867e-01;-1.130116632368948437e+00;1.377584051740372295e-01;1.870689379765998472e-01;1.118168548373974724e+00;-4.413775032946291588e-01;-2.281981781582522828e+01
-7.279498674743130060e-01;-5.886925246919920696e-01;-4.459867199522341702e-02;-7.059851654989105496e-01;-1.845423884804535675e+00;2.127297413749568378e+00;-7.550339959104985788e-01;3.957115324169532822e-01;-3.549213536992336104e-01;1.896604068573928270e+00;1.886728641703679443e+02
3.653942419251407503e-01;-2.378431659873328385e+00;-5.910184557334320354e-01;4.400599290231450023e-01;-2.049514516188325253e+00;-6.545335709983098882e-01;3.735336834117686799e-01;1.926515326480246759e-01;-3.916211544275943063e-02;1.455434483915325039e+00;4.942723390571795505e+01
1.311193246751468366e-01;-7.513454696033703417e-01;-1.954593004483275553e+00;-3.103968037559690640e-01;-6.938044179018225677e-01;2.051246943269463330e+00;-9.931433779203206746e-02;1.520091740991101226e+00;8.848425828011584615e-01;-2.724269009308715739e-01;2.519622567740188970e+02
2.151164041425769557e+00;-7.322824104302024795e-01;-2.153009438644121420e+00;2.871006374012593509e-01;-9.606131764128260642e-01;7.462783899353938599e-01;8.930559267110363963e-01;-5.532676586867606439e-01;1.806282296382598629e+00;-2.386170285106051780e-01;2.139086526492997109e+02
2.172079375284008962e-01;1.744861406623493538e+00;-2.378996040753224239e+00;6.700496718155237730e-01;4.685401615460690894e-01;-1.177226417451210372e+00;1.782905600065143981e+00;2.404837542253972948e+00;-4.647672239117277004e-01;-2.473403870251567604e-01;5.716233652076726912e+01
-1.025943339699428192e+00;2.697839293999360621e-01;-9.231191842365297218e-01;-7.242906964228319755e-02;-1.240772261030395895e-01;-1.334826817588493197e+00;1.636105110596319134e+00;1.159385932537143962e-02;2.464737821054294870e-02;8.228592227833517736e-01;-1.288450398975396070e+02
9.072346600576203235e-01;9.626135747116324470e-01;-2.952012531026961817e-01;6.145472376508678281e-01;7.132981766206321073e-01;-2.368178430368583776e-01;7.323480796505246193e-01;4.203903699723073734e-02;-3.859331265155641066e-01;7.975656226859541009e-01;1.190115815496183984e+02
-6.799666949320253284e-01;-5.493833839499502325e-01;1.126517893685703209e+00;-9.738661536932565754e-01;-4.284217300000358053e-01;-9.674940533035490675e-02;2.614045025472106487e-01;-7.395105712940526210e-01;5.033287738455666238e-01;-4.145162174676504385e-01;-1.146604256154425912e+02
-7.309562757154732804e-01;-5.353350870162231212e-01;9.806753953894455089e-02;1.295871781863014327e+00;1.848608833296411458e+00;6.855077387902041020e-01;-1.755639454992155013e-01;3.584536182096202395e-01;7.579218499236195505e-01;6.686548047579066179e-01;2.377777559645115844e+02
-1.351074458451497540e+00;-3.481073452012972136e-01;1.576849825589216936e+00;-8.379792146793184626e-01;9.511839940994224613e-03;4.105067914863814726e-01;-3.087617911933829840e-01;-2.155694613597688158e-01;-8.384482508975749093e-01;-9.114274375379638471e-01;-2.020507169808783772e+02
-4.351387479620343890e-01;-8.065198324565613364e-01;2.768373605625943146e+00;-2.515519001841363678e-01;-4.753922422145422377e-01;2.190715625376686571e-01;-8.358702556183058574e-01;1.677200509966096265e+00;-1.314878664404411923e+00;-1.095870810798717399e+00;3.155313979379985767e+01
4.775888195530048619e-01;6.632733812644778792e-01;2.174734830142245612e-01;9.078523849098701914e-01;3.158900615257829309e-02;-3.671141700723110080e-01;-3.494249506357073876e-01;2.602479874874313204e+00;-9.172616421772874507e-01;9.030581667369329546e-01;3.154563505950425224e+02
-2.837067283647317639e-01;-7.900170968152080420e-01;6.469045232565657777e-01;-6.844404020861826199e-01;2.112093992244566953e-01;1.021962776678141616e+00;-3.395301566659865711e-01;6.928152103009226348e-01;1.190474985193482160e+00;9.609321786082614114e-01;3.170901238708993901e+02
4.032996041668240328e-01;2.166890974976731499e-01;-1.933409496796227589e-01;8.967973320332351950e-01;-1.484439068193426303e+00;-3.015262957693471413e-01;1.278280947459486505e+00;2.956655514819995778e-01;-1.825657995664607958e+00;-6.084952000292773167e-02;-1.294088414886896032e+02
2.266842484945971736e-01;-1.781158414465633388e+00;-3.405987069098614928e-01;5.001430331138837504e-01;6.958638390937853524e-01;-5.530898169141322818e-01;1.173442276632444825e+00;-2.230468019124459023e+00;-5.615577463306253847e-01;-2.725447213618091835e-01;-3.029123725546409673e+02
5.115555285220048098e-01;1.075934122700799245e+00;-4.414758053129095861e-01;8.933472626081460088e-01;-8.600024751223018793e-01;-1.214871054404110251e-01;-8.213666355404633523e-02;1.457586393276572578e-01;3.654318428247090855e-01;9.867616174828227615e-01;1.606063295639539774e+02
5.310260948942100434e-01;-2.624817056374111779e+00;1.306900244643823261e-01;-1.415257533669482815e-01;2.343654052812624844e+00;1.181567716419146263e+00;8.707466445884032291e-01;2.549009708717722145e+00;1.488768039176910918e-01;9.488130964716200433e-01;5.118898012054806941e+02
-5.655763678739903488e-01;1.481960768436535902e+00;-8.561698406617500590e-01;3.556607403299352765e-02;-1.577469832314852549e-01;7.184174234716409480e-01;-6.416668201303823427e-01;-2.832180389452325642e-01;-4.713157211511179168e-01;1.665351917623530964e+00;4.026002001839410127e+01
-2.833030290142739993e+00;7.864062119958165065e-01;1.447796418457865997e+00;9.386400226789446410e-01;-1.742947530486665064e+00;7.605061195841426036e-01;-6.075687917795559168e-01;-5.595462852894689254e-01;1.359189494164025014e+00;1.568182429527326116e+00;8.569477005032800321e+01
1.225551569507715155e-01;1.530172055220521132e+00;-8.363384996646276992e-01;8.292235856371120706e-01;-6.945031613848099417e-01;1.368623422698510561e+00;2.288492080959074748e-01;1.435677103799796628e+00;-5.156340340803271527e-01;1.351957305398458375e+00;2.977354580389245484e+02
-6.338985203481077579e-02;1.103720013722596427e+00;7.597872369530771497e-01;-8.395275580176573271e-01;-3.334606931817719611e-01;1.083583103109995616e+00;1.519952005914299242e+00;-3.844891210415179450e-01;4.827901240603179600e-01;-2.135799848734805551e+00;-7.777232085332491351e+01
-6.168553331035774301e-01;1.393512078989284364e-01;1.315227300781565689e-01;-1.753796843209805834e-01;7.838234057466584304e-01;9.846557981376102830e-01;7.929616054454750040e-01;-6.333299215302363727e-01;8.467223387708435745e-01;5.690295372597589107e-01;9.962281723914621523e+01
8.786548501803790323e-01;1.237464591733538510e+00;3.899455993834367029e-01;7.488758437155774994e-02;2.165547383782058244e-01;1.994123740734439876e+00;-1.572230544078129677e+00;1.578342677497285518e+00;1.348693198645512181e+00;-3.074609000151421467e-01;4.783412970505692101e+02
7.324921027798022566e-01;2.640200813336699981e-01;-1.130203724673923826e+00;2.411676675578421136e+00;-9.600462952794637239e-01;-1.654887436228296149e+00;-1.227089335957241428e-01;1.272353500106767843e+00;2.887236628250232640e-01;9.337237427665123768e-02;1.083096246953606681e+02
-1.086166549383424107e-01;-1.833806663370995960e-02;2.997948741631638048e-01;-1.655639360170082508e+00;6.089844464924351053e-01;8.730660663320997106e-01;4.189116113727864854e-01;-1.174103003448694754e-01;-1.160708101204834530e-01;-3.033989362145268931e+00;-2.392512435426973525e+02
-6.411142602246447941e-01;2.497415126419853859e+00;3.597389751267884295e-01;-4.986338957884514089e-01;2.010646686909838693e-02;-1.318968498302510728e+00;1.796222726319234297e-01;4.600638673634094983e-02;2.824330591003046287e+00;1.345147620452414650e+00;2.389790494517043555e+02
6.871774750986484603e-01;5.207764447340067493e-01;-1.227714256868105563e-01;9.023257611303858727e-01;-1.326434827307996445e+00;-6.921940794151801302e-02;-2.705367371612666938e-01;4.438522609814357298e-03;2.742150351301673172e-01;6.232554234584727348e-01;1.164259736469532669e+02
9.389571782348513640e-01;2.863867439553901550e-01;-1.768056719174397218e+00;1.954584479818175652e-02;1.808711114824324284e-01;-1.494263529066238716e+00;-4.915444138069045565e-01;-1.885948291474882355e-01;-1.529774080109336243e+00;-6.270486146977408692e-01;-2.919259043618877740e+02
-1.713743574129239944e+00;-1.592008457118650133e+00;-7.139529121595533656e-01;5.451408795105409100e-01;-7.701191072317532527e-01;-3.637845296098711767e-01;-3.488519971912000250e-01;4.520053685824477196e-01;-4.668554103999194571e-01;1.032561720360552382e+00;-1.052072910026959391e+02
-8.497950030229446394e-01;6.893825429756252898e-01;1.446276337895437691e-01;8.731692923815881358e-01;7.752307288377536798e-01;1.709705900607330520e+00;-3.711919512615263761e-01;-1.593585747564642829e-01;8.011285839119535179e-01;-9.434698244081562990e-01;6.773170807929884063e+01
3.803366503158828182e-01;-1.604804310898062747e+00;7.055133860602463836e-01;2.559443770783464966e-01;8.645847917517710535e-01;1.310194856054300416e+00;-2.162679010514529487e+00;1.694030749120695178e-01;1.535121739812651986e+00;9.210531280479251626e-01;3.768714360095710845e+02
8.531814256502405491e-02;1.738899663797578876e+00;6.504500925361391683e-01;-1.503080301759817994e+00;5.225141052657574781e-01;-8.304444065565652622e-01;4.183982208886837251e-01;9.788580507817954413e-01;-8.082657216409263601e-01;1.401598592946429411e+00;1.038224744432608588e+02
1.661259214547869956e+00;-2.751490505063625483e-02;7.660802783846902830e-01;1.226933223884307589e+00;4.687742560750237653e-01;-6.022120603617805434e-01;-9.983854391882914792e-01;1.772251596669744078e+00;-4.570962565862718430e-01;3.017918998194659697e-01;3.238456725824972864e+02
1.378357221422549017e+00;-7.246742116823047253e-01;-1.372910679103665765e-01;-1.801026013513578605e-01;9.669070288681956560e-02;1.244375979069442389e-01;3.949676120218945791e-02;-1.428266385951505457e-01;-3.661196893753473347e-01;-6.523984604624779582e-01;6.684410180394259271e+00
3.238392663274503036e-01;-9.656496396073002142e-01;-4.573129065567042573e-01;1.556753876883868182e-01;4.918781505788881736e-01;-1.311720432910689960e+00;1.123080399340638857e+00;-1.894995763921291376e-01;-9.965284166185597314e-01;-7.906501948737219843e-02;-1.665748050097456598e+02
-4.214829971663627828e-01;-5.582302623977842826e-01;-1.825848784124418089e-01;-5.545932404325517595e-01;-7.064755007657965713e-01;5.881572644358652457e-01;3.226481077125279567e-02;6.128253216693213545e-01;1.272198554250097535e+00;-8.938332206390900980e-01;6.356733754473605558e+01
-2.504079935680075253e-01;-8.419130408340552707e-01;-9.833767229486798378e-01;-9.523983851304730353e-01;-8.233055001720529509e-02;-3.425681910400801139e-02;-1.875809092847631421e+00;-8.080534290900371897e-01;-4.983229729424129006e-01;1.520277988882833053e+00;-8.146763135248212961e+01
-1.424765653721489445e+00;-3.922400251618342271e+00;8.369911546336736841e-01;3.684975868390387710e-01;1.587400602415536932e+00;-3.020970410246056614e-01;3.999965529436064204e-01;2.837880278380801036e-01;-2.124517027130560232e-01;1.658590267986727318e-01;-6.754835782365188379e+01
3.488794708940856637e-02;-8.125457701219858109e-01;3.379555541450252609e-01;-5.922408448128145819e-01;1.259013883949590129e-01;1.368079350488601076e+00;8.511240983802379478e-01;2.105297429458312219e+00;-1.375510889568742678e+00;1.223855918542593235e+00;2.949569548940310710e+02
6.404884501770187477e-02;1.733441339384262925e+00;-2.925161935493417742e-01;6.709926520889238910e-01;6.673831031405685899e-01;4.359463238993370182e-01;-1.923031842816272097e-01;2.341941514982053552e-01;-9.067289653500940627e-01;5.446125041840370606e-01;6.412986863681267380e+01
1.780638599477708084e+00;-6.298862375727151131e-01;1.553354699055894406e+00;3.979945411601615995e-02;2.531836956992989385e-01;-5.753373680430791115e-01;-1.429266879671145185e+00;3.479160781208833764e-01;1.829562596321239187e+00;8.246686246914297636e-01;4.300854942683558875e+02
-7.283292684217407276e-01;-3.834179419689318080e-01;-6.567103997764666135e-01;-1.355541861164126338e+00;8.500363951895698600e-01;-9.204887877395782070e-01;2.078532381376460847e-01;-3.276334373099607511e-01;7.681941281058478621e-01;-4.504447845515358734e-02;-1.442252441979269122e+02
-1.340171666729176869e-01;1.196631486645651110e+00;-8.874921778021001018e-01;-4.374583003234104317e-01;6.482804338438590275e-01;-7.848983130822400067e-01;-1.209481486077815665e-01;-6.097829043193822018e-01;1.468819472919709324e-02;4.195324439070277633e-01;-1.238389543857715012e+02
-4.338475233525722063e-01;-7.928587453370404547e-03;-3.149604124547448758e-01;-3.539513876737683251e-01;1.216528232549537014e+00;-8.039203442394211585e-01;-8.337472407191157675e-01;7.670502184927098233e-01;1.956405283123157646e-01;-3.249794442613262446e-01;-2.017533003410001058e+01
8.567374214704583935e-01;8.701648039238654708e-02;5.559414516458421884e-01;-1.904944454010638832e+00;-4.257556046515905135e-01;3.945799854842193533e-01;4.504957237780347068e-01;-1.036143571975196798e+00;3.980482165092624758e-01;-2.617582902210945361e-01;-2.082948371213758065e+01
2.618514918579843698e-02;-1.931552248495790047e-01;-2.291292806884065225e+00;-1.108497090796783269e+00;-7.084881015290911410e-01;6.389568142127453054e-01;-4.350526002358596767e-01;-1.978384916573084240e+00;7.128726054946168955e-02;-1.478002255304184276e+00;-3.907140399851318193e+02
5.259441806248000839e-01;8.269460609427996545e-01;9.276455318033000053e-01;-6.304451907931798438e-01;2.041538719960271364e-01;-1.579345162070260322e+00;-1.827184618143275208e-01;1.226104585334068409e+00;9.283886791361710689e-01;1.677684090899809410e+00;3.015824094752954352e+02
-8.385806594815022885e-01;1.635007165731418910e+00;1.168722794231236595e+00;-2.453074861878023483e-01;7.532134464161569509e-01;-3.873817450147148400e-01;1.826647079311937816e+00;4.410358348507628645e-01;-1.309987511731767640e+00;4.174470344107998332e-01;-5.369125920412228226e+01
-5.144258182617431618e-01;8.816964269577421964e-01;-8.229486258623572859e-01;-1.463503103304406139e+00;9.865140038042008452e-01;-1.321233737663691565e+00;1.203731289555607653e-01;5.662707080586882880e-01;-1.042174807098444456e+00;2.149845363327515801e-01;-1.866219053446195346e+02
-2.359800988669462085e-01;-7.875514406287065228e-01;-7.883092647749634363e-01;-8.701631577799021633e-01;3.860246187085598080e-01;-2.550026291516346522e+00;5.436541282806067743e-01;-4.699578731731514636e-01;-4.899440209739625018e-01;1.601898791589981386e+00;-1.806143080575092483e+02
-6.312411362407005511e-01;7.094109805866050111e-01;7.298193622676306669e-01;1.391920887679918950e+00;-8.098900990894081220e-01;3.857108405314524369e-01;1.419035611367263972e+00;-1.405534855024316854e-01;5.994506863217039516e-01;2.933520363229833450e-01;1.086309588402245083e+02
-8.038031800970857343e-01;-1.258296385250905480e+00;-9.750213849385142018e-01;7.577547802081833206e-01;-1.226915676295240676e+00;1.306280475728202939e+00;1.712307728366922577e+00;-2.176154227176671230e-01;5.859917689787818018e-01;-1.285510343851297421e-01;2.547264304182292705e+01
8.675794775062721786e-01;-1.336269636551354001e+00;-7.821867440020988660e-01;1.563251439554436129e-01;-2.093697450130100446e+00;3.921281254876826106e-01;1.535333716638513479e+00;1.625977960006398604e+00;1.430172743618779441e+00;-8.635683597098926523e-01;2.450683549617426138e+02
-5.865312695639355312e-01;6.102161695892225346e-01;4.254899332402302670e-01;1.197246923645227890e+00;-2.049941278577477988e+00;7.146097906366180030e-01;1.159074064955897709e+00;1.569729609684342164e-01;2.242164042907930088e-01;-3.362547386810719741e-01;1.004065665584122158e+01
-4.244852901175601156e-02;1.056030371565713777e+00;-3.496987453587504513e-01;2.567231520761202937e-02;8.869526074731716170e-01;5.452584830261194559e-01;2.111247768446667394e-01;-5.227812165661710475e-01;5.068113976630491679e-01;-4.182489152798312126e-01;7.359876254506760418e+00
3.602260370774287290e-01;2.002427467644797066e+00;-2.850030109317182259e+00;5.445824007936280742e-01;-8.550954744092048587e-01;-1.000629372483240687e+00;-1.206022371408118854e+00;-3.075714171157992172e-01;5.413212940082783309e-01;-8.859707338977769187e-01;-2.202459461701825489e+02
-7.411626686348292692e-01;-1.246561966159426493e+00;-1.742082457705963927e+00;-4.552205808827053946e-01;9.165676137777012400e-01;1.580339770822969392e+00;1.057427287114136139e+00;-1.631067625194978943e+00;8.077395559841510364e-01;-8.081557316355766907e-02;-1.114533496661374130e+02
9.792597442869628299e-01;-2.391078565283959456e+00;-2.006852183753297658e-01;-4.046958568633263198e-01;-1.346785662115434601e+00;2.075422948887419017e-01;1.847866995702102999e+00;-1.019801333694593692e+00;-2.496555382189193373e-01;1.190529643717676667e+00;3.784734043378769996e+01
6.621687539474996331e-01;1.433625019820946367e+00;4.957655730155103302e-01;6.443884535381821932e-01;1.301102063024092814e+00;1.194214483013991801e+00;-1.998344967144626061e+00;1.914507159573525796e-01;-1.498635497149211959e+00;-7.053167239158482094e-01;3.007706716985030937e+01
6.232358966388173993e-01;4.213602543067085371e-01;3.369032639766160186e-01;4.522743776485788070e-01;-1.129064421832301823e+00;-1.728133518934063251e-01;-6.660102702197370772e-02;-1.015292374249815888e+00;1.637121790001705657e+00;-2.224384108608868704e+00;-9.159145758663528625e+01
-2.510222141040412858e+00;1.142054592352246711e+00;-8.562881236602803980e-01;-1.166917801371443186e+00;7.240750507443041162e-01;1.718385038552807526e-02;2.010903035413433848e+00;-5.275973425790508875e-01;-3.865176882732510033e-02;-3.800536506003067694e-01;-3.434067317454828867e+02
7.147456498889450671e-01;7.851850823103762034e-01;1.346571662610296150e+00;1.443670319166238336e+00;7.769316923548287290e-01;7.074577108643810286e-01;1.607915061119157496e+00;-1.777680962370201234e+00;-2.337240578517254530e-01;1.353453647621203126e+00;1.466545633215210103e+02
-4.258179983665512647e-01;2.959332403460952499e-01;4.455216557115131149e-02;-1.366114080933684916e+00;1.271899545423943456e+00;4.713912627649907705e-01;2.779824402189222665e-01;1.354288347199570086e-01;-1.657143585132304642e+00;-8.474738905650646137e-01;-1.985792843315279015e+02
-3.294411047248346769e-01;1.002809751955140438e+00;6.957457924726427878e-01;1.914420473446089566e-01;1.883811031184802198e+00;3.582345940144527896e-01;-4.769758599540591115e-01;1.685870152221523144e+00;-1.364033164839314027e+00;6.868469770637194438e-01;1.874317577285176810e+02
-1.967069703587152274e+00;1.200531658473872554e+00;-1.951101864038624845e+00;1.435879365051601908e-01;3.099989831655550754e-01;-1.858457521927472933e-01;-5.658848889989583769e-02;1.403598698480469642e-01;-1.117186461707002421e+00;1.218970789793663245e+00;-2.034190412144405968e+02
7.920292868964361188e-02;-2.941231803761695796e-01;-1.839637872562303045e+00;-1.264888844102708410e+00;-1.446857607423431835e-01;1.045422455492162062e-01;1.672041773042320711e+00;-1.087837547713619735e+00;-9.511080467424646301e-01;4.972179804531937086e-01;-2.261698766273505044e+02
4.096361186839936885e-01;-6.083507646793375745e-01;7.228268949855121139e-01;1.117991582033882603e-01;-3.789308171683087451e-02;8.127842205619875693e-02;2.388371992870438554e+00;5.925303073177613511e-01;3.569727592669261207e-01;1.184256645196172908e+00;2.712844634408750721e+02
-7.044985480554699468e-03;-4.519493719118776731e-01;1.398872328391273789e-01;9.961182149111289519e-01;-7.284616216803427857e-01;-3.718578822786655635e-01;3.195246707829554333e-01;-7.893385057196743437e-01;-2.156095785680223753e-01;1.653617268492284964e+00;2.861030176403923520e+01
-3.207463714788462150e-01;6.126263773371125598e-01;-1.945846630396678156e-01;3.387054943524423628e-02;1.126238188436383680e+00;1.156803948913472713e+00;-2.403984756884111340e-01;-8.288698387486535812e-02;1.668160595182774653e-01;7.678436946681114206e-01;1.519298824001433843e+02
7.534194635024307196e-01;-7.459421264756013192e-01;-1.792510253569117862e-01;-1.100054987010514740e-01;-6.116337366945591159e-01;-8.563485182812039520e-01;1.118632334154211705e+00;-6.615414425152918998e-01;-6.145387836910949364e-01;1.304337437695213264e-02;-1.409364386859914759e+02
-1.690671627606451954e+00;2.790838583451851762e-01;-2.090302898853156677e+00;-1.702582467959055101e-01;-3.056106141538033616e-01;2.755217743719901691e+00;7.309589763762160963e-01;2.915636766819727499e-01;-9.784995458666063683e-01;-6.506598273683836808e-01;-1.337120012247080467e+02
-1.371901142931356343e+00;-1.729460599234229901e-01;-6.056155397368641058e-01;1.826009713546936197e+00;-2.093236771518661166e-01;1.471170327493608543e+00;-6.690727386599165660e-01;1.711708480142343447e+00;-1.613561397876741133e+00;1.039904687396076444e+00;1.222960135503995645e+02
-6.248185776956788340e-01;-1.840874231331645294e+00;-6.115178029919482450e-01;-1.406661096848222270e+00;-7.257438131534655890e-01;5.176590204691230435e-01;1.867667644770783231e-01;-1.279576966735701538e+00;2.609105021083378551e-02;-7.553829323533225448e-01;-2.850049751659855133e+02
-2.592218130040925272e-01;1.235292018410930198e-01;4.575419340047812145e-01;4.337476093485352902e-01;1.201985587460550758e-01;-8.282937603483989664e-01;4.508123363317997900e-01;-2.167317891564616572e-01;1.243847669077142032e-01;2.096860635744881296e-01;-3.452608904459804506e+01
-5.737555504043760912e-01;5.130429233658149180e-01;1.590941358554105234e+00;-6.603312628001164475e-01;-1.216962576843519717e+00;1.180494666897743683e-01;-2.531485000429449239e-01;7.769218547601915992e-01;1.987534161023367441e+00;-1.203566896228832617e+00;1.391306444320169362e+02
4.365598041576678190e-01;-1.072139011985606905e+00;2.079370767540789436e-02;-7.280029412291344482e-01;-1.009730704709937532e+00;-2.362932435541838405e+00;6.191542610051977702e-01;-2.921350483494607353e+00;9.039348410861952621e-01;2.057495469711698721e+00;-2.090101823983649751e+02
-9.656679138472309409e-01;-1.537026001127929087e+00;1.526215958796278693e+00;7.675090818172974894e-01;-2.886581606792300025e-01;2.582027347011369156e-01;-2.900304014661926333e-01;2.184230601754901802e+00;-1.618647653577306722e-01;4.218272861608771129e-01;2.635310254308245135e+02
-1.738738203145863415e-01;2.128243986699687174e-01;3.377382919082645873e+00;6.765074764399749974e-01;-1.349605255711928020e+00;-7.051105201659605415e-01;1.999548620641927038e-02;-1.035228990773668853e-02;1.338592138295606748e+00;-3.998267342865264862e-01;1.522357205950412720e+02
1.685064345333183944e+00;-2.989839973718410038e-01;-1.768263509501486030e+00;5.844887886474617877e-01;2.501477160353562379e-01;1.091027909191476963e+00;9.239826791201500855e-01;1.414840136459259989e+00;-2.019926173942275138e+00;-5.504882602676295367e-01;7.523603432838838501e+01
-1.337674186087684181e+00;1.106457152294644253e+00;-9.857330334274744255e-01;-7.737805788906577664e-01;7.166855388024412354e-02;5.692893232700638739e-01;-2.423754581051113521e-01;-2.458483174439833607e-01;6.121716186185840458e-01;9.622105785810979306e-01;-3.583797659736716668e+01
-1.431729696524741469e+00;-1.194158656091316661e+00;8.513421221731372057e-01;-3.172283882214755324e-01;9.813740396404322178e-03;-1.653959559616314356e+00;1.143304274330013692e+00;-3.190080304728533100e-01;2.824167009402729356e+00;1.036385908587025284e+00;9.615001433504529871e+01
-5.899153962499330550e-01;-1.505832405330620460e+00;-3.997705114430574747e-01;1.571457837025345139e-01;-1.025723394974607405e+00;-8.093466847948802556e-01;-2.064865277683641587e+00;-4.991023304116201653e-02;3.310389028172134873e-01;1.221804684976701472e+00;-3.255444446779866752e+01
2.935579321666292874e-01;7.942646796218271188e-01;-7.345915767980492062e-01;-8.102524370143809884e-01;-3.564148229748356766e-02;4.664299824335263467e-01;-1.615131815905509471e+00;-1.254289423169249407e+00;-1.356581804623405052e+00;1.164739354457171361e+00;-1.340195228834339503e+02
1.000486277777451610e-01;-3.563856093166873490e-02;-8.194248239183135607e-02;1.937384241179384459e+00;-5.111977985613846975e-01;-1.199995580093643044e+00;4.427533213091044972e-01;-6.442029983199387688e-01;-2.027200294366703626e-01;4.191804023862553963e-02;-1.124482734132164836e+02
-5.118684010935176110e-01;-2.880307394392210285e-01;2.664614492001434520e+00;1.874424446933243837e+00;-6.552911548895132277e-02;1.414743819359812749e+00;-5.685393048890007295e-01;1.383057398581605035e+00;1.546108560431409762e+00;-2.873588741496345134e-01;4.587671175971349271e+02
6.879020828923981812e-01;-1.116940884102363807e+00;-7.554608013928818533e-01;2.233115917132176609e+00;1.210166095365318828e+00;9.177721505515002987e-01;-6.449284603222978918e-01;-1.047774946139099050e+00;-3.471614824184497961e-01;7.932624959550306221e-01;9.032881937685985463e+01
3.904842938743350866e-01;-2.103277728654908141e-01;-1.699429519607518202e+00;-1.807262309565734082e+00;1.281269645401342583e+00;-8.166130298209866023e-01;1.135214964779417135e-01;-9.672547379810659818e-01;1.075120748981756469e+00;2.410789764058132723e-01;-1.018318859249775983e+02
5.308015836727295600e-01;6.054045047627466536e-01;3.796996774171124689e-01;-3.114671948992015493e-01;-2.976648833640174741e-02;1.155967386799079955e-01;3.215845403727561336e-01;4.726397629900116470e-01;-1.073190274067049366e+00;1.165080524758708297e-01;2.832781600876174366e+01
-6.717829004935525761e-02;-9.161919154812424582e-01;4.996851103029338326e-01;4.720022709192743804e-01;1.487246155335927300e+00;6.820520657126198927e-01;-5.800532413700429935e-01;-8.318222082304447262e-01;-7.157599891107517820e-01;2.394045005353770683e-01;-1.680111386419196862e+01
-2.595913513636047831e-01;-3.357846992901282190e-01;-2.309345302086779628e-01;6.962063648134183547e-01;-2.727235697476704801e-01;-2.457430640859443183e-01;-2.696886642941571655e+00;1.669021525289392960e+00;-1.503142953118106195e+00;-5.429486651781220696e-02;-7.247058537334721606e+00
5.506793226250374929e-01;5.415829319994118762e-01;7.171699746132895736e-01;-5.643604246840333571e-01;2.991956221800896043e-01;-7.258875838319940321e-01;-1.833168420233039220e-01;1.762127056386230128e-01;8.681754795558938032e-01;-1.093768400225508586e+00;2.364100814295749586e+01
-2.694068344445577634e-01;-1.183258512665775086e+00;-1.703382439355154654e+00;-5.554769889661877874e-02;7.409478041977518581e-02;1.502357052096028101e+00;1.628615545571291845e+00;-2.039232177760100573e+00;7.175422557959623138e-01;-1.380101458214891386e+00;-2.605668007419985770e+02
1.511283124110742282e+00;2.719405909405403499e-01;-9.259939526839296164e-02;-1.868974075826876691e+00;8.223422986875515983e-01;1.021458104015376511e+00;6.983991213294011846e-01;-5.191835877606092164e-02;-1.312660560799278286e+00;1.116979427640128586e+00;1.280548595605845890e+02
7.004970631581634022e-01;1.868032924959109886e+00;-6.380301656523744702e-01;2.823526639796525295e-01;2.750934769437541338e-01;5.030892533366624342e-01;-5.650612465920803323e-02;-3.912509295078522159e-03;-7.546043823932728767e-01;-5.017577611697202622e-01;-1.016740612748430728e+01
3.699792138807469488e-01;1.210323849941553176e+00;-1.348034251545029427e+00;9.922962338107292612e-02;-2.361545678572264939e-01;-6.592990368504504373e-01;-8.039383767271636172e-01;-3.737208704904336209e-01;-8.040129979542465222e-01;7.978518254783003583e-01;-9.897539547176860708e+01
-2.006392988254318277e-01;2.186593067572977223e-01;-9.179761046107359768e-01;1.731169631767299544e+00;-1.955048770318282836e+00;1.040430892644838901e+00;-3.689394390314622019e-01;-4.463205152343449056e-01;3.675104105406021837e-01;2.138087939410633909e-01;5.113847778071206562e+01
4.176814050172476533e-01;4.574007427917442525e-01;-3.361500027177518057e-01;-1.194231607358424152e-01;4.001260236595398194e-03;-6.594268872163144835e-01;-7.143865597040199855e-01;1.389756523632838803e-01;9.336519293159468991e-02;-7.803766047308503540e-01;-7.709446974559779164e+01
2.561706056942781307e-01;-5.387608373460957001e-01;-3.471864951122624610e-01;7.708022199879711600e-01;-4.979618468178420021e-01;-7.717408145967823430e-01;-5.125341106465500784e-01;-2.549469704035893236e-01;1.193311005927125912e+00;-8.015275901045415541e-01;-3.648034844156185841e+01
-1.803916817624078295e-01;-1.900390350014944663e-01;-4.292444202986618329e-01;5.885532697707197558e-01;1.533433701296325502e+00;-2.211861911329506825e+00;-1.423957152450145092e+00;-3.574454228104271825e-01;1.372848474676530151e+00;-2.666523292344147866e-01;-8.537243986136917329e+01
-1.008013223170677986e+00;-1.839886601029642188e-01;3.284118201287884009e+00;7.833042370887135508e-01;9.389088320395577725e-01;5.106761378588073885e-01;-6.215940451706841730e-01;5.055388769032080898e-01;-7.691623186421506775e-01;-1.333217053950995989e+00;-4.976123129911037779e+00
3.312227598598763145e-01;1.330343507489718746e+00;-2.552061344396245879e-01;1.511673414185431108e+00;2.099752547995989094e+00;-2.133184427628143975e+00;-5.754902130961213613e-01;1.887858987958638712e+00;5.068025945524742282e-01;-9.334711584250413585e-01;8.583254876267621114e+01
-9.062181261926945952e-01;7.921373991454693231e-01;-1.544599726905623305e+00;1.152250651872748444e+00;7.842847532637517993e-01;-1.698450568400250882e+00;-1.265212035998196649e+00;2.522130033628633972e-01;1.306554067734500668e+00;1.885788516485527033e+00;9.695785859306369048e+01
-1.726291342908346793e-01;-9.727645167600008635e-01;-2.921640585398524448e-02;7.751151215890860202e-01;-1.450927891111224222e+00;-6.357353918612146382e-02;7.557637267003781967e-02;4.066220342226740669e-01;6.386771398803009481e-01;1.048864141875362144e+00;1.480645341611281367e+02
-2.953823485400624449e+00;6.121568069555516356e-01;2.735960159383488577e+00;5.687696953394486554e-01;3.490122686280793252e-01;-8.665705544254965753e-01;3.285723713681842018e+00;-8.988738108773296487e-01;-5.231043068844963839e-01;6.951660176182558049e-01;-2.256761575517812730e+02
2.471933772431857523e+00;1.783114519992506031e+00;1.409434424050909795e+00;1.921885221727032828e-02;8.658725885843433501e-01;-2.145209503359088998e-01;-3.537907311423138523e-01;7.440667192614730530e-02;-3.134115266972246905e-02;8.533977579489383791e-02;2.919496304880510706e+02
2.700844113477640640e-01;3.186114650683144283e-04;-1.120198801441179448e+00;-7.333913709141179904e-01;-1.533392088918730467e+00;-7.031564622558137412e-01;7.032182548567439406e-01;-5.572813096145534661e-01;1.088092463208589100e+00;3.243659742438004812e-01;-5.977575837475876597e+01
-6.684330306487700213e-01;5.107630446507833988e-02;1.099415601792937069e+00;1.881621289357770843e+00;8.610979890066731146e-01;1.018624510033810937e+00;-6.231803153080639479e-01;-8.532181181418795335e-01;4.479084251025756913e+00;1.569584066281078938e+00;5.686538001131710871e+02
-1.200643732321095225e+00;-1.304148268171116953e-01;-7.127778848275939660e-01;6.547966636634446232e-03;2.432215732522258478e-01;8.178664249496361283e-01;9.019983782100929881e-01;-2.468233304765572456e-01;-2.081341388642711454e+00;-4.372359421583744132e-01;-2.913974119219993213e+02
1.370536143996713419e+00;-1.050140739602145601e+00;7.793490039053323493e-01;-3.901951937754411653e-02;-9.878733409007491861e-01;2.837510236615011228e-01;-8.468509661253645904e-01;7.574951493374855183e-01;6.952029000839993200e-01;1.249618905296666638e+00;3.898295111277375327e+02
-1.288351419204041504e+00;3.285631151875155198e-01;-9.346089125902312666e-01;1.196150221526126378e+00;1.085671909183637984e+00;-9.350828364275469706e-01;-1.475381881001518181e-01;-2.259815453440622846e-01;-1.070508134635419939e+00;-5.218655165517466221e-01;-3.179365768597763804e+02
5.673304769866295283e-01;-7.465633522699111069e-01;1.638714017364557296e-01;3.296335328077915072e-01;9.764977027728892756e-01;-1.271560294567304350e-01;-2.038446524882172817e+00;4.182150782661970823e-01;9.944144200902383934e-01;-1.056308130475753115e+00;9.654512625018335825e+01
1.982173277208201245e-01;-1.419433196545009768e+00;7.032538280959472754e-01;-1.773775132202518590e+00;-3.017330539586357552e-01;1.485479035926388913e-01;9.330666057209853204e-01;-8.574424295472166113e-01;3.252594982295818893e-01;6.354190456093739003e-02;-5.413762982720948713e+01
2.867741123825862104e-01;-1.197966429217261597e+00;1.925969187313051334e-01;2.392109635273992563e+00;1.635797806135814936e+00;5.648423586001225516e-01;-2.210424635370505653e-01;8.870797764462869939e-01;-1.472052786855972684e-01;6.936980265806942658e-02;2.243702204833426208e+02
-5.246687805653642567e-01;7.903490086922888569e-01;6.420450918935611817e-01;5.053933762204632085e-01;-4.177551249208164008e-01;-1.506082910402068320e+00;-1.771056802337182212e+00;1.695976763949350041e-01;7.611923727015086349e-01;-7.036563773150829038e-01;-1.000847551285570205e+02
1.514030479517326222e-01;-7.404901063321585042e-01;-3.397590076475238141e-01;2.316074741680918259e-01;7.070323596107849218e-01;-7.825985974185890592e-01;2.084712921231016036e+00;8.648244384910113158e-01;2.984518139814397730e-01;-1.007911695428206134e+00;-1.525168058999847531e+01
-2.389480468664097468e-01;2.704568257798388164e-01;9.933230542922587281e-02;7.513871233717890341e-01;7.553912258257560186e-01;-5.767713305683327407e-01;5.009171876243807553e-01;-5.023810944913695287e-02;-9.075636620415978850e-01;-9.775552447985510485e-01;-1.755234761483063153e+02
2.850347420993615266e-01;9.454973046593947439e-01;1.172967699164265909e+00;-5.237592910266833934e-01;-6.078099800296576927e-01;8.987267740136439809e-01;-1.356012399008828251e-01;-7.939638138549375002e-02;-3.063954270865195673e-01;7.859928127031317047e-01;1.351492345011112945e+02
4.543314331522286809e-01;3.727941585292058879e-01;-5.850631713965994685e-01;1.173842020366702599e+00;-2.281513492882343286e-01;3.600164652382252806e-01;2.824497640556004607e-01;1.676813334492398000e-01;-1.018842469374651838e+00;-7.243851651221697718e-01;-7.996536252499080888e+01
-3.635200227540102080e+00;-8.397974073487008972e-01;7.168795348194515471e-01;-1.892084925584925470e+00;-7.673474859381644864e-01;5.505569328262318596e-01;-1.124655688332993897e+00;-5.111052123287851412e-01;2.092098571617908576e+00;-4.956487528793405151e-01;-1.935990794981902923e+02
-1.796303727255153249e-01;-8.324766217233887655e-01;1.211427503632430458e+00;-5.054472096535271852e-01;-8.501977458146557920e-01;-1.577228370919500744e+00;-1.638245659094533568e+00;9.535027433277855347e-02;7.791306255883522214e-01;-2.595967218092700146e-01;-4.427301067114645861e+01
3.798334550370853768e-01;-1.193711854244277504e+00;-9.354354054587067369e-01;-1.875988212768397445e-01;-6.059629839475100255e-01;1.688311811452881894e+00;-1.261415498773181820e-01;9.957835101574903369e-01;5.673056252922602516e-01;3.266709215421677581e-01;2.632187641129481221e+02
3.733485597113981869e-01;-3.600392687569827221e-01;-1.421465369405461032e-01;3.386873179216899898e-01;-1.257868155908887786e+00;1.192735165416414445e+00;7.313802525749923955e-01;-7.280770978553211537e-01;3.123782104665717152e-01;5.904220612514634592e-01;1.150907143156961041e+02
9.259751007146167501e-01;3.390272368233750860e-02;-7.712002995492905910e-01;-1.773969616112129444e+00;6.558921377875825964e-01;-1.775959947587389676e-01;9.639069340758624760e-01;-1.190407735674490208e+00;-9.107586035302722705e-02;-2.009875176965164600e-02;-1.286233974888320972e+02
-1.166822769534066273e+00;-1.730222126145485539e+00;1.293753155865960291e+00;-1.569099024693224598e+00;-7.978221214427796415e-01;-2.915151414794514215e-03;2.625305580268911587e+00;-7.767739091870603518e-01;-2.015008439507090632e+00;-1.687719394379095517e-01;-3.481966226673359870e+02
1.170410355812631503e-01;1.253909718067383050e-01;8.265839651372481889e-01;1.374797970054779661e+00;8.004126921526018290e-02;-1.243358737609354003e+00;1.322404324811730092e+00;-6.081535516204094050e-01;2.438269266167646943e-01;-1.799356681216473408e+00;-2.126043922820089449e+02
2.265427509309960452e-01;-8.138136419289293544e-01;-2.410632224657809075e-01;-4.340333543235999625e-01;-5.750296879491637037e-02;1.262577406964150217e+00;-4.754847411894428388e-01;1.804681418312064634e-01;1.297916505660762221e+00;-6.638331028256903021e-01;1.577624555020512958e+02
2.163054112483163149e-01;8.601507958725463920e-01;1.194148148013126631e+00;1.527308224194597885e+00;9.007911740283019997e-01;7.462775936104096841e-01;6.940326109679394451e-01;-6.586320809550304523e-01;1.165656568153358719e-01;-2.106006201383133547e+00;-6.905809516713883056e+01
1.159381043300522052e+00;2.093197932209944767e+00;1.509131013404550581e+00;6.056062326313129685e-01;2.032359545860310257e-01;-7.790927393767005382e-01;-4.576332493376152333e-01;-1.511883419563213593e+00;9.731015610150719475e-01;1.856885804187389244e-01;8.222437038734477710e+01
1.234456978764691071e+00;-7.175586392000529168e-01;2.527010418328605290e+00;-3.588263709435495219e-01;6.483727777097899603e-01;-7.734149266150158741e-01;-3.869848388781598203e-01;-4.481796376791330472e-03;4.278378605360439457e-01;8.904080051868412671e-01;2.408327845449621520e+02
-5.744867054162756670e-01;1.410692320420894763e+00;3.277363755578142912e-02;2.122265083425840457e-02;-1.873303098213008611e-01;5.095135639296859420e-01;1.391457966955942149e+00;-3.097108118065725613e-01;8.717025855988134175e-01;-2.122443098399305617e-01;4.155594120571011274e+01
1.991370418416904542e+00;-9.984408528767182434e-01;4.349410383678986580e-01;-3.939866812431204179e-01;-5.691481986725338560e-01;1.590403568573638626e+00;-7.971135662249807519e-01;1.623256690528053880e+00;3.929135105482163270e-01;4.092474872892284954e-02;4.505699374152236487e+02
-1.828758844100393521e-03;-3.241513825329120468e+00;6.823387820596591435e-01;9.465770035733865884e-01;-1.326262161949157026e+00;5.389734703320638032e-02;5.574085568511856215e-01;2.971600238082215961e-01;1.399820963213537217e-01;6.322163140318503016e-01;1.113640417750971636e+02
9.993809463927898484e-01;-1.144254816264620223e+00;1.128545777531186456e+00;1.108805028928373515e-01;-1.489803065365174151e+00;-1.208192458358039012e+00;4.871667939380729118e-02;-6.787041321116114023e-01;-1.241283748177041679e-01;1.141896536968009856e+00;3.622687616533819721e+01
-3.692438916157570472e-01;2.961845539884635503e-01;-9.776468371548056036e-01;1.028877441678944127e+00;-4.084995181562064426e-01;3.585544598898209312e-01;-7.940837066054469151e-01;1.602592866416655271e-01;1.590835333926971407e+00;-7.347305456421787673e-02;1.255464119976700488e+02
2.385661261420760071e-01;2.819488738090511482e-01;-1.530837330096554427e-01;4.173293016604396333e-01;-1.968075432826937171e-02;-8.979419856402304223e-01;-3.730586676639155441e-01;1.579806957401549861e+00;2.166959267246965748e+00;-1.085141543162332800e+00;2.089810188450400688e+02
1.965211697014701275e-01;6.427227598675439024e-01;-4.015795064434340977e-02;-1.430775102118048148e+00;1.440117215449472798e+00;-8.973569428722671937e-02;-6.763923020592697011e-01;1.329152530132431398e+00;7.090037575885123067e-01;1.800940432910815625e+00;3.623716722395056422e+02
9.198715159544301745e-01;1.134560400565523819e-01;1.448820108337715462e+00;-3.150819279089234204e-01;-6.161434580489434376e-01;-5.942108723816665883e-01;-1.040198710955473116e+00;1.858376289027530437e-01;1.018923240089898430e+00;6.988156702804763087e-01;2.507275997932534892e+02
-8.708472614314992366e-02;1.199299572921585622e+00;8.293237725828623841e-01;-6.316515245136439249e-01;-3.278064598765229043e-01;5.207561203587112164e-01;-1.426018117120452011e+00;-3.227689410261781050e-02;1.879874549421008068e+00;3.938732181647432440e-01;2.416561185701110617e+02
4.783003922546893438e-01;6.432354185525599455e-01;-2.385008797970978645e+00;-1.811095624045095387e-01;-1.194544012563350938e-01;3.836443849696412611e-01;-6.353065343682036126e-01;3.898651580657172544e-01;3.360170735355592214e-02;-9.634990605160514976e-01;-8.657064143152075530e+01
9.262758794892354819e-02;1.017883337073274969e-01;-5.892537307950677095e-01;-1.253401718295018563e+00;-1.458213113818750406e+00;1.234291817036487493e-01;1.630129964874410309e+00;3.063475339320226309e-01;1.242862562858314535e+00;3.703402673288457292e-01;1.243012642197733868e+02
-1.746479456816279197e-01;6.082671663441893140e-01;1.495458245242957007e+00;-2.846255042536788848e-01;8.495845310466172418e-01;-1.896934934524075189e-01;-2.218569965951099565e+00;1.345935007838315212e+00;1.360168130828012911e+00;2.418777779313463494e+00;4.880105995108859247e+02
2.625028908518338144e-01;-5.434204297765169445e-01;7.570320650539774654e-01;-2.526248688026367928e-01;1.121188142569904622e+00;-4.707550991247819727e-01;1.600097846820478287e+00;1.263855939096388381e+00;-7.841638583598328216e-01;1.528331563486245548e+00;2.207532093143365728e+02
2.647884213557087474e+00;6.362358284303241129e-01;3.986420749158606225e-02;7.834681062089171588e-01;-5.613567375239471025e-01;-4.652454291690810706e-01;-3.927589524168091373e-01;3.473634035161247136e-01;4.539358884037745789e-01;-1.501836924629837977e+00;1.425366129775342188e+02
3.416602319526263476e-01;7.290636450023644244e-01;-1.385122446072247493e-01;-4.238900423223525560e-01;-1.121530147425027435e+00;-1.216580804135709570e+00;7.093525144553172179e-01;3.511654676270840603e-01;-2.713149780682974632e-01;1.945825551888311772e-02;-7.844681794131531660e+01
5.790615726946706232e-01;-1.925262212587485422e+00;-3.475002997059104537e-01;-8.422957167700686476e-01;-6.650318903039251772e-01;1.302928421945811044e+00;-1.431114142771255038e+00;7.271224814854929663e-01;4.670909439935745922e-01;-7.002977680804456373e-02;1.739224956582816901e+02
-1.789012390501441230e+00;-1.181201173148880068e+00;1.474482007378255632e+00;4.086107475639172426e-01;-3.270734308637864851e-01;1.271030099431140536e+00;-2.979493648132229833e-01;-6.226138999593189283e-01;1.007117823412372992e+00;4.532219022828972710e-01;7.682480582228441790e+01
-5.300107587799659514e-01;-1.797143667629104602e+00;8.259522089259457855e-01;7.430096940500769964e-01;6.250767970040728150e-01;2.557842523263653134e-01;1.961104291291466906e+00;1.747059144553514187e+00;-4.027572899064172929e-01;-1.660068149405696358e+00;2.810139405987622396e+01
1.462352790223609700e-01;3.301587693485963371e-02;-5.210889621309162667e-01;6.135361291851882948e-01;1.094166835615131061e+00;6.682481239413528007e-01;1.820034812767439503e+00;-1.671360841628359850e-01;5.912895892934728614e-01;-2.136237244147697403e-02;1.021868298146119685e+02
1.968757309433958769e+00;-3.670226147216417711e-01;1.373413245651045611e-01;1.189642645485235795e+00;5.709409939421983271e-01;-7.606006644251390725e-01;1.183500656551772362e-01;-3.904091864216333030e-01;9.397354817471041954e-01;3.915511752600938089e-01;2.148500547558569451e+02
-1.578375098402599597e-01;1.416411791700292522e+00;9.671781224389495168e-01;4.939773822056447994e-01;1.396536895653508192e-01;-6.003856928711057694e-01;7.333674477813667547e-02;7.732399866657592158e-01;3.082920636388210012e-01;9.687698956813532991e-01;1.855450819275179981e+02
1.920367502144261218e+00;2.124771403016961546e+00;1.239584006441561526e+00;-3.962296781017598524e-01;-1.293507625204095790e+00;7.125374991089249155e-02;-6.956948771970640211e-01;1.331339061988403127e+00;-1.222895019555563900e+00;-9.181269834165748378e-01;1.218369234180354539e+02
-2.699518968251641282e-01;-2.879060768679202464e-01;-8.800119816907638892e-01;2.691809202551598834e-01;1.035381539491753849e-01;1.594177956204012148e+00;1.431152117761741005e+00;2.450386643154059130e-01;-1.543450943185747049e+00;-2.600362501804447390e-01;-6.900211426139530602e+01
8.017851843284857782e-01;8.541996486128163868e-01;1.746077518294194997e+00;-1.347684799947482581e+00;-7.011414407803107096e-02;-1.614471331698671963e-01;1.226389943921919912e+00;-2.314522149876542534e-01;-1.006308005593086863e+00;2.076273980159082932e-01;-2.677117650463918253e+00
-8.815486887039078456e-02;1.330451671562316918e+00;-1.986527141977522337e+00;8.326657578803606796e-01;5.740812821065350846e-01;8.762059916716602448e-01;1.958131615301775597e+00;-1.488827960208830015e-01;1.777644818819429373e+00;4.898112547940131067e-01;2.063066244410165950e+02
-1.133421018292622984e+00;-5.878563049080002267e-01;5.342078623746746580e-01;-7.267419048820192851e-01;1.062853693033216418e+00;-8.953543736592000091e-01;2.337827745388299849e+00;2.306108487662144324e-01;3.499237152493925307e-01;-8.607568017018196738e-01;-1.483201689704584396e+02
-1.029655255692419447e+00;3.933783444697123155e-01;3.608606095656808899e-01;5.208656925615725575e-01;-1.129815030264563092e+00;2.597437207375224322e+00;-5.186250012643829344e-01;-1.805502908857390953e-01;-1.398082039918783215e+00;5.170003025139351394e-01;2.022544139875872915e+01
-6.070911539893323640e-03;3.885786045309641001e-01;2.673923140719029479e-01;3.216978061960136248e-01;-9.888965319114266517e-02;8.182935854756501204e-02;9.190764829877685616e-01;2.492999517432790579e+00;8.384907744516418848e-01;-2.902745441886513400e-01;3.191315971194102872e+02
-1.335826845150521747e+00;1.267706011421131373e-01;-1.482831379274029970e-01;1.017795969035960368e+00;4.664559729694124912e-01;3.086752940556163893e-01;-9.718954382343640563e-02;7.533311717782117389e-01;1.847660002942448809e+00;1.925896735112554714e-02;1.955838774767942141e+02
-1.601327955666403957e-01;-1.875172469645744577e+00;1.076007138598598312e+00;2.131164867194221962e-02;-7.519693317388190801e-01;2.131966282376891453e-01;-3.190539356666181603e-01;1.150260791474171651e-01;6.713400764504656726e-01;-7.960258568034890292e-01;2.828910355325960069e+01
-1.251922260473452564e+00;1.078426194472946520e+00;-3.413045146600592328e-01;-2.537097350663984896e-01;-1.310912007072159824e+00;-6.579581276655113165e-01;-1.742053941771830372e+00;-9.977577826593547750e-01;1.926345405721133996e+00;1.075103453808939014e+00;-3.826547147469331378e+01
-5.167091094298853493e-01;-3.912677149075407534e-01;-7.691452798066177321e-01;-9.340055020627143767e-01;-4.076605785659349057e-01;7.200135318362517189e-01;-8.238613106230866512e-01;-8.889248090597706708e-01;-2.195265824471398508e-01;-3.515133767588988767e-01;-2.010227598640362316e+02
1.920342096554723127e-02;2.495924760743833681e-01;-1.738397578521786224e+00;-3.584461893066749338e-01;1.811122888894298733e-01;6.673552844546781770e-01;1.001870413541088300e+00;-1.471716478484363655e-01;-1.517253860572105317e+00;1.605074070849366150e-04;-1.794436573116638272e+02
-3.198475232548439462e-01;9.873345165891018738e-01;2.023606219229639347e+00;6.799844559997768843e-03;2.089538721694773393e+00;-8.351429016300230268e-01;-1.607661027118058694e+00;-7.595102364252276361e-02;1.517579922487403699e-01;1.847405788957244555e-01;6.150343892757329911e+01
-1.087601484568575944e-01;5.193465142411722857e-01;9.767609854883171905e-02;-7.730097838554664813e-01;-4.012204718858362607e-01;6.901439917111125144e-01;2.240924818104167715e-01;1.532738913002577696e+00;4.017117220989414594e-01;1.259240078179485987e-02;1.791713623761812073e+02
-1.664855842815458897e-01;-3.144437902976293664e-01;2.508306273056563285e+00;1.806858884146511635e+00;-1.824977746961116809e+00;2.177320381042221253e+00;-7.387387253049275682e-01;1.325500219721256645e+00;-9.711898691379916571e-01;-6.270278518303945559e-01;2.508156383265919089e+02
5.063867472328946739e-01;-8.839229498283454056e-01;4.892340135500355403e-01;4.718699478766757993e-01;-1.314285097808120195e+00;-2.355918924932322245e+00;-3.046226483547355701e-01;1.430849370279944077e-01;6.706871707262328508e-01;5.721731310374634782e-01;-5.032805040144269215e-01
1.760628034624492466e+00;-7.564659674649147798e-03;2.397968337419887075e-01;1.103626910444786891e+00;-8.250118984061866056e-01;-3.919936247877150448e-01;1.871015372222726847e-01;9.435168181527082698e-01;-8.404347626697068474e-01;-5.383494575109768476e-01;1.083435510265821904e+02
-6.722188725524049779e-01;6.330665474972272388e-01;-7.028328129354410869e-01;-9.424384352475159710e-02;1.122141733919524320e+00;-5.630661997951019737e-01;4.746039230347610105e-01;-1.178996172956895627e+00;1.255677525741100808e+00;5.171788481318730785e-02;-8.145533510466276539e+01
3.926341156509680075e-01;4.360057752225797723e-01;-6.923507742337942084e-01;-6.590392748886449992e-01;5.022769916568044224e-02;-1.582223166746477672e+00;4.795075480016086078e-01;8.438395096417372621e-01;4.535855235092184357e-01;7.289411945704502571e-01;5.131112865603582662e+01
4.802292619057029199e-01;8.718445698740907579e-01;-3.220613964783319294e-01;4.710804040968863959e-01;2.991834608137983187e-01;-5.043652003806066153e-01;-2.507876072106319243e-01;4.929742521715869963e-02;7.158646295711471597e-01;-1.326817797198955040e-01;5.416402717217944485e+01
3.904648499288895791e-01;8.508979621679721994e-01;1.422748136099940108e+00;9.262154022415923782e-01;-5.827586576115820760e-01;2.653623493996284388e-01;-2.438817158276429087e+00;-1.373717883993966493e-01;-1.032217529324962330e-01;-1.342791621863041462e-01;8.059461394524315381e+01
6.913563810805253285e-01;3.218351900227704454e-01;-4.304147086872843753e-01;1.368189023748577871e+00;-2.741114753807214477e-01;7.495550374451283027e-01;-1.721047125629662888e+00;-7.813576956169462351e-01;-5.903616918053307128e-01;-9.824162404809370086e-01;-8.733575119496077832e+01
-1.606446320257572502e+00;-1.279175914807665349e-01;1.687141635072564760e+00;8.816397569494505149e-01;-1.422253709597674165e+00;-7.563507452843033496e-01;-6.465728842425265688e-01;-9.555404406004257556e-01;2.034636358672231027e-01;-1.081548003614394959e+00;-2.843804246313496265e+02
3.140422910102237175e+00;-3.583944830280236804e-01;-6.028074902798144508e-02;-1.010881496589601358e+00;-1.238161144335458763e+00;1.038727899914912101e+00;9.963884256430094455e-01;-1.894834367582211021e+00;-1.495853153173761774e-01;1.857590876649665601e+00;2.353141330074772952e+02
-1.484056664924335189e+00;5.086083732334419905e-01;-9.846547848472624320e-01;-7.925234471152126092e-01;-1.527167856589647599e+00;1.206608154863915150e+00;-1.055089368176695075e+00;-4.303093199546423886e-01;-2.084682105404079000e-01;1.262677362340681730e-01;-1.731457134833334237e+02
-7.020530938773523744e-01;9.707754934804038727e-02;5.113456642460889774e-03;-2.345871333751469168e-01;-1.463514948132118576e+00;-3.921081531321576330e-01;2.961202770645760540e-01;9.686449905328892163e-01;-3.276621465977682113e-01;2.610552721798893305e-01;-2.627067056384193222e+01
6.992124386719865692e-01;2.503171790905710736e+00;1.661406130783306401e-01;-1.149741455367892851e+00;-1.271993839824429318e-01;-2.796127199046767875e-01;4.728150699278325098e-01;-4.839843396005530929e-01;-1.607641310523196809e+00;-2.722454140991938942e+00;-3.802584053975879783e+02
-3.875808912555700481e-01;-2.194123209720703627e-01;6.727567871994218907e-01;-1.178572784770173687e+00;1.454538460887757623e+00;-8.505653895034338552e-01;1.434001003730460910e+00;2.349281250881155858e-01;-1.665384638240999582e+00;-8.866391692045980655e-01;-2.381766135085764233e+02
9.183166060023130184e-01;1.798941511534784543e-01;5.500520990245518771e-01;-9.683444548636352955e-01;9.407711879882159067e-01;-9.896281365703375466e-01;-9.824873935383096057e-01;1.392002286344599327e+00;-1.570500603623177005e+00;-2.246331499970246059e-01;8.584134036412066848e+00
6.816342236683889944e-01;-2.191978656279880866e+00;5.704860860796907573e-01;9.944145282075844694e-01;6.440752243194204640e-02;6.055136511241652197e-01;5.709456946038726777e-01;-1.422234501506873583e+00;1.410835625312485513e-02;-8.144028209931906126e-01;-7.360026925142722121e+01
8.712972974572441576e-01;5.866938014752747232e-01;5.139078496589150058e-01;1.795817819395979509e-01;1.938928999058284752e+00;1.263795795464118243e-01;-1.000331324605574723e+00;-4.749036566225244282e-01;-1.345979680246748522e+00;-6.777449705248514977e-01;-8.491655673363716517e+01
1.359291424336510179e+00;6.936979550131449068e-01;-2.391981889556140217e+00;3.469602968844811564e-01;5.638165593865041014e-01;1.605621182974192596e-01;4.422816383303098675e-01;7.244281762354122245e-01;-1.019968718767688687e+00;-8.652992751348512757e-01;-6.515162692742737249e+01
-1.156555217067336327e+00;6.972380463903129488e-01;1.072292884191527462e-01;-4.998710345050322301e-01;1.555116037635608239e-01;1.216447387277080017e+00;-1.262864753728177858e+00;-3.475249425188580155e-01;1.281238653522980275e+00;-1.229526251217386124e+00;-5.329915736934808734e+01
4.283166923752375066e-01;-5.193963718261266349e-01;4.581681147886986771e-01;-9.797212247168067822e-01;-1.656314103176322328e-01;-5.938114080687051377e-01;7.857702971914980183e-02;-3.409078773460798018e-01;7.715649621771673849e-02;-2.128734094414812095e+00;-2.283754042682053580e+02
-7.880476232330080322e-01;-3.751089949435644777e-01;1.157244547731025142e+00;-1.714956003882392721e-01;-1.377295489272099882e+00;1.433832838659844677e+00;-3.433351758524492148e-01;1.568518985472554084e+00;6.569290663420881415e-01;1.142207392885557837e+00;3.556152234216103807e+02
-2.138751675546388953e-01;-1.882024387728211401e-01;8.986691603391742111e-01;3.769657312392290377e-02;2.205835377373607797e-01;4.187599601274965555e-01;-1.270951721092282716e+00;-1.035868534057806101e-01;9.703162017882813739e-01;-3.785797432131541851e-01;9.599648019038545499e+01
-6.800247215784908095e-01;2.504928503458765388e-01;-1.191303497202648609e+00;6.565536086338297217e-01;-7.143514180263678126e-01;2.930724732986812464e-01;1.865774511144756564e+00;3.464482094969756898e-01;2.322536971610035528e-01;4.738329209117875251e-01;2.729717663161853736e+01
-2.248530557948519304e-01;1.784775039185094947e+00;6.002129657442777377e-01;9.579320552156840307e-01;-1.073328032222895523e+00;2.935657902327778235e+00;-4.288479256060733769e-01;1.345036461929300688e-02;-9.287920814524587287e-01;4.158368362860604961e-01;1.815312734523515701e+02
-1.701902230018335516e+00;-1.053835495364345620e+00;-1.998888906861249870e+00;3.402958634668099003e-02;1.674859672914064790e+00;-3.294893002179860586e-01;-2.748023047526880203e-01;4.278143951529032041e-01;-5.613379964422059443e-01;-2.201243473450918309e+00;-4.054341304061395590e+02
-7.670674554003005241e-01;-4.338734629791891062e-01;1.358594240816568821e-01;-5.250506853865217344e-02;-1.214806135888643279e+00;-4.479613384499750994e-01;-2.208280776228252140e+00;1.722155097808194757e+00;-6.038382974931866265e-01;-2.305863985236128455e-01;-7.606848225444025502e+00
1.342956331631226297e+00;3.777117601138336167e-01;1.696850908577512695e-01;2.003947848763514006e-01;-3.166034429030739616e-01;4.729535647132709908e-01;2.054809818638648533e+00;1.753375198724315576e+00;-2.307109724848230847e-01;1.149014696052399698e+00;4.079950603345029663e+02
5.107920885275947231e-01;-9.077561801469203884e-01;1.718393397935312206e-01;5.532512199847836598e-01;8.545252270666157113e-01;-6.578345538521370717e-01;-1.091933900395313017e+00;1.519283923641768785e+00;1.030580585624057299e+00;8.902475008365087206e-01;3.374458012253890615e+02
1.890729848594029594e+00;1.185944230568740376e-01;-1.519868037375509129e+00;-5.539352548233570511e-02;-1.718909956028881414e+00;-9.032036088954513708e-01;1.772972131473083968e-01;-1.754584350417628946e-01;7.070588584012034161e-01;-1.071133537414185356e-03;2.966827712959969432e+01
1.399097479263414323e+00;1.044526429818140700e+00;-4.050509529455527669e-01;-7.984727967996324560e-01;-4.971340238699362146e-01;-6.177962734810279466e-01;-7.274648064542794668e-01;1.459959143126399461e-01;6.208299452898662363e-01;1.217548021950715542e+00;1.985131771243538594e+02
2.583573660166567088e+00;8.739142892012170816e-02;5.838830222840011297e-01;1.284104695178897471e+00;3.323768335196096713e-01;-1.989946269821124769e+00;-3.764225545881952906e-01;-1.605403924858618894e-02;-1.330226255641338007e+00;3.160678697299512119e-01;4.394421993506171020e+01
2.013387247526623014e+00;4.599721429391164240e-01;1.200413907944425373e+00;-6.568942789713957398e-01;1.846803058649084117e-01;-3.653215513121086944e-01;-1.347126289529696486e+00;-6.777153697521061115e-01;1.365353310827374378e-01;-9.716140385106515343e-01;4.318968367193095048e+01
1.081580728364782029e+00;-6.794195609428906879e-01;-1.650354504154529334e+00;-9.820924068002155893e-01;-8.341940938737827382e-01;-2.528004589020490300e+00;-3.030860771120139630e-01;2.905803478745374036e-01;1.589446936104708108e+00;4.603278183814830671e-01;-5.889179850609284728e+00
9.166276887228413939e-01;-5.960984538853419945e-02;4.224960442683500100e-02;-4.041539057073226804e-01;1.676021458759929805e+00;-2.669396871396259585e-01;-2.995464612652982625e-02;1.946821962346114265e+00;2.845119825216448906e-01;3.316739616352777920e-01;3.187733522849458154e+02
-9.665390961814082638e-02;3.480952917873448293e-01;-1.606602735358005907e+00;5.053890117321367947e-01;5.996285769570661867e-02;-6.992440642290752573e-01;1.419844487373053132e+00;-3.912998898983776064e-01;1.612780232697039295e+00;2.705134754664001440e-01;1.844785825458270878e+01
2.928288435866834294e-01;-4.512188269438765498e-01;1.478121226099484264e+00;-1.482396786995768823e+00;-6.368823889389575443e-01;-1.569389595374683699e+00;2.071394367785685253e-01;-1.308005937269556829e-01;-1.880435544063081332e+00;-2.392731471518513842e-01;-2.701293480552043320e+02
5.262213001726111922e-02;2.930320285492510113e+00;9.041495948515819725e-01;1.569685680977757070e+00;-8.017891079510504060e-01;-9.795653146345509876e-01;3.621843221046940897e-01;1.845801320371931453e+00;1.601441649153744207e-01;-5.248925656364850090e-01;1.540880500351341311e+02
-3.542186159166406112e-01;-7.804046059286274817e-01;8.884469303585543765e-01;-8.860610634860940915e-02;-5.892635452305160920e-02;-1.572363920285521632e-01;4.857471474554596047e-01;1.175176191580966090e-01;8.381772195994376951e-01;2.106940182263185690e+00;2.607592905163382397e+02
1.262558727139326542e-01;7.839731429926151129e-01;-2.490281708376328673e+00;-6.664799269634811285e-01;-1.550376870931239992e+00;-1.377625656063560466e+00;-1.537067987068863495e+00;-2.890012186012172468e-01;-6.128579946744069362e-01;6.690447424705321389e-01;-2.584901673592182760e+02
2.493836837107552551e-01;-3.077782349530008288e-01;-4.464336145505282682e-01;1.940899928983075839e-01;2.790215257703392293e-01;-9.529553238695209760e-02;6.078965097165391906e-01;2.191503276639389652e-01;1.577453279763474381e+00;1.866091231563581088e-01;1.993001275135899846e+02
-1.350324459297675209e-02;7.819425354519182747e-01;1.329794365205075879e+00;-1.675580449624094470e+00;-7.634653033091116647e-01;-2.996934959328891868e-01;3.834550148542160142e-01;-6.541023359539401005e-02;-1.106732987729450945e+00;-9.910911353316136374e-01;-2.124350902648540682e+02
-8.984904867728449318e-01;-1.121828800412584259e+00;-5.793053085790431656e-01;-1.111123766415775593e+00;-2.705053040961746813e-01;1.342776964423003427e+00;1.770957553347745073e+00;-5.323366756343213269e-02;-2.707864969790630960e-01;1.431635986937969784e+00;9.441354851349338162e+01
1.240383434605421664e+00;1.457437949370436137e+00;-8.244595914915345269e-02;6.871403060029787069e-01;4.293507136612708108e-01;-3.264176261480950525e-01;1.160952690742561355e+00;6.862885417318136394e-01;-1.031997891365239006e+00;-1.452286458389196455e-01;7.156095414157802281e+01
7.911536503642258022e-01;-2.486166567721356468e+00;-1.705926647900688209e-01;4.074180346519753471e-01;1.283888783270268341e+00;-3.335901549469096228e+00;-1.026434110635885189e+00;1.120056637899782936e+00;4.567707777004593184e-01;-5.076919783833867550e-01;-6.060251354299052196e+01
1.294985584816955804e+00;3.231854824582058860e-01;-1.394495068859261666e+00;1.053891552295883161e+00;5.140625524247758316e-01;8.458028725629281874e-01;-4.611697320346189177e-01;1.283816859853561310e+00;5.442203523403470466e-01;7.565646749131400561e-01;3.774293305648355954e+02
3.776184064200929780e-01;1.303572026571099551e-01;-2.239322666564225184e+00;1.544333486971234626e+00;1.936553166314926855e-01;3.385944331158625142e-01;5.573977332636784188e-02;8.488824152666715750e-02;4.436757268881161842e-01;6.647630897243625991e-01;1.028029652260890714e+02
-9.057323008626189109e-01;-1.773032468206881429e+00;1.056056809066051816e+00;2.232389141291596657e-01;1.374438093170817332e+00;-5.956612940434921066e-01;-2.135674213978695501e+00;1.261921500713991673e+00;-6.537663386488198336e-01;3.137748533659993733e+00;2.785442281199258332e+02
-1.723749574536619644e-01;-3.302526371956056306e-02;-3.128364730515221792e-01;1.030919338366907079e+00;5.704873308635735052e-01;1.277856655030513933e+00;1.017232084717697854e-01;-5.036502603755963481e-01;7.147317275176997553e-01;1.498011770304427559e+00;2.441829534703037439e+02
-1.718930412953846965e+00;-1.029610971089400584e+00;6.882597107724135466e-01;5.477389787375606112e-01;-5.208929039037633046e-01;4.663736656596574603e-02;-8.343736122951215251e-01;2.269319438002478651e-01;1.046954534428209183e+00;-2.345790296191875846e-01;-1.542835575618408228e+01
-4.566976150232463505e-01;-6.610250546274941685e-01;-1.050186537361669448e+00;-9.722982447348347268e-01;-3.044656539243161930e+00;4.562494885285328095e-01;1.021635213827608135e+00;-5.149387064332724417e-01;3.389935138094196665e-01;1.436368034243753922e+00;-1.762603398770023233e+01
-3.440639567042265701e-01;-2.786110666901237855e-03;-1.348177045427490173e+00;1.568223647162434245e-02;-1.957338589133989837e+00;-9.799255747822445128e-01;-6.681430483277668309e-01;-5.330904020158331313e-01;-3.745341507502508716e-01;1.933794519241590626e-01;-2.551223659879340460e+02
-8.182206832334725233e-01;9.699596499271818939e-02;6.241198170521551347e-01;6.283455092642799000e-01;-1.214188612787732158e+00;-1.006017381499701990e+00;1.158110873500067806e+00;5.951570254369136226e-01;2.092387275685460235e+00;7.916626939629358706e-01;2.086327239716458735e+02
1.390972358001400622e+00;-4.525430196433647551e-02;-5.186667196212101372e-01;8.532015450515544330e-01;-1.042271588047248398e+00;-1.957852709685813375e-01;5.704211733607955637e-01;-1.233101305014855154e+00;-1.355970344859963816e+00;-3.314313712815028512e-01;-1.966945728830887674e+02
5.298041779152827813e-01;8.356921120651418233e-01;3.711458733713088320e-01;-6.039851867158205767e-01;-7.968952554704767932e-01;-2.471644500127289312e+00;5.770721271805400177e-01;-1.129706854657618109e+00;1.441568620657900368e+00;-2.030453860429926871e-01;-1.380010128853797653e+02
1.143361530205828203e+00;1.617044924521682470e+00;2.469060634166117263e-01;-1.125197827737723255e+00;-1.970308581351400967e+00;2.521948542342867250e-01;-2.202913353205718572e+00;-7.704247991378788685e-01;1.848586540603646688e-01;-2.205659402673139646e-01;-3.248170885192104151e+01
-1.104862793062520110e+00;-5.482687949250770743e-01;1.179725208360710154e+00;1.941076309533577016e-01;-5.131963645133960084e-01;1.217959152305558401e+00;-7.179188907476018455e-01;8.333339117803071350e-01;2.205414270138668642e-01;-2.305246251802508251e-01;1.187525740567506318e+02
9.192289345752034935e-01;1.132704105377644599e-01;6.785551052740329547e-02;8.527736751222194655e-01;1.080048065714648509e+00;1.873297776217545563e+00;-4.473218956587511896e-01;-1.438277978317366701e+00;-6.681440855389939593e-01;1.281016361735112907e+00;1.596484583507647130e+02
1.675701058009902988e-01;6.137708557899086426e-01;-1.807041394931816258e+00;-2.748453006697922363e-01;8.949105560268252324e-01;-5.395912207371316160e-01;-1.632014885026417339e+00;3.754558576272528092e-01;1.162259597505666875e+00;-9.049478329380662434e-01;-2.672811365288617225e+01
2.378751563488673837e-01;-7.648492283081030907e-01;5.849534930864442872e-01;5.670664883926549577e-02;-1.681376891715264055e+00;-1.109609367903030774e+00;-8.360787271456759581e-03;-1.795982734584023355e+00;-2.546079860138835693e-01;9.758368916238178148e-01;-1.814037186009770153e+02
-1.015821818978396962e+00;2.005691972309428528e-01;-8.275902206487196766e-01;8.614388304637475569e-02;6.931056072631440745e-01;4.288165003305729472e-01;1.764415552772251872e-01;1.148637349428715204e+00;6.167984984797165310e-02;-3.670278390833223159e-01;1.598565177186448238e+01
-2.085064309537503213e-01;-7.001175918154133315e-01;-6.651073710188052379e-01;-5.835605478960734782e-01;-5.139492719252362202e-02;5.962997854612124282e-01;6.277023945519214498e-01;-1.191719133617343163e+00;-5.317757009616372876e-01;-2.910214730852939691e-01;-2.186804811413231562e+02
1.849705750731562570e-01;5.764513451224226870e-01;-1.336568500314919916e+00;1.336657357758983089e+00;-7.708188027286894117e-01;1.707329809559222866e+00;-1.278352628802324364e+00;-1.508555968212856424e+00;4.527563520766945127e-01;-8.954279609250417327e-01;-9.105419173541162081e+01
4.888458898129878771e-01;-8.284032217482512062e-01;-7.808049515789934336e-01;-4.882737246966880051e-01;1.265522921418540392e+00;1.003313312814901437e+00;-1.920012702614198596e-01;-7.551243984485184191e-01;2.384597800331469397e+00;-6.002042245856281655e-01;1.810737812822203807e+02
4.456435044900992626e-01;-3.392047652098836297e-01;1.203460056900396813e+00;5.341359422659843759e-01;1.820580268264966106e+00;-8.781350730726438236e-01;9.265201843464446751e-01;2.919658624579071216e-01;6.212560942035293410e-01;9.526493436924410307e-01;2.364692002704152856e+02
1.638960527599833128e+00;1.209230647223938027e+00;1.652913051230421759e+00;2.077777585198444577e+00;2.209855665748464038e+00;-7.074395448121878482e-01;3.269945132700976531e-01;-2.428649567002584553e-02;9.080226625361912385e-01;-8.351245039722351438e-01;2.620038382438621625e+02
1.409826996120600029e-01;1.455211977682407953e-01;-3.876999164085611627e-01;-4.136156656296427481e-01;-1.141008509752738265e+00;6.954024745502986882e-01;-1.115088271429437033e-01;-6.141225650083161902e-01;1.588626928043595843e+00;-8.049664808525608395e-01;1.273861033611933813e+01
-4.894394425182221342e-01;2.526932425873621657e+00;5.906548306923092850e-01;1.108703580582907744e+00;1.846707325736033578e+00;6.818914896263114089e-01;5.839281853259639110e-01;-5.308687729203206418e-01;1.044160877069072013e+00;-3.592920907870595371e-01;1.244028908319864968e+02
-1.684197120288811467e-01;-4.836586374375684838e-01;-4.146305088140305739e-01;-7.243025342076667705e-01;3.596808476863210813e-01;1.374611267576554496e+00;1.187077678741755404e+00;-2.467244241144405381e-01;6.036457389607385871e-01;-9.647897376296855620e-01;-7.586044460989296745e+00
-7.554988831339491950e-01;-8.464978028689073009e-01;9.942988266876232606e-01;2.547311373802094714e-01;-6.608342358101457759e-01;1.446944146386979879e+00;-1.572989257072860969e+00;6.079475670057539194e-01;-1.019866545936779778e-01;-1.052547191870110366e+00;2.286399968624419543e+01
2.075260872625265485e+00;1.317394065634325706e+00;-3.203473081943201684e-01;4.241659464019164050e-01;1.979107834626477880e-01;1.735963803165249342e+00;-6.514180036144483488e-01;1.975996046923996496e-01;-6.891878180895678607e-01;-4.838858340543215619e-01;2.169452897679815067e+02
-9.983067752910549375e-01;5.377681903684837783e-01;4.679504221318517287e-01;-1.170280706396774839e+00;1.714693175903909406e-01;8.635282425215211610e-01;1.152648103261692425e+00;3.063894820734140434e-01;5.187930174517212389e-01;-1.217403793496951936e+00;-5.521513457329123753e+01
-1.161244452480358014e+00;-5.144167616565274992e-01;-3.614643291634618283e-01;-3.794792560117442037e-01;1.684170406340632420e+00;-2.608708012458901826e-01;-1.521442092065484974e+00;9.104921319436958260e-01;1.077359809862272977e+00;1.763404045918521845e+00;2.267502948040753949e+02
1.933359747714357146e+00;-8.258327732380476016e-01;-5.265551331367019916e-01;-1.322347434683295520e+00;1.030659808241559450e+00;-1.151508807664509970e-02;1.094798502227325221e+00;1.846395920599247953e+00;2.567507986617875715e-01;-8.059917310594154616e-01;2.514066351837606703e+02
-1.380571017446996285e+00;-1.131724188599659398e+00;-5.021078248296975133e-01;3.101758271828381486e-01;-4.653225183410773513e-01;2.455184433273603362e-01;-5.397267981517700486e-01;-8.450385117162756421e-01;-2.325992384354860776e-01;1.424048666281323150e-01;-2.080673576368396027e+02
3.871483160609065499e-01;1.444343411979945202e+00;-5.719285461984328078e-01;8.153241668090142058e-01;-7.449787674850553154e-01;8.264531108587623853e-01;-8.396083720406721795e-01;-1.672404525812352549e+00;5.599923396953996723e-04;-6.760707152936095143e-01;-1.560985642245136376e+02
-1.803750484092496276e+00;4.394860480085117094e-01;4.914455108944020267e-01;-2.290810309217096996e-01;-6.801734763479508894e-01;3.645614773554570198e-01;-1.284387036072514254e+00;-9.830984745437601480e-02;3.314708963308953260e-01;1.475879150503965453e+00;3.205132696792414038e+01
-1.160336856100151470e+00;3.467825545941961574e-01;-3.877168664915675578e-01;-3.250964714709254633e-01;-1.100016642074662654e+00;-4.269803715067623795e-01;-4.392177648218127395e-01;6.967578627143014014e-01;1.431749484241078951e+00;2.483765992587508187e+00;2.493216376120409450e+02
-3.917581490438218905e-01;-2.389320991696943230e-01;9.983108981479603683e-01;-4.316203127180484045e-01;-3.223204692113398884e-01;1.615375689469441767e+00;1.217158520825496471e+00;-3.668244118146875565e-01;-9.224101844985025389e-01;1.521316051922451340e+00;1.307276225671272130e+02
-5.129742439678117716e-01;-4.787180685054914743e-04;1.073366582444972295e+00;8.695725186534211115e-01;-5.621623419347272499e-01;7.224913423620271669e-02;-1.422058497167931090e+00;3.414389334021221412e-02;-4.435215998371150325e-01;2.150319429434560115e-01;1.064598353482803361e+01
-7.090536252736880096e-02;4.223247974498746671e-01;-1.482231423677308646e+00;1.151665583047475572e+00;-6.902762332372046616e-01;-1.744532888606054044e+00;-1.835403220164655846e-01;-1.128634514379207143e+00;-3.351669732263848345e-01;-1.149509314918426006e-01;-3.178567206587802616e+02
1.414789529346736352e-01;-1.135012098186068963e+00;-1.835570476870874712e+00;-1.792026543191408694e-01;-9.468000941813317084e-01;1.822463342993790869e+00;1.775037021127465531e+00;4.944975317803214088e-01;-1.257926276583297698e-01;3.178390487063993686e-02;8.782978398240713602e+01
6.253183340215030528e-01;2.338651010092469840e-01;-6.270928247722959981e-01;-4.091753519506904219e-02;-2.364855372791512256e+00;1.352362545926150572e+00;2.052073311421934942e+00;1.164990882563923025e+00;-1.692744383326247049e-01;-1.705959094890735273e+00;4.653530799061365997e+01
-1.320233207020642174e+00;-8.984146713483579516e-01;-1.145398452526178862e-01;1.237816311973461758e+00;-4.691756521047047990e-01;1.179440120721287011e+00;-1.713134529090877489e+00;4.919191715065057147e-01;1.831458765854353743e+00;1.353872374165412840e+00;3.194991880092238148e+02
-3.483083950440060139e-01;1.168768917011120179e+00;1.069331179648030927e-02;3.544065674743389072e-01;-1.017491062888078446e+00;-6.581088093827661689e-01;-1.135969276347483653e-01;5.523043648111129050e-02;1.923689270375111005e-01;-1.010996960076007145e+00;-1.478910282432213990e+02
-9.800096678333992950e-02;3.269108642391749253e-01;1.017531423930626344e+00;-4.629163794863271342e-01;2.514936699419917376e-01;1.671262460303634567e+00;6.550780176305258662e-01;-1.014078297218639485e-01;8.098619848708750180e-01;3.288915367270408563e-01;2.229298608731764944e+02
-2.269424661379243480e-01;1.052211155957058608e+00;-1.991839629973120307e-02;-2.478801190786630304e-01;-1.763236698903485111e+00;2.288790660880289263e+00;7.820273875741275971e-01;9.743411029730303374e-02;4.000000056135664117e-01;-9.116173021539025756e-01;6.474297114202605030e+01
4.607972436159674667e-01;7.663884765723993908e-01;-1.271548520892283873e+00;-1.153084331739782309e+00;-5.551092279283498243e-01;7.979752545819053244e-01;1.216968228290519691e-02;-4.138949422748569029e-01;-1.522334318281744148e+00;-9.287450139305272745e-02;-2.000854048656201201e+02
-5.240883979345924981e-01;-6.947131310890581890e-01;-3.278947165129178498e-01;1.551906838589791338e-01;1.121030667324471430e+00;-8.224199323822005692e-01;2.070649181970938462e-04;-4.092824381131039968e-01;1.523548720337219997e-01;-9.300321138614417102e-03;-1.152540258946302032e+02
6.908519272427114666e-02;-1.393817647874205479e+00;-3.874913149054340367e-01;7.125044420921606836e-01;4.484132494791095436e-01;-2.673170231678089204e-01;3.543093815188605999e-01;1.841193983281696200e-01;-2.810628316618083655e+00;9.035206838035015897e-01;-1.375608133852056767e+02
-3.771794976559117440e-02;2.876820436757221988e-01;2.296430555677967666e-01;-1.318276292029941787e+00;1.306617069295047617e+00;2.051509464085581325e+00;1.153169698454844738e+00;1.675129939690225944e+00;7.567270028534281989e-01;-3.066882155205000182e-01;3.423915545995415641e+02
7.547332980678091996e-01;6.813623265753053770e-01;-2.063403152479454494e+00;-3.173504922425348096e-01;-6.455720720353950171e-01;4.730382821602152066e-01;-1.661083415567172539e+00;-1.153692281339858461e+00;1.994239859867671105e-01;5.032520647495047905e-01;-7.309081529791474452e+01
-1.405676807704001829e+00;5.785114826653559028e-03;-4.884460913386509118e-01;-8.784004773393011556e-01;-1.403667306050527364e+00;5.624533757317885796e-02;-1.668629426500785717e+00;9.011042923108632252e-02;-1.536459703546121824e+00;-4.451405126313416893e-01;-3.298218535872956636e+02
1.291052232702433633e+00;1.430030388921369244e+00;-8.034094597924370529e-01;5.036366361778611411e-01;1.275771820758322406e+00;-1.132607290521253862e+00;-1.408903904425404807e+00;2.010476642816944326e-01;1.901765708701544266e+00;-1.047184355248228282e+00;1.180167304953938583e+02
2.095342302627943298e-01;1.075343401956897704e+00;-9.170602414512597778e-02;-8.877695115385406677e-01;1.035443416416944817e+00;2.338480257895983738e-01;-8.360621521000246581e-01;2.106684652031108052e-01;-1.091625172159102597e+00;1.424495821246947624e+00;8.021524071881030693e+01
-1.502424597643551740e+00;-1.050384107349806362e+00;1.405564032067496416e-01;3.429829673663183365e-01;-2.141829495233662367e-02;6.001164552445061862e-01;-5.341216416128956590e-01;-7.802607254787979896e-01;-6.274852556915117008e-02;1.126457757129158077e+00;-5.483433186959909023e+01
-2.267607966501447303e-01;-2.204482050880324007e+00;-6.973296584974587597e-01;-3.008352869550322550e-01;-2.812432394183439835e-02;-2.995266890799616277e+00;7.923950394157345256e-01;-1.079161816904492088e+00;6.726128910898424573e-01;9.945181160284769506e-01;-2.523448463458702804e+02
1.451143607795041701e+00;2.451017425894271365e-02;2.189802933217672276e+00;-8.082982853551514690e-01;-7.673475628880495059e-01;2.153182457511556347e+00;8.723206367206781664e-01;4.979982912454497535e-01;9.592708260852068625e-01;1.833420057383517432e-01;4.570420953609767594e+02
9.954151904494744629e-01;6.586319527905096782e-01;1.397844307031498312e+00;1.191173044940095682e+00;-4.628562857143797560e-01;-2.950561898056421328e-01;3.128222367668464510e-01;2.321945046423276038e-01;5.755619258303651398e-01;5.737671099019008292e-01;2.712395089276906219e+02
-1.122637671912975754e-01;8.016051597263709194e-01;-1.930086869323432319e+00;4.319965633696102869e-01;2.463013688775023802e+00;-1.936836600443805623e-01;-3.065930746783823713e-01;-7.453933320377297278e-01;2.956228687210129408e-02;5.868515387848679543e-01;-6.784429867990724006e+01
-1.493509778253143461e+00;3.583445110760032359e-01;-9.214510234289212676e-01;-5.653929702854014749e-01;-5.451862447263219336e-01;7.209969529056358128e-01;2.927270092473329921e+00;-1.196557928616686528e+00;-2.123947582700664860e+00;-9.943550656308733915e-01;-5.195352916070293077e+02
-1.599421482988339638e-01;-2.644803487686225862e-01;-3.704277144696703217e-01;-8.418843502853433636e-01;1.644092861938169572e-02;-1.301955328047617877e-01;-8.979308933800570491e-01;-5.438015954613664160e-01;-5.506808466567625349e-01;6.306798620978802949e-01;-1.113389837839585255e+02
1.441945005801889890e+00;6.783851391693768162e-02;-1.661034232590898746e-02;-1.058187574976978823e-01;-3.096497139880612370e-01;5.586393984449696676e-02;1.146027575013415012e+00;-2.019927332156136401e+00;-5.123742406766935709e-01;-2.837506441397378953e+00;-3.764560922571293986e+02
-1.665125296304044378e+00;1.869066503678260771e+00;-1.603216846614096136e+00;-1.814883829481406030e+00;-6.631645901261827847e-01;-1.504681414949822216e-01;2.078605010670806219e-01;-7.542981326071427350e-01;-2.001740167476261600e+00;1.325976720261010655e-01;-4.961950687899869195e+02
6.768376541110071587e-01;9.491660702381609083e-01;1.435065412002111573e+00;1.460818718289112805e+00;1.721958273056056407e-02;8.235461198419734563e-01;1.333638561859827432e+00;-1.211768207489364313e+00;-1.081109347824112943e+00;1.141454578321271063e+00;1.065373822036864198e+02
1.912688134356795633e+00;-3.217527039902083330e-01;5.711412420380737043e-01;-7.234866224197999962e-01;7.571768211020225570e-01;1.983704135478751240e+00;4.170953244232460388e-01;-3.248103584209461464e-02;-1.324845780932740080e+00;-9.846336870179553946e-01;1.018973765041594106e+02
-8.371063267469116553e-01;-5.351642671676377638e-01;1.357341495716283486e+00;-1.698932016675958889e-01;-7.728950014938254509e-02;8.483172197046054963e-01;-1.884768188944914158e-01;1.690452669585839507e+00;2.834766040189823366e-01;-1.428866150449662253e+00;9.303217137701486195e+01
